transaction_id,account_id,customer_id,transaction_timestamp,transaction_type,channel,direction,amount,currency,merchant_name,transaction_status,reference_number
TXN000000001,A00000256,C000375,2026-07-09 15:58:02,UPI,Mobile App,DEBIT,812.29,INR,Flipkart,SUCCESS,REF746839271
TXN000000002,A00000251,C000290,2026-08-12 04:27:20,ATM_WITHDRAWAL,Corporate Banking,DEBIT,8257.46,INR,,SUCCESS,REF683735661
TXN000000003,A00000211,C000347,2026-08-27 08:01:13,CASH_WITHDRAWAL,ATM,DEBIT,16361.78,INR,,FAILED,REF937742398
TXN000000004,A00000565,C000184,2026-08-27 09:44:26,ATM_WITHDRAWAL,Internet Banking,DEBIT,5262.01,INR,,SUCCESS,REF541129488
TXN000000005,A00000637,C000271,2026-07-09 18:58:07,CASH_WITHDRAWAL,Mobile App,DEBIT,4469.32,INR,,SUCCESS,REF326312174
TXN000000006,A00000126,C000053,2026-08-20 05:10:07,POS,Branch,DEBIT,7262.86,INR,BookMyShow,SUCCESS,REF587224288
TXN000000007,A00000117,C000079,2026-07-03 09:50:28,UPI,Internet Banking,CREDIT,5014.13,INR,Apollo Pharmacy,SUCCESS,REF190723988
TXN000000008,A00000062,C000019,2026-07-02 13:55:46,ATM_WITHDRAWAL,ATM,CREDIT,7986.76,INR,,SUCCESS,REF320901039
TXN000000009,A00000389,C000189,2026-08-04 01:54:09,IMPS,Corporate Banking,DEBIT,6616.26,INR,,SUCCESS,REF919261049
TXN000000010,A00000357,C000406,2026-08-18 12:14:28,UPI,Internet Banking,DEBIT,9105.04,INR,Amazon,SUCCESS,REF990389081
TXN000000011,A00000637,C000271,2026-08-20 02:04:46,CASH_DEPOSIT,Branch,CREDIT,8664.14,INR,,FAILED,REF827964236
TXN000000012,A00000295,C000123,2026-08-19 18:53:34,CASH_WITHDRAWAL,Internet Banking,DEBIT,14524.79,INR,,FAILED,REF601794417
TXN000000013,A00000244,C000466,2026-07-18 09:59:25,IMPS,Branch,DEBIT,9081.74,INR,,SUCCESS,REF417639590
TXN000000014,A00000346,C000364,2026-07-18 13:10:08,CASH_DEPOSIT,Internet Banking,DEBIT,434.13,INR,,SUCCESS,REF970009511
TXN000000015,A00000623,C000342,2026-08-06 11:41:12,UPI,Internet Banking,DEBIT,1286.85,INR,BookMyShow,SUCCESS,REF572348993
TXN000000016,A00000010,C000366,2026-08-10 20:15:55,CASH_WITHDRAWAL,Mobile App,CREDIT,7495.11,INR,,SUCCESS,REF185412831
TXN000000017,A00000284,C000005,2026-07-29 06:32:47,POS,Internet Banking,DEBIT,9535.27,INR,DMart,SUCCESS,REF236604097
TXN000000018,A00000233,C000059,2026-08-09 23:53:00,IMPS,Branch,DEBIT,1511.67,INR,,SUCCESS,REF141340970
TXN000000019,A00000189,C000308,2026-08-15 08:17:58,CASH_WITHDRAWAL,Branch,DEBIT,1318.13,INR,,FAILED,REF117306759
TXN000000020,A00000362,C000163,2026-07-23 03:58:28,UPI,Branch,CREDIT,6025.76,INR,Zomato,SUCCESS,REF354453959
TXN000000021,A00000209,C000103,2026-08-23 15:08:41,POS,Branch,CREDIT,5725.14,INR,Apollo Pharmacy,SUCCESS,REF450620232
TXN000000022,A00000622,C000420,2026-07-27 23:44:16,POS,Internet Banking,CREDIT,3383.11,INR,Apollo Pharmacy,SUCCESS,REF272134580
TXN000000023,A00000378,C000338,2026-07-10 21:31:33,UPI,Branch,DEBIT,2944.18,INR,BigBasket,SUCCESS,REF648463178
TXN000000024,A00000521,C000470,2026-07-25 21:12:53,POS,Branch,DEBIT,9402.4,INR,Uber,SUCCESS,REF797086164
TXN000000025,A00000081,C000045,2026-07-15 20:35:08,NEFT,UPI,CREDIT,9588.32,INR,,SUCCESS,REF230183002
TXN000000026,A00000541,C000045,2026-08-12 19:05:40,UPI,UPI,CREDIT,6090.67,INR,Airtel,SUCCESS,REF997657767
TXN000000027,A00000590,C000359,2026-08-21 13:10:43,ATM_WITHDRAWAL,Mobile App,CREDIT,6909.35,INR,,SUCCESS,REF223927974
TXN000000028,A00000247,C000048,2026-07-24 02:54:05,CASH_WITHDRAWAL,Internet Banking,DEBIT,17664.42,INR,,FAILED,REF801507664
TXN000000029,A00000496,C000286,2026-08-06 04:33:40,RTGS,UPI,DEBIT,238482.6,INR,,SUCCESS,REF537675889
TXN000000030,A00000599,C000338,2026-08-20 10:26:42,IMPS,Internet Banking,DEBIT,6075.18,INR,,SUCCESS,REF538626530
TXN000000031,A00000432,C000302,2026-08-10 07:12:45,IMPS,Mobile App,CREDIT,5781.32,INR,,SUCCESS,REF229696032
TXN000000032,A00000429,C000162,2026-07-31 03:40:37,ATM_WITHDRAWAL,Mobile App,DEBIT,14371.95,INR,,SUCCESS,REF125696210
TXN000000033,A00000171,C000204,2026-08-25 19:16:17,NEFT,ATM,CREDIT,1367.16,INR,,SUCCESS,REF531985132
TXN000000034,A00000571,C000019,2026-08-27 12:15:24,RTGS,UPI,DEBIT,103563.34,INR,,REVERSED,REF148573610
TXN000000035,A00000076,C000215,2026-08-28 14:53:12,POS,Corporate Banking,CREDIT,9501.69,INR,Ola,SUCCESS,REF612288719
TXN000000036,A00000138,C000060,2026-08-07 18:32:44,IMPS,Branch,DEBIT,7250.89,INR,,SUCCESS,REF737322987
TXN000000037,A00000608,C000128,2026-07-30 13:48:45,POS,Internet Banking,CREDIT,6755.38,INR,Myntra,SUCCESS,REF731447036
TXN000000038,A00000287,C000203,2026-08-01 12:25:10,NEFT,Branch,CREDIT,2361.02,INR,,SUCCESS,REF512389604
TXN000000039,A00000327,C000388,2026-07-03 07:40:14,IMPS,ATM,DEBIT,9537.46,INR,,SUCCESS,REF760863928
TXN000000040,A00000322,C000231,2026-07-11 04:18:58,NEFT,Internet Banking,DEBIT,3506.09,INR,,SUCCESS,REF340124494
TXN000000041,A00000174,C000210,2026-08-08 03:51:49,ATM_WITHDRAWAL,Mobile App,DEBIT,5558.87,INR,,SUCCESS,REF322096099
TXN000000042,A00000566,C000169,2026-08-27 01:26:49,IMPS,UPI,DEBIT,322.13,INR,,SUCCESS,REF993894892
TXN000000043,A00000027,C000337,2026-08-30 20:47:43,POS,ATM,CREDIT,2071.25,INR,Croma,SUCCESS,REF587317059
TXN000000044,A00000303,C000076,2026-08-28 04:22:00,NEFT,ATM,CREDIT,7176.7,INR,,SUCCESS,REF193269322
TXN000000045,A00000141,C000074,2026-07-23 02:52:43,ATM_WITHDRAWAL,Corporate Banking,DEBIT,2771.02,INR,,SUCCESS,REF451237825
TXN000000046,A00000161,C000244,2026-08-10 18:40:19,POS,Corporate Banking,DEBIT,2797.27,INR,Airtel,SUCCESS,REF141185351
TXN000000047,A00000444,C000154,2026-08-20 18:58:47,NEFT,Internet Banking,DEBIT,9327.06,INR,,SUCCESS,REF809883387
TXN000000048,A00000642,C000358,2026-08-10 00:17:24,UPI,Mobile App,DEBIT,9494.37,INR,Uber,SUCCESS,REF336448207
TXN000000049,A00000201,C000300,2026-07-12 18:05:06,ATM_WITHDRAWAL,Internet Banking,DEBIT,9947.89,INR,,SUCCESS,REF195253470
TXN000000050,A00000529,C000042,2026-08-05 22:15:13,RTGS,Mobile App,DEBIT,80267.57,INR,,SUCCESS,REF838714681
TXN000000051,A00000270,C000074,2026-07-16 23:13:06,CASH_DEPOSIT,Internet Banking,CREDIT,6328.71,INR,,SUCCESS,REF293342602
TXN000000052,A00000308,C000115,2026-08-01 22:56:18,RTGS,ATM,DEBIT,350589.11,INR,,SUCCESS,REF417201826
TXN000000053,A00000099,C000249,2026-08-18 10:27:33,RTGS,ATM,CREDIT,446402.84,INR,,SUCCESS,REF811266117
TXN000000054,A00000436,C000409,2026-08-31 11:36:39,NEFT,Corporate Banking,DEBIT,1803.13,INR,,SUCCESS,REF527445138
TXN000000055,A00000132,C000342,2026-08-08 15:00:02,CASH_WITHDRAWAL,Corporate Banking,DEBIT,17348.18,INR,,SUCCESS,REF387681056
TXN000000056,A00000520,C000482,2026-07-04 20:28:16,RTGS,Internet Banking,DEBIT,402272.55,INR,,SUCCESS,REF541553871
TXN000000057,A00000401,C000296,2026-07-04 09:46:08,CASH_WITHDRAWAL,ATM,DEBIT,5583.64,INR,,SUCCESS,REF978884082
TXN000000058,A00000047,C000099,2026-08-26 06:03:48,ATM_WITHDRAWAL,UPI,DEBIT,4815.55,INR,,SUCCESS,REF218450490
TXN000000059,A00000629,C000475,2026-08-04 00:43:30,POS,Corporate Banking,DEBIT,1335.69,INR,Uber,SUCCESS,REF856698632
TXN000000060,A00000342,C000485,2026-08-05 02:18:38,POS,Corporate Banking,DEBIT,7680.08,INR,Croma,SUCCESS,REF674959397
TXN000000061,A00000204,C000003,2026-07-26 08:20:59,IMPS,Internet Banking,DEBIT,8389.58,INR,,FAILED,REF455947683
TXN000000062,A00000424,C000311,2026-07-01 01:18:48,RTGS,Branch,DEBIT,161916.69,INR,,SUCCESS,REF949698571
TXN000000063,A00000497,C000498,2026-07-20 00:52:57,UPI,Mobile App,DEBIT,1611.61,INR,Flipkart,SUCCESS,REF232760474
TXN000000064,A00000387,C000162,2026-08-17 09:49:49,CASH_DEPOSIT,Branch,DEBIT,1355.37,INR,,SUCCESS,REF875362788
TXN000000065,A00000426,C000131,2026-08-23 19:43:21,UPI,UPI,DEBIT,196.68,INR,Zomato,SUCCESS,REF951069250
TXN000000066,A00000401,C000296,2026-08-20 11:47:11,RTGS,ATM,DEBIT,436686.38,INR,,SUCCESS,REF592746176
TXN000000067,A00000208,C000377,2026-08-11 20:58:43,NEFT,ATM,CREDIT,2679.49,INR,,SUCCESS,REF199924985
TXN000000068,A00000228,C000225,2026-07-31 10:21:19,CASH_DEPOSIT,Corporate Banking,DEBIT,5631.91,INR,,SUCCESS,REF633687151
TXN000000069,A00000404,C000146,2026-08-15 03:56:35,POS,ATM,DEBIT,7638.87,INR,Amazon,SUCCESS,REF349232173
TXN000000070,A00000458,C000157,2026-07-07 23:24:15,POS,Internet Banking,DEBIT,4794.22,INR,IRCTC,SUCCESS,REF189801911
TXN000000071,A00000098,C000011,2026-08-30 17:50:00,IMPS,UPI,DEBIT,2116.43,INR,,SUCCESS,REF532927410
TXN000000072,A00000632,C000054,2026-08-18 08:27:45,CASH_WITHDRAWAL,Branch,CREDIT,16873.18,INR,,SUCCESS,REF434422214
TXN000000073,A00000346,C000364,2026-08-14 20:34:56,IMPS,UPI,CREDIT,413.27,INR,,SUCCESS,REF387918390
TXN000000074,A00000215,C000182,2026-08-11 08:34:58,CASH_WITHDRAWAL,Internet Banking,CREDIT,6603.82,INR,,SUCCESS,REF652366203
TXN000000075,A00000569,C000141,2026-07-28 02:49:18,NEFT,ATM,DEBIT,9216.24,INR,,SUCCESS,REF274046155
TXN000000076,A00000533,C000075,2026-07-29 04:08:18,NEFT,Branch,CREDIT,1703.66,INR,,SUCCESS,REF772339453
TXN000000077,A00000538,C000359,2026-07-27 14:32:30,CASH_WITHDRAWAL,Branch,DEBIT,17547.19,INR,,SUCCESS,REF415920240
TXN000000078,A00000278,C000129,2026-07-24 20:31:39,POS,Corporate Banking,DEBIT,6170.25,INR,IRCTC,SUCCESS,REF835538791
TXN000000079,A00000210,C000416,2026-07-17 17:11:20,POS,ATM,DEBIT,5217.83,INR,Airtel,FAILED,REF873233971
TXN000000080,A00000139,C000284,2026-08-23 17:15:11,IMPS,Branch,DEBIT,5267.57,INR,,SUCCESS,REF261436089
TXN000000081,A00000482,C000074,2026-07-01 11:21:13,NEFT,Corporate Banking,DEBIT,9933.44,INR,,SUCCESS,REF200768359
TXN000000082,A00000551,C000293,2026-07-30 21:38:36,CASH_WITHDRAWAL,Mobile App,DEBIT,1691.6,INR,,SUCCESS,REF700389279
TXN000000083,A00000232,C000156,2026-08-29 07:00:49,POS,Internet Banking,DEBIT,6306.78,INR,Ola,SUCCESS,REF428296909
TXN000000084,A00000377,C000266,2026-08-05 19:41:52,CASH_DEPOSIT,Corporate Banking,DEBIT,9346.36,INR,,SUCCESS,REF263661669
TXN000000085,A00000106,C000459,2026-07-07 04:36:47,RTGS,UPI,CREDIT,168321.93,INR,,SUCCESS,REF928905792
TXN000000086,A00000607,C000074,2026-08-09 17:14:10,ATM_WITHDRAWAL,Mobile App,DEBIT,14876.68,INR,,SUCCESS,REF348926679
TXN000000087,A00000222,C000086,2026-08-09 05:20:00,NEFT,Mobile App,DEBIT,9298.99,INR,,SUCCESS,REF100265072
TXN000000088,A00000332,C000486,2026-07-04 04:59:13,NEFT,UPI,CREDIT,8964.74,INR,,SUCCESS,REF606472290
TXN000000089,A00000335,C000088,2026-08-05 14:19:03,ATM_WITHDRAWAL,ATM,CREDIT,2787.28,INR,,SUCCESS,REF481169366
TXN000000090,A00000320,C000157,2026-08-26 22:02:28,POS,Mobile App,DEBIT,5330.32,INR,DMart,SUCCESS,REF569486359
TXN000000091,A00000574,C000015,2026-08-13 04:22:40,CASH_WITHDRAWAL,UPI,CREDIT,15884.82,INR,,SUCCESS,REF291139369
TXN000000092,A00000026,C000431,2026-08-19 12:35:49,POS,Corporate Banking,CREDIT,8560.95,INR,BigBasket,SUCCESS,REF305067526
TXN000000093,A00000392,C000338,2026-08-17 00:23:18,POS,Mobile App,CREDIT,1831.11,INR,Jio,SUCCESS,REF106028563
TXN000000094,A00000601,C000136,2026-08-28 09:14:20,ATM_WITHDRAWAL,UPI,DEBIT,18265.29,INR,,SUCCESS,REF136000620
TXN000000095,A00000282,C000285,2026-08-15 09:12:46,CASH_WITHDRAWAL,Internet Banking,DEBIT,19916.89,INR,,FAILED,REF984039248
TXN000000096,A00000032,C000160,2026-08-01 06:19:36,CASH_WITHDRAWAL,ATM,DEBIT,12828.68,INR,,SUCCESS,REF130963459
TXN000000097,A00000628,C000143,2026-07-12 04:47:35,IMPS,Branch,CREDIT,7071.11,INR,,SUCCESS,REF228233515
TXN000000098,A00000058,C000332,2026-07-07 19:48:34,CASH_WITHDRAWAL,Internet Banking,DEBIT,1715.35,INR,,SUCCESS,REF891834809
TXN000000099,A00000018,C000343,2026-08-24 11:31:21,POS,Corporate Banking,DEBIT,8380.87,INR,Jio,SUCCESS,REF813496434
TXN000000100,A00000413,C000061,2026-08-12 02:14:18,CASH_DEPOSIT,Branch,DEBIT,8385.28,INR,,SUCCESS,REF638509113
TXN000000101,A00000152,C000316,2026-07-18 22:09:21,ATM_WITHDRAWAL,Mobile App,CREDIT,9146.28,INR,,SUCCESS,REF901900912
TXN000000102,A00000004,C000012,2026-07-22 16:58:32,ATM_WITHDRAWAL,UPI,DEBIT,7338.35,INR,,SUCCESS,REF597148239
TXN000000103,A00000091,C000035,2026-07-12 03:08:46,NEFT,Mobile App,DEBIT,9184.21,INR,,SUCCESS,REF121590125
TXN000000104,A00000174,C000210,2026-07-24 16:45:38,UPI,Branch,DEBIT,2214.38,INR,Apollo Pharmacy,SUCCESS,REF789683047
TXN000000105,A00000196,C000383,2026-07-25 10:27:07,IMPS,Mobile App,DEBIT,3139.35,INR,,SUCCESS,REF438809548
TXN000000106,A00000424,C000311,2026-07-13 06:26:54,RTGS,Internet Banking,DEBIT,172759.74,INR,,SUCCESS,REF384053184
TXN000000107,A00000095,C000485,2026-08-19 23:22:05,CASH_WITHDRAWAL,UPI,CREDIT,7590.46,INR,,SUCCESS,REF837703441
TXN000000108,A00000175,C000127,2026-08-07 14:02:31,UPI,Mobile App,DEBIT,9499.17,INR,Ola,SUCCESS,REF970706181
TXN000000109,A00000296,C000321,2026-08-05 09:47:31,RTGS,Branch,DEBIT,485820.7,INR,,SUCCESS,REF602176380
TXN000000110,A00000268,C000165,2026-08-03 23:58:08,UPI,Corporate Banking,DEBIT,9223.1,INR,MakeMyTrip,SUCCESS,REF730093997
TXN000000111,A00000331,C000473,2026-08-12 21:25:21,POS,Branch,DEBIT,5659.51,INR,Zomato,SUCCESS,REF108480736
TXN000000112,A00000163,C000452,2026-07-22 23:35:19,CASH_DEPOSIT,Branch,DEBIT,4781.18,INR,,FAILED,REF428860953
TXN000000113,A00000167,C000015,2026-07-29 22:27:00,CASH_WITHDRAWAL,ATM,CREDIT,15164.88,INR,,SUCCESS,REF608494141
TXN000000114,A00000250,C000230,2026-07-31 14:36:19,ATM_WITHDRAWAL,Internet Banking,DEBIT,12218.37,INR,,FAILED,REF351580981
TXN000000115,A00000520,C000482,2026-08-19 09:48:25,NEFT,UPI,CREDIT,4238.81,INR,,SUCCESS,REF276121538
TXN000000116,A00000525,C000394,2026-08-26 21:43:50,IMPS,Corporate Banking,DEBIT,9227.42,INR,,FAILED,REF709872762
TXN000000117,A00000143,C000143,2026-08-20 01:57:31,IMPS,Branch,DEBIT,6650.89,INR,,SUCCESS,REF251892535
TXN000000118,A00000355,C000008,2026-08-12 05:22:11,CASH_WITHDRAWAL,Mobile App,DEBIT,9481.46,INR,,SUCCESS,REF186302290
TXN000000119,A00000190,C000121,2026-08-16 08:54:37,RTGS,Mobile App,DEBIT,246447.0,INR,,SUCCESS,REF271079075
TXN000000120,A00000353,C000086,2026-08-13 14:20:48,NEFT,Corporate Banking,DEBIT,4734.47,INR,,FAILED,REF817728605
TXN000000121,A00000386,C000478,2026-07-07 14:06:40,CASH_WITHDRAWAL,Mobile App,DEBIT,15379.6,INR,,SUCCESS,REF243372740
TXN000000122,A00000410,C000357,2026-08-22 15:27:32,POS,UPI,CREDIT,8985.31,INR,Decathlon,SUCCESS,REF624318145
TXN000000123,A00000601,C000136,2026-08-08 06:29:11,UPI,Mobile App,DEBIT,2255.86,INR,Jio,SUCCESS,REF983945228
TXN000000124,A00000002,C000347,2026-08-11 08:22:36,CASH_DEPOSIT,Mobile App,CREDIT,9150.13,INR,,SUCCESS,REF326809000
TXN000000125,A00000310,C000285,2026-07-25 23:48:46,CASH_DEPOSIT,Mobile App,CREDIT,973.86,INR,,SUCCESS,REF434032573
TXN000000126,A00000397,C000070,2026-07-27 06:32:09,CASH_WITHDRAWAL,Mobile App,CREDIT,19191.0,INR,,SUCCESS,REF995750327
TXN000000127,A00000109,C000012,2026-08-16 03:41:31,CASH_WITHDRAWAL,Corporate Banking,CREDIT,7252.59,INR,,SUCCESS,REF113125946
TXN000000128,A00000165,C000383,2026-08-02 13:58:50,POS,Corporate Banking,CREDIT,1330.96,INR,Amazon,SUCCESS,REF819616320
TXN000000129,A00000412,C000431,2026-07-20 15:28:23,CASH_DEPOSIT,Internet Banking,DEBIT,7725.03,INR,,SUCCESS,REF961590184
TXN000000130,A00000462,C000170,2026-08-15 12:11:57,POS,UPI,DEBIT,7820.99,INR,Zomato,SUCCESS,REF555336460
TXN000000131,A00000545,C000136,2026-07-06 05:28:31,CASH_DEPOSIT,Branch,DEBIT,8709.63,INR,,FAILED,REF859741828
TXN000000132,A00000605,C000021,2026-08-16 16:33:56,ATM_WITHDRAWAL,ATM,DEBIT,16350.28,INR,,SUCCESS,REF142782651
TXN000000133,A00000125,C000007,2026-08-08 13:26:44,CASH_WITHDRAWAL,Internet Banking,CREDIT,1476.43,INR,,SUCCESS,REF417982686
TXN000000134,A00000025,C000280,2026-07-02 16:15:59,ATM_WITHDRAWAL,Internet Banking,DEBIT,7459.26,INR,,SUCCESS,REF739712731
TXN000000135,A00000115,C000213,2026-08-04 14:25:32,POS,Mobile App,DEBIT,7332.45,INR,Swiggy,SUCCESS,REF235350127
TXN000000136,A00000149,C000236,2026-07-30 22:28:23,CASH_WITHDRAWAL,Mobile App,CREDIT,5856.58,INR,,SUCCESS,REF450671708
TXN000000137,A00000382,C000103,2026-08-16 23:13:19,UPI,Branch,CREDIT,1510.17,INR,Croma,REVERSED,REF184573132
TXN000000138,A00000346,C000364,2026-08-30 09:21:06,ATM_WITHDRAWAL,Corporate Banking,DEBIT,936.48,INR,,SUCCESS,REF565397586
TXN000000139,A00000120,C000352,2026-08-09 18:42:56,RTGS,UPI,DEBIT,497713.28,INR,,SUCCESS,REF152432124
TXN000000140,A00000384,C000033,2026-07-18 06:45:41,CASH_WITHDRAWAL,Internet Banking,DEBIT,18741.83,INR,,SUCCESS,REF294626885
TXN000000141,A00000292,C000453,2026-08-20 15:05:06,ATM_WITHDRAWAL,Corporate Banking,DEBIT,4539.16,INR,,SUCCESS,REF596542483
TXN000000142,A00000614,C000279,2026-07-15 00:39:28,POS,Corporate Banking,DEBIT,1016.62,INR,Reliance Digital,SUCCESS,REF409056512
TXN000000143,A00000624,C000238,2026-07-22 19:42:49,CASH_WITHDRAWAL,ATM,CREDIT,12878.07,INR,,FAILED,REF113493954
TXN000000144,A00000352,C000008,2026-08-22 16:10:46,POS,Mobile App,CREDIT,3230.45,INR,MakeMyTrip,SUCCESS,REF849176905
TXN000000145,A00000175,C000127,2026-07-03 20:48:03,CASH_DEPOSIT,Branch,CREDIT,2594.14,INR,,SUCCESS,REF470762184
TXN000000146,A00000086,C000047,2026-07-20 10:37:29,RTGS,Internet Banking,CREDIT,288316.29,INR,,SUCCESS,REF131744717
TXN000000147,A00000160,C000320,2026-08-06 15:42:41,IMPS,ATM,DEBIT,6261.44,INR,,SUCCESS,REF404822078
TXN000000148,A00000570,C000146,2026-08-04 04:47:41,CASH_WITHDRAWAL,ATM,DEBIT,7818.04,INR,,SUCCESS,REF334403617
TXN000000149,A00000217,C000231,2026-07-12 05:47:35,NEFT,Corporate Banking,CREDIT,5728.91,INR,,SUCCESS,REF477983555
TXN000000150,A00000223,C000125,2026-07-18 11:37:44,CASH_DEPOSIT,Internet Banking,DEBIT,9009.57,INR,,SUCCESS,REF837492998
TXN000000151,A00000649,C000060,2026-08-04 14:16:42,POS,Mobile App,CREDIT,5047.93,INR,MakeMyTrip,SUCCESS,REF407394485
TXN000000152,A00000461,C000187,2026-07-12 14:33:55,IMPS,Internet Banking,DEBIT,9242.91,INR,,SUCCESS,REF458688662
TXN000000153,A00000476,C000485,2026-07-07 13:57:26,IMPS,UPI,CREDIT,6849.35,INR,,FAILED,REF540549617
TXN000000154,A00000194,C000203,2026-07-09 22:11:55,UPI,UPI,DEBIT,6207.82,INR,Ola,FAILED,REF448987901
TXN000000155,A00000625,C000298,2026-08-13 03:18:43,RTGS,Internet Banking,DEBIT,331472.81,INR,,SUCCESS,REF948127045
TXN000000156,A00000399,C000414,2026-07-24 08:42:47,RTGS,Mobile App,CREDIT,122620.67,INR,,FAILED,REF314517837
TXN000000157,A00000331,C000473,2026-08-27 01:07:28,IMPS,Mobile App,CREDIT,2965.17,INR,,SUCCESS,REF834086245
TXN000000158,A00000618,C000437,2026-07-30 18:12:44,CASH_WITHDRAWAL,Corporate Banking,DEBIT,16036.69,INR,,SUCCESS,REF999661919
TXN000000159,A00000340,C000359,2026-08-16 02:32:34,IMPS,Branch,DEBIT,2486.39,INR,,SUCCESS,REF536311454
TXN000000160,A00000533,C000075,2026-07-27 09:28:02,CASH_WITHDRAWAL,Corporate Banking,DEBIT,1872.13,INR,,SUCCESS,REF751736500
TXN000000161,A00000547,C000124,2026-08-22 02:10:36,UPI,Internet Banking,CREDIT,4413.29,INR,Flipkart,SUCCESS,REF869469831
TXN000000162,A00000524,C000329,2026-07-10 09:33:26,CASH_WITHDRAWAL,UPI,DEBIT,2919.11,INR,,SUCCESS,REF493488269
TXN000000163,A00000423,C000338,2026-07-16 17:34:14,POS,Mobile App,DEBIT,1462.4,INR,Zomato,SUCCESS,REF844871951
TXN000000164,A00000076,C000215,2026-07-16 09:27:58,CASH_WITHDRAWAL,Internet Banking,DEBIT,10085.75,INR,,SUCCESS,REF455044770
TXN000000165,A00000462,C000170,2026-08-18 05:05:52,ATM_WITHDRAWAL,Mobile App,DEBIT,12091.35,INR,,SUCCESS,REF498198359
TXN000000166,A00000578,C000327,2026-07-20 05:45:49,POS,UPI,DEBIT,7152.34,INR,MakeMyTrip,SUCCESS,REF822927518
TXN000000167,A00000302,C000160,2026-08-14 04:40:49,IMPS,Mobile App,DEBIT,7450.15,INR,,SUCCESS,REF376279955
TXN000000168,A00000234,C000394,2026-08-07 11:01:49,UPI,Mobile App,DEBIT,8516.65,INR,DMart,SUCCESS,REF646096027
TXN000000169,A00000530,C000095,2026-08-27 06:12:15,CASH_DEPOSIT,Internet Banking,DEBIT,4795.89,INR,,SUCCESS,REF638046968
TXN000000170,A00000322,C000231,2026-08-29 17:40:02,POS,Corporate Banking,DEBIT,3810.89,INR,Croma,SUCCESS,REF619689345
TXN000000171,A00000389,C000189,2026-07-05 12:27:54,UPI,Mobile App,DEBIT,6704.01,INR,BigBasket,SUCCESS,REF398839041
TXN000000172,A00000624,C000238,2026-07-23 18:09:37,NEFT,ATM,DEBIT,6517.47,INR,,SUCCESS,REF979283404
TXN000000173,A00000537,C000296,2026-07-03 14:30:31,RTGS,Corporate Banking,DEBIT,213602.15,INR,,FAILED,REF644834323
TXN000000174,A00000069,C000455,2026-08-17 19:34:41,ATM_WITHDRAWAL,Branch,DEBIT,10927.7,INR,,SUCCESS,REF661511992
TXN000000175,A00000254,C000218,2026-08-14 23:41:42,RTGS,Mobile App,DEBIT,382746.1,INR,,SUCCESS,REF589697192
TXN000000176,A00000182,C000406,2026-07-18 20:05:48,UPI,Internet Banking,DEBIT,9794.81,INR,BigBasket,SUCCESS,REF168363995
TXN000000177,A00000136,C000428,2026-08-07 21:09:48,ATM_WITHDRAWAL,ATM,CREDIT,4937.93,INR,,SUCCESS,REF939035379
TXN000000178,A00000053,C000330,2026-07-05 07:09:05,POS,ATM,DEBIT,7910.66,INR,BookMyShow,SUCCESS,REF311952606
TXN000000179,A00000103,C000095,2026-07-01 21:10:46,RTGS,ATM,DEBIT,184982.43,INR,,SUCCESS,REF575283027
TXN000000180,A00000200,C000064,2026-07-27 21:53:40,CASH_WITHDRAWAL,Internet Banking,CREDIT,5409.08,INR,,SUCCESS,REF452873867
TXN000000181,A00000520,C000482,2026-07-20 09:37:09,CASH_WITHDRAWAL,UPI,DEBIT,19053.0,INR,,SUCCESS,REF827827896
TXN000000182,A00000575,C000418,2026-08-18 06:37:58,ATM_WITHDRAWAL,ATM,DEBIT,2673.67,INR,,SUCCESS,REF647122926
TXN000000183,A00000482,C000074,2026-07-28 11:05:29,CASH_WITHDRAWAL,Branch,CREDIT,1778.41,INR,,SUCCESS,REF837616532
TXN000000184,A00000552,C000372,2026-07-07 08:26:22,IMPS,Mobile App,DEBIT,1976.28,INR,,SUCCESS,REF443614412
TXN000000185,A00000544,C000402,2026-08-09 07:39:23,CASH_WITHDRAWAL,UPI,DEBIT,6351.2,INR,,SUCCESS,REF306055421
TXN000000186,A00000406,C000424,2026-08-09 05:43:15,IMPS,Internet Banking,CREDIT,8530.95,INR,,SUCCESS,REF946912399
TXN000000187,A00000427,C000218,2026-08-29 11:03:15,ATM_WITHDRAWAL,Internet Banking,DEBIT,5625.68,INR,,SUCCESS,REF880298529
TXN000000188,A00000363,C000176,2026-07-28 20:30:31,POS,ATM,CREDIT,4524.59,INR,Amazon,SUCCESS,REF533878789
TXN000000189,A00000057,C000324,2026-08-21 05:05:40,CASH_DEPOSIT,ATM,DEBIT,3568.44,INR,,SUCCESS,REF856278148
TXN000000190,A00000208,C000377,2026-08-23 13:35:52,RTGS,Branch,DEBIT,165168.2,INR,,SUCCESS,REF510605678
TXN000000191,A00000334,C000146,2026-07-29 09:58:28,RTGS,Branch,DEBIT,327900.13,INR,,SUCCESS,REF449484749
TXN000000192,A00000492,C000094,2026-08-19 14:12:06,CASH_WITHDRAWAL,Corporate Banking,CREDIT,18960.81,INR,,SUCCESS,REF751444364
TXN000000193,A00000601,C000136,2026-07-04 23:17:17,CASH_DEPOSIT,Internet Banking,DEBIT,640.2,INR,,SUCCESS,REF570432459
TXN000000194,A00000292,C000453,2026-08-26 02:41:37,NEFT,Internet Banking,CREDIT,4744.82,INR,,SUCCESS,REF261511790
TXN000000195,A00000604,C000320,2026-07-29 08:55:42,ATM_WITHDRAWAL,Internet Banking,DEBIT,11455.81,INR,,SUCCESS,REF977579923
TXN000000196,A00000299,C000451,2026-08-19 02:28:33,UPI,Corporate Banking,DEBIT,1447.65,INR,Jio,FAILED,REF578717454
TXN000000197,A00000220,C000203,2026-07-15 16:46:38,IMPS,Internet Banking,DEBIT,3246.61,INR,,SUCCESS,REF855979006
TXN000000198,A00000266,C000388,2026-07-09 04:20:22,ATM_WITHDRAWAL,Corporate Banking,CREDIT,18687.28,INR,,SUCCESS,REF965505500
TXN000000199,A00000499,C000298,2026-07-04 18:39:03,UPI,Internet Banking,DEBIT,8325.16,INR,Ola,REVERSED,REF641393037
TXN000000200,A00000335,C000088,2026-07-05 02:45:02,CASH_WITHDRAWAL,UPI,DEBIT,7008.18,INR,,FAILED,REF938150211
TXN000000201,A00000116,C000284,2026-08-24 03:11:38,IMPS,UPI,CREDIT,7995.98,INR,,SUCCESS,REF304963844
TXN000000202,A00000075,C000023,2026-07-30 16:25:51,CASH_DEPOSIT,Corporate Banking,DEBIT,8186.67,INR,,SUCCESS,REF178410847
TXN000000203,A00000187,C000061,2026-08-19 15:44:35,POS,Branch,CREDIT,4567.77,INR,Apollo Pharmacy,SUCCESS,REF989297289
TXN000000204,A00000400,C000480,2026-07-21 15:33:07,UPI,Mobile App,DEBIT,134.95,INR,Reliance Digital,SUCCESS,REF924396251
TXN000000205,A00000335,C000088,2026-08-22 20:54:52,CASH_WITHDRAWAL,Internet Banking,DEBIT,4406.47,INR,,SUCCESS,REF259218523
TXN000000206,A00000212,C000149,2026-08-08 01:26:11,ATM_WITHDRAWAL,Mobile App,DEBIT,1011.38,INR,,FAILED,REF451608619
TXN000000207,A00000323,C000227,2026-07-11 15:26:51,RTGS,Internet Banking,DEBIT,140765.64,INR,,FAILED,REF333255174
TXN000000208,A00000364,C000094,2026-08-27 16:00:24,UPI,Branch,CREDIT,1416.26,INR,Amazon,SUCCESS,REF898802042
TXN000000209,A00000214,C000263,2026-07-29 14:32:01,CASH_DEPOSIT,Mobile App,DEBIT,539.68,INR,,SUCCESS,REF733740880
TXN000000210,A00000128,C000420,2026-08-02 21:03:19,NEFT,Corporate Banking,DEBIT,9693.98,INR,,SUCCESS,REF325097061
TXN000000211,A00000124,C000410,2026-07-21 15:06:51,CASH_WITHDRAWAL,Mobile App,DEBIT,7488.61,INR,,REVERSED,REF958769279
TXN000000212,A00000520,C000482,2026-08-02 04:04:39,POS,ATM,DEBIT,4805.89,INR,Amazon,SUCCESS,REF550986548
TXN000000213,A00000410,C000357,2026-08-30 11:17:09,NEFT,Branch,CREDIT,3579.08,INR,,FAILED,REF800081643
TXN000000214,A00000308,C000115,2026-08-11 14:11:16,RTGS,ATM,DEBIT,88003.16,INR,,FAILED,REF394974196
TXN000000215,A00000332,C000486,2026-07-16 06:27:26,UPI,UPI,DEBIT,1450.32,INR,IRCTC,SUCCESS,REF250560468
TXN000000216,A00000482,C000074,2026-08-21 07:38:22,UPI,Corporate Banking,DEBIT,658.76,INR,Jio,SUCCESS,REF983958713
TXN000000217,A00000162,C000277,2026-08-29 18:52:53,CASH_DEPOSIT,Mobile App,DEBIT,1765.58,INR,,SUCCESS,REF217458307
TXN000000218,A00000167,C000015,2026-07-20 14:41:47,UPI,Corporate Banking,DEBIT,5000.68,INR,DMart,SUCCESS,REF130578211
TXN000000219,A00000027,C000337,2026-07-31 01:14:45,POS,Corporate Banking,DEBIT,333.54,INR,Ola,SUCCESS,REF504840151
TXN000000220,A00000613,C000046,2026-07-01 12:41:40,IMPS,Mobile App,DEBIT,1623.82,INR,,SUCCESS,REF171216706
TXN000000221,A00000116,C000284,2026-08-27 19:32:29,CASH_WITHDRAWAL,ATM,DEBIT,8594.0,INR,,SUCCESS,REF969113606
TXN000000222,A00000001,C000098,2026-07-17 04:40:03,ATM_WITHDRAWAL,Internet Banking,DEBIT,18041.21,INR,,FAILED,REF817723341
TXN000000223,A00000099,C000249,2026-08-06 07:08:47,CASH_WITHDRAWAL,Mobile App,DEBIT,16706.24,INR,,SUCCESS,REF964842647
TXN000000224,A00000147,C000406,2026-08-15 14:42:11,RTGS,Internet Banking,DEBIT,384433.36,INR,,SUCCESS,REF369155621
TXN000000225,A00000190,C000121,2026-08-12 21:30:35,ATM_WITHDRAWAL,UPI,DEBIT,19492.16,INR,,SUCCESS,REF241419420
TXN000000226,A00000336,C000245,2026-07-10 21:05:38,CASH_DEPOSIT,Corporate Banking,DEBIT,3778.97,INR,,SUCCESS,REF958747991
TXN000000227,A00000395,C000109,2026-07-12 00:31:17,UPI,Mobile App,DEBIT,7952.24,INR,Reliance Digital,SUCCESS,REF446316507
TXN000000228,A00000012,C000441,2026-08-10 21:00:54,CASH_WITHDRAWAL,ATM,CREDIT,7206.08,INR,,REVERSED,REF586612913
TXN000000229,A00000637,C000271,2026-07-18 23:51:52,ATM_WITHDRAWAL,UPI,DEBIT,2797.47,INR,,SUCCESS,REF300058933
TXN000000230,A00000262,C000244,2026-08-01 19:59:05,POS,ATM,DEBIT,8079.54,INR,Airtel,SUCCESS,REF382247375
TXN000000231,A00000065,C000206,2026-07-02 19:46:53,POS,Mobile App,DEBIT,4293.82,INR,Reliance Digital,FAILED,REF991289421
TXN000000232,A00000114,C000172,2026-07-19 04:35:54,NEFT,Internet Banking,DEBIT,5527.12,INR,,SUCCESS,REF694099781
TXN000000233,A00000085,C000386,2026-08-30 18:36:05,IMPS,Mobile App,DEBIT,4005.7,INR,,SUCCESS,REF338217239
TXN000000234,A00000018,C000343,2026-08-08 05:31:32,RTGS,UPI,DEBIT,209271.42,INR,,SUCCESS,REF489399078
TXN000000235,A00000553,C000327,2026-07-11 13:38:02,RTGS,Mobile App,DEBIT,498728.68,INR,,SUCCESS,REF781726567
TXN000000236,A00000650,C000122,2026-07-10 19:41:26,RTGS,UPI,CREDIT,387996.88,INR,,SUCCESS,REF398952685
TXN000000237,A00000051,C000031,2026-08-27 18:59:46,CASH_DEPOSIT,ATM,CREDIT,3000.14,INR,,SUCCESS,REF246157602
TXN000000238,A00000308,C000115,2026-08-15 20:14:04,UPI,Corporate Banking,DEBIT,794.96,INR,BigBasket,FAILED,REF758329654
TXN000000239,A00000609,C000348,2026-07-27 05:06:29,NEFT,Mobile App,CREDIT,639.26,INR,,SUCCESS,REF920975401
TXN000000240,A00000249,C000431,2026-08-11 15:15:20,CASH_DEPOSIT,ATM,DEBIT,7873.81,INR,,SUCCESS,REF476247014
TXN000000241,A00000073,C000338,2026-08-27 14:36:57,RTGS,Branch,DEBIT,174298.04,INR,,SUCCESS,REF252909891
TXN000000242,A00000283,C000228,2026-07-08 18:57:18,POS,Internet Banking,DEBIT,157.15,INR,MakeMyTrip,SUCCESS,REF570590964
TXN000000243,A00000306,C000355,2026-08-09 16:32:34,NEFT,Mobile App,DEBIT,5435.53,INR,,SUCCESS,REF909870047
TXN000000244,A00000350,C000340,2026-08-23 09:18:02,ATM_WITHDRAWAL,Branch,CREDIT,1298.95,INR,,SUCCESS,REF280878259
TXN000000245,A00000499,C000298,2026-08-16 21:57:57,ATM_WITHDRAWAL,UPI,DEBIT,2509.48,INR,,SUCCESS,REF813942334
TXN000000246,A00000507,C000218,2026-08-10 03:49:47,CASH_DEPOSIT,Internet Banking,DEBIT,4245.66,INR,,FAILED,REF787479760
TXN000000247,A00000521,C000470,2026-08-23 09:08:51,POS,Internet Banking,DEBIT,4225.47,INR,Amazon,SUCCESS,REF965426771
TXN000000248,A00000498,C000361,2026-07-28 09:40:32,RTGS,Branch,CREDIT,149624.66,INR,,SUCCESS,REF999164317
TXN000000249,A00000580,C000338,2026-08-25 13:55:46,CASH_DEPOSIT,Branch,DEBIT,6085.95,INR,,SUCCESS,REF952121478
TXN000000250,A00000101,C000076,2026-08-18 08:41:15,NEFT,Internet Banking,CREDIT,1218.86,INR,,SUCCESS,REF871256936
TXN000000251,A00000041,C000027,2026-07-29 16:46:30,POS,UPI,DEBIT,6488.53,INR,Uber,SUCCESS,REF774436940
TXN000000252,A00000443,C000254,2026-07-12 00:52:44,UPI,Corporate Banking,DEBIT,2199.59,INR,Zomato,SUCCESS,REF542536154
TXN000000253,A00000030,C000189,2026-08-22 12:31:35,CASH_WITHDRAWAL,Internet Banking,DEBIT,5443.53,INR,,SUCCESS,REF941501994
TXN000000254,A00000049,C000339,2026-08-10 09:34:54,POS,Mobile App,DEBIT,4609.14,INR,Decathlon,SUCCESS,REF687634973
TXN000000255,A00000330,C000386,2026-08-19 06:15:51,CASH_DEPOSIT,ATM,DEBIT,7545.53,INR,,SUCCESS,REF761857388
TXN000000256,A00000552,C000372,2026-08-28 03:17:33,RTGS,Corporate Banking,CREDIT,187625.82,INR,,SUCCESS,REF633856589
TXN000000257,A00000191,C000241,2026-08-24 17:40:27,CASH_DEPOSIT,Internet Banking,DEBIT,2061.38,INR,,SUCCESS,REF488118171
TXN000000258,A00000164,C000138,2026-07-08 06:54:36,IMPS,UPI,DEBIT,3261.46,INR,,FAILED,REF851864410
TXN000000259,A00000574,C000015,2026-07-26 22:31:04,ATM_WITHDRAWAL,Corporate Banking,DEBIT,10995.96,INR,,SUCCESS,REF197218961
TXN000000260,A00000613,C000046,2026-07-10 12:23:05,CASH_DEPOSIT,UPI,DEBIT,8529.48,INR,,SUCCESS,REF513648472
TXN000000261,A00000107,C000461,2026-07-21 08:11:08,ATM_WITHDRAWAL,ATM,DEBIT,19429.53,INR,,SUCCESS,REF266442667
TXN000000262,A00000281,C000169,2026-08-23 07:58:21,UPI,Mobile App,DEBIT,4970.2,INR,BookMyShow,SUCCESS,REF331893977
TXN000000263,A00000149,C000236,2026-08-31 00:45:22,UPI,UPI,CREDIT,3003.09,INR,BookMyShow,SUCCESS,REF691874571
TXN000000264,A00000582,C000440,2026-08-07 14:32:58,RTGS,Corporate Banking,CREDIT,431557.15,INR,,SUCCESS,REF858862663
TXN000000265,A00000373,C000197,2026-08-29 08:32:43,ATM_WITHDRAWAL,Internet Banking,DEBIT,7608.03,INR,,SUCCESS,REF844316831
TXN000000266,A00000138,C000060,2026-08-14 08:59:21,POS,UPI,DEBIT,8606.45,INR,Zomato,REVERSED,REF942048319
TXN000000267,A00000520,C000482,2026-08-22 21:59:39,CASH_WITHDRAWAL,Mobile App,DEBIT,2543.75,INR,,SUCCESS,REF792526922
TXN000000268,A00000568,C000388,2026-07-04 16:45:24,RTGS,UPI,CREDIT,308416.62,INR,,SUCCESS,REF568349279
TXN000000269,A00000067,C000357,2026-07-29 20:21:08,IMPS,Corporate Banking,DEBIT,270.05,INR,,SUCCESS,REF611773745
TXN000000270,A00000152,C000316,2026-07-05 10:03:07,NEFT,UPI,DEBIT,6835.97,INR,,FAILED,REF881426891
TXN000000271,A00000029,C000138,2026-07-09 14:25:36,CASH_WITHDRAWAL,Mobile App,CREDIT,15405.12,INR,,SUCCESS,REF848619208
TXN000000272,A00000312,C000126,2026-08-21 18:29:38,POS,ATM,DEBIT,2364.02,INR,Decathlon,REVERSED,REF730149505
TXN000000273,A00000323,C000227,2026-07-04 13:02:49,UPI,UPI,DEBIT,9710.34,INR,Swiggy,SUCCESS,REF668838330
TXN000000274,A00000424,C000311,2026-07-16 21:54:03,IMPS,Mobile App,DEBIT,7338.94,INR,,SUCCESS,REF631475412
TXN000000275,A00000123,C000392,2026-08-30 14:41:34,POS,UPI,CREDIT,936.6,INR,Ola,SUCCESS,REF609391242
TXN000000276,A00000142,C000034,2026-07-20 12:55:51,POS,Mobile App,CREDIT,1870.75,INR,DMart,SUCCESS,REF298176644
TXN000000277,A00000267,C000480,2026-07-23 23:33:53,CASH_DEPOSIT,Corporate Banking,DEBIT,2046.04,INR,,SUCCESS,REF907255627
TXN000000278,A00000097,C000012,2026-08-05 02:09:12,ATM_WITHDRAWAL,Corporate Banking,DEBIT,12320.11,INR,,SUCCESS,REF101856387
TXN000000279,A00000542,C000413,2026-07-25 11:09:02,UPI,Branch,DEBIT,96.38,INR,Swiggy,FAILED,REF302381105
TXN000000280,A00000636,C000045,2026-07-23 03:31:49,CASH_WITHDRAWAL,Corporate Banking,DEBIT,4758.29,INR,,SUCCESS,REF716311712
TXN000000281,A00000182,C000406,2026-07-12 18:28:16,CASH_WITHDRAWAL,Mobile App,CREDIT,17653.6,INR,,SUCCESS,REF141633567
TXN000000282,A00000551,C000293,2026-07-20 10:36:38,NEFT,Branch,DEBIT,8081.69,INR,,SUCCESS,REF733621841
TXN000000283,A00000531,C000244,2026-08-01 07:01:57,IMPS,UPI,DEBIT,9007.29,INR,,REVERSED,REF462276937
TXN000000284,A00000466,C000500,2026-08-30 04:14:14,CASH_DEPOSIT,Corporate Banking,DEBIT,7851.42,INR,,SUCCESS,REF492660421
TXN000000285,A00000145,C000322,2026-08-20 14:43:10,RTGS,Branch,DEBIT,270845.67,INR,,SUCCESS,REF615850694
TXN000000286,A00000606,C000339,2026-07-06 23:50:26,NEFT,Internet Banking,CREDIT,8485.35,INR,,SUCCESS,REF790629137
TXN000000287,A00000206,C000131,2026-07-13 10:39:58,ATM_WITHDRAWAL,Corporate Banking,CREDIT,9234.14,INR,,SUCCESS,REF504872553
TXN000000288,A00000085,C000386,2026-08-05 17:37:32,CASH_WITHDRAWAL,UPI,CREDIT,2534.21,INR,,SUCCESS,REF944347580
TXN000000289,A00000295,C000123,2026-07-03 06:50:51,UPI,Branch,DEBIT,5299.12,INR,Decathlon,SUCCESS,REF436783022
TXN000000290,A00000050,C000395,2026-07-20 14:00:49,UPI,Mobile App,DEBIT,519.72,INR,Decathlon,SUCCESS,REF986260331
TXN000000291,A00000445,C000264,2026-08-13 01:37:41,IMPS,Mobile App,DEBIT,5112.02,INR,,SUCCESS,REF299399647
TXN000000292,A00000227,C000481,2026-07-14 18:01:56,POS,Mobile App,DEBIT,775.99,INR,Flipkart,FAILED,REF321222848
TXN000000293,A00000120,C000352,2026-08-22 12:02:32,ATM_WITHDRAWAL,Mobile App,CREDIT,5187.55,INR,,SUCCESS,REF499199790
TXN000000294,A00000412,C000431,2026-08-08 08:57:46,UPI,UPI,DEBIT,1601.49,INR,Ola,SUCCESS,REF862541837
TXN000000295,A00000642,C000358,2026-08-17 09:55:32,ATM_WITHDRAWAL,ATM,DEBIT,17634.28,INR,,SUCCESS,REF544142409
TXN000000296,A00000387,C000162,2026-08-19 17:46:31,ATM_WITHDRAWAL,Internet Banking,DEBIT,4195.18,INR,,SUCCESS,REF524631045
TXN000000297,A00000043,C000148,2026-07-05 23:12:51,CASH_WITHDRAWAL,Branch,DEBIT,13945.24,INR,,SUCCESS,REF949533843
TXN000000298,A00000501,C000486,2026-07-21 06:05:37,NEFT,Corporate Banking,DEBIT,1874.42,INR,,FAILED,REF867750501
TXN000000299,A00000408,C000373,2026-08-06 09:31:15,ATM_WITHDRAWAL,Branch,DEBIT,6051.74,INR,,SUCCESS,REF317031248
TXN000000300,A00000089,C000485,2026-07-03 17:04:27,CASH_WITHDRAWAL,ATM,DEBIT,10605.4,INR,,SUCCESS,REF140835744
TXN000000301,A00000398,C000034,2026-08-14 02:27:14,IMPS,Mobile App,CREDIT,881.9,INR,,SUCCESS,REF570415484
TXN000000302,A00000147,C000406,2026-08-29 18:20:10,CASH_WITHDRAWAL,Mobile App,DEBIT,1300.51,INR,,SUCCESS,REF146984680
TXN000000303,A00000583,C000469,2026-07-22 09:07:53,UPI,Mobile App,DEBIT,9488.46,INR,BookMyShow,SUCCESS,REF791634879
TXN000000304,A00000058,C000332,2026-08-30 10:37:27,CASH_DEPOSIT,UPI,DEBIT,3831.34,INR,,SUCCESS,REF773465510
TXN000000305,A00000200,C000064,2026-07-29 00:55:17,POS,ATM,DEBIT,6597.22,INR,Reliance Digital,SUCCESS,REF409029918
TXN000000306,A00000571,C000019,2026-08-31 11:33:42,IMPS,Branch,DEBIT,1476.47,INR,,SUCCESS,REF540152727
TXN000000307,A00000531,C000244,2026-07-11 11:42:40,UPI,Internet Banking,DEBIT,6204.93,INR,IRCTC,FAILED,REF834779362
TXN000000308,A00000240,C000386,2026-08-06 02:07:36,UPI,ATM,DEBIT,3843.07,INR,Reliance Digital,SUCCESS,REF137790581
TXN000000309,A00000578,C000327,2026-08-22 17:20:46,NEFT,UPI,CREDIT,246.94,INR,,SUCCESS,REF761477677
TXN000000310,A00000397,C000070,2026-08-01 22:18:15,CASH_WITHDRAWAL,Internet Banking,DEBIT,5134.55,INR,,REVERSED,REF783648813
TXN000000311,A00000466,C000500,2026-08-04 13:06:43,CASH_WITHDRAWAL,Mobile App,DEBIT,3486.19,INR,,SUCCESS,REF884882225
TXN000000312,A00000179,C000209,2026-08-26 05:50:13,CASH_DEPOSIT,Internet Banking,DEBIT,9991.45,INR,,SUCCESS,REF421969712
TXN000000313,A00000148,C000280,2026-08-15 19:42:55,UPI,Mobile App,CREDIT,4626.32,INR,IRCTC,SUCCESS,REF478967915
TXN000000314,A00000214,C000263,2026-07-27 16:46:09,CASH_DEPOSIT,Corporate Banking,CREDIT,4240.35,INR,,SUCCESS,REF517087338
TXN000000315,A00000475,C000422,2026-08-12 14:31:22,POS,Mobile App,DEBIT,3411.12,INR,Reliance Digital,SUCCESS,REF305047185
TXN000000316,A00000583,C000469,2026-08-20 22:31:57,RTGS,Internet Banking,CREDIT,378188.06,INR,,SUCCESS,REF920313601
TXN000000317,A00000419,C000276,2026-07-14 14:18:08,POS,Mobile App,CREDIT,6457.8,INR,Zomato,SUCCESS,REF585674703
TXN000000318,A00000308,C000115,2026-07-14 12:17:40,CASH_DEPOSIT,UPI,DEBIT,556.31,INR,,SUCCESS,REF655662313
TXN000000319,A00000443,C000254,2026-07-02 07:31:00,IMPS,ATM,DEBIT,9434.83,INR,,SUCCESS,REF900981010
TXN000000320,A00000577,C000299,2026-08-06 07:12:07,IMPS,Mobile App,CREDIT,6430.32,INR,,SUCCESS,REF363816732
TXN000000321,A00000134,C000292,2026-08-09 19:19:05,CASH_WITHDRAWAL,Corporate Banking,DEBIT,18693.89,INR,,SUCCESS,REF944994295
TXN000000322,A00000067,C000357,2026-08-28 01:55:14,NEFT,Internet Banking,DEBIT,263.59,INR,,SUCCESS,REF482999793
TXN000000323,A00000208,C000377,2026-07-20 02:24:13,IMPS,Internet Banking,DEBIT,9581.67,INR,,SUCCESS,REF989331508
TXN000000324,A00000458,C000157,2026-07-20 03:41:43,CASH_WITHDRAWAL,UPI,DEBIT,3916.75,INR,,FAILED,REF263226903
TXN000000325,A00000168,C000464,2026-08-28 22:30:40,CASH_DEPOSIT,ATM,DEBIT,1228.48,INR,,SUCCESS,REF775042686
TXN000000326,A00000481,C000057,2026-07-08 05:20:21,ATM_WITHDRAWAL,ATM,DEBIT,18121.21,INR,,SUCCESS,REF245598039
TXN000000327,A00000391,C000228,2026-07-02 21:20:31,CASH_WITHDRAWAL,Corporate Banking,DEBIT,3823.93,INR,,FAILED,REF728022146
TXN000000328,A00000586,C000221,2026-07-02 17:54:16,IMPS,Corporate Banking,DEBIT,4500.97,INR,,SUCCESS,REF191279339
TXN000000329,A00000379,C000417,2026-08-09 10:55:35,NEFT,Corporate Banking,CREDIT,1813.49,INR,,FAILED,REF219155077
TXN000000330,A00000202,C000347,2026-08-20 03:01:28,POS,Internet Banking,CREDIT,2958.88,INR,Amazon,SUCCESS,REF733854211
TXN000000331,A00000428,C000366,2026-07-17 06:59:28,IMPS,UPI,DEBIT,3683.9,INR,,REVERSED,REF125173168
TXN000000332,A00000502,C000057,2026-07-04 23:38:38,POS,Mobile App,DEBIT,9062.88,INR,DMart,SUCCESS,REF564876172
TXN000000333,A00000346,C000364,2026-08-18 23:54:34,UPI,ATM,DEBIT,2764.72,INR,Airtel,SUCCESS,REF240284211
TXN000000334,A00000640,C000115,2026-07-02 11:01:16,UPI,ATM,DEBIT,7359.68,INR,MakeMyTrip,SUCCESS,REF138636619
TXN000000335,A00000277,C000001,2026-08-21 18:39:45,CASH_DEPOSIT,ATM,CREDIT,3389.57,INR,,SUCCESS,REF242099130
TXN000000336,A00000355,C000008,2026-07-18 03:01:59,ATM_WITHDRAWAL,ATM,DEBIT,10032.19,INR,,SUCCESS,REF442109092
TXN000000337,A00000522,C000231,2026-07-09 03:53:51,NEFT,Mobile App,DEBIT,278.92,INR,,SUCCESS,REF169749378
TXN000000338,A00000158,C000174,2026-07-01 00:29:22,RTGS,Corporate Banking,DEBIT,438660.68,INR,,SUCCESS,REF762993351
TXN000000339,A00000073,C000338,2026-08-31 16:46:33,IMPS,Corporate Banking,DEBIT,5848.41,INR,,SUCCESS,REF213637038
TXN000000340,A00000628,C000143,2026-07-09 07:15:51,NEFT,Corporate Banking,DEBIT,608.86,INR,,SUCCESS,REF871219787
TXN000000341,A00000094,C000241,2026-08-13 08:29:09,UPI,Mobile App,DEBIT,4358.05,INR,Swiggy,SUCCESS,REF771573690
TXN000000342,A00000543,C000059,2026-08-01 22:02:38,RTGS,Corporate Banking,DEBIT,138784.89,INR,,SUCCESS,REF885511657
TXN000000343,A00000607,C000074,2026-08-02 00:13:47,UPI,Branch,DEBIT,4453.04,INR,BigBasket,SUCCESS,REF681966388
TXN000000344,A00000590,C000359,2026-07-05 06:51:07,RTGS,Mobile App,DEBIT,366290.64,INR,,SUCCESS,REF344507704
TXN000000345,A00000167,C000015,2026-08-07 10:48:11,CASH_DEPOSIT,UPI,CREDIT,6371.2,INR,,SUCCESS,REF406449156
TXN000000346,A00000224,C000434,2026-07-23 08:45:58,CASH_DEPOSIT,UPI,DEBIT,2546.95,INR,,SUCCESS,REF833935852
TXN000000347,A00000258,C000190,2026-07-05 17:58:59,ATM_WITHDRAWAL,Internet Banking,DEBIT,1760.74,INR,,SUCCESS,REF978002461
TXN000000348,A00000441,C000351,2026-08-27 16:14:09,NEFT,Branch,DEBIT,6756.65,INR,,SUCCESS,REF928269527
TXN000000349,A00000371,C000288,2026-08-16 11:37:00,NEFT,ATM,DEBIT,5713.55,INR,,SUCCESS,REF615877983
TXN000000350,A00000380,C000418,2026-08-04 06:55:41,CASH_WITHDRAWAL,Mobile App,DEBIT,10037.21,INR,,SUCCESS,REF478918081
TXN000000351,A00000420,C000003,2026-08-20 14:40:53,CASH_WITHDRAWAL,ATM,CREDIT,6825.17,INR,,SUCCESS,REF252560338
TXN000000352,A00000395,C000109,2026-08-25 05:04:35,CASH_DEPOSIT,Internet Banking,CREDIT,9498.86,INR,,REVERSED,REF778812108
TXN000000353,A00000153,C000179,2026-07-28 06:17:26,CASH_DEPOSIT,Mobile App,DEBIT,3688.81,INR,,SUCCESS,REF117597945
TXN000000354,A00000401,C000296,2026-07-02 18:06:25,CASH_WITHDRAWAL,ATM,DEBIT,7077.65,INR,,SUCCESS,REF689837130
TXN000000355,A00000285,C000349,2026-08-01 15:45:35,RTGS,ATM,DEBIT,323071.25,INR,,SUCCESS,REF814885719
TXN000000356,A00000062,C000019,2026-07-05 11:46:13,POS,Corporate Banking,CREDIT,9616.32,INR,Apollo Pharmacy,SUCCESS,REF657017204
TXN000000357,A00000507,C000218,2026-07-20 22:59:33,RTGS,Mobile App,DEBIT,55835.42,INR,,SUCCESS,REF834501221
TXN000000358,A00000634,C000231,2026-08-08 04:42:44,CASH_DEPOSIT,UPI,DEBIT,6135.69,INR,,SUCCESS,REF500886544
TXN000000359,A00000132,C000342,2026-07-31 02:17:53,POS,Branch,CREDIT,5675.01,INR,Jio,SUCCESS,REF324901650
TXN000000360,A00000335,C000088,2026-08-10 17:20:14,RTGS,Internet Banking,DEBIT,456149.33,INR,,SUCCESS,REF455473737
TXN000000361,A00000200,C000064,2026-08-20 23:02:06,IMPS,UPI,DEBIT,9656.47,INR,,SUCCESS,REF754324436
TXN000000362,A00000243,C000366,2026-07-02 11:24:45,RTGS,UPI,DEBIT,261388.64,INR,,SUCCESS,REF259295459
TXN000000363,A00000639,C000401,2026-08-01 16:50:45,POS,UPI,DEBIT,859.01,INR,Swiggy,SUCCESS,REF934762567
TXN000000364,A00000198,C000326,2026-08-19 02:08:56,ATM_WITHDRAWAL,ATM,DEBIT,7593.76,INR,,SUCCESS,REF103278382
TXN000000365,A00000336,C000245,2026-07-31 20:27:26,POS,Mobile App,DEBIT,8257.13,INR,Airtel,SUCCESS,REF437335622
TXN000000366,A00000620,C000154,2026-08-31 21:45:26,RTGS,UPI,DEBIT,340628.71,INR,,SUCCESS,REF165028972
TXN000000367,A00000200,C000064,2026-08-14 00:23:50,ATM_WITHDRAWAL,Internet Banking,DEBIT,7832.17,INR,,SUCCESS,REF417938579
TXN000000368,A00000026,C000431,2026-08-18 15:20:36,UPI,Branch,DEBIT,6533.77,INR,BookMyShow,SUCCESS,REF258500127
TXN000000369,A00000458,C000157,2026-08-08 16:10:14,CASH_DEPOSIT,Internet Banking,DEBIT,5574.88,INR,,FAILED,REF589565320
TXN000000370,A00000283,C000228,2026-07-11 21:21:11,RTGS,Mobile App,DEBIT,254000.07,INR,,FAILED,REF233052656
TXN000000371,A00000054,C000328,2026-07-24 05:09:39,POS,Internet Banking,CREDIT,5548.12,INR,Decathlon,SUCCESS,REF566282719
TXN000000372,A00000332,C000486,2026-08-09 01:15:26,CASH_DEPOSIT,Corporate Banking,DEBIT,1821.08,INR,,SUCCESS,REF912276430
TXN000000373,A00000583,C000469,2026-07-04 04:48:04,UPI,ATM,DEBIT,8838.43,INR,Swiggy,SUCCESS,REF209793556
TXN000000374,A00000536,C000357,2026-07-16 03:20:40,IMPS,Internet Banking,DEBIT,9404.22,INR,,SUCCESS,REF543070745
TXN000000375,A00000352,C000008,2026-08-04 02:15:46,NEFT,UPI,CREDIT,4949.93,INR,,SUCCESS,REF525191203
TXN000000376,A00000159,C000431,2026-07-29 05:47:28,NEFT,Branch,DEBIT,8152.92,INR,,SUCCESS,REF160681634
TXN000000377,A00000572,C000141,2026-08-23 08:12:39,UPI,ATM,DEBIT,572.21,INR,Flipkart,SUCCESS,REF349822837
TXN000000378,A00000157,C000166,2026-07-21 14:06:33,IMPS,Corporate Banking,CREDIT,5030.81,INR,,SUCCESS,REF921988751
TXN000000379,A00000297,C000034,2026-07-27 20:01:33,CASH_WITHDRAWAL,Branch,DEBIT,14437.47,INR,,SUCCESS,REF138660704
TXN000000380,A00000214,C000263,2026-08-14 02:56:07,RTGS,UPI,DEBIT,53218.57,INR,,SUCCESS,REF990171357
TXN000000381,A00000169,C000282,2026-08-04 00:16:03,CASH_DEPOSIT,Corporate Banking,DEBIT,2167.14,INR,,SUCCESS,REF501902191
TXN000000382,A00000524,C000329,2026-07-13 22:07:21,CASH_DEPOSIT,Internet Banking,DEBIT,1640.64,INR,,SUCCESS,REF379539935
TXN000000383,A00000403,C000162,2026-07-29 01:02:57,NEFT,ATM,CREDIT,6522.1,INR,,SUCCESS,REF221003717
TXN000000384,A00000043,C000148,2026-08-17 07:29:06,CASH_DEPOSIT,Mobile App,DEBIT,8056.13,INR,,SUCCESS,REF823923536
TXN000000385,A00000220,C000203,2026-08-10 08:22:01,ATM_WITHDRAWAL,UPI,DEBIT,1560.17,INR,,SUCCESS,REF125568507
TXN000000386,A00000318,C000165,2026-07-12 12:09:29,UPI,Mobile App,CREDIT,2203.41,INR,Uber,SUCCESS,REF591649559
TXN000000387,A00000401,C000296,2026-07-31 20:25:09,IMPS,UPI,DEBIT,9212.15,INR,,SUCCESS,REF816211902
TXN000000388,A00000255,C000266,2026-08-26 00:00:35,NEFT,Branch,DEBIT,6182.88,INR,,SUCCESS,REF394453633
TXN000000389,A00000001,C000098,2026-08-31 05:48:24,ATM_WITHDRAWAL,Branch,DEBIT,14710.59,INR,,SUCCESS,REF793392531
TXN000000390,A00000196,C000383,2026-07-24 02:46:14,CASH_DEPOSIT,Internet Banking,CREDIT,7431.37,INR,,SUCCESS,REF419405897
TXN000000391,A00000036,C000436,2026-07-17 16:38:10,NEFT,Mobile App,DEBIT,3055.4,INR,,FAILED,REF899143659
TXN000000392,A00000032,C000160,2026-08-16 08:32:56,CASH_WITHDRAWAL,ATM,DEBIT,2695.44,INR,,SUCCESS,REF854708138
TXN000000393,A00000577,C000299,2026-07-14 02:22:20,CASH_WITHDRAWAL,ATM,CREDIT,13990.13,INR,,SUCCESS,REF634104348
TXN000000394,A00000443,C000254,2026-08-06 01:36:11,CASH_WITHDRAWAL,Corporate Banking,DEBIT,19471.69,INR,,FAILED,REF401531313
TXN000000395,A00000289,C000439,2026-08-12 09:54:06,CASH_WITHDRAWAL,Mobile App,DEBIT,5712.05,INR,,SUCCESS,REF970110910
TXN000000396,A00000002,C000347,2026-08-23 15:51:01,UPI,UPI,CREDIT,8741.53,INR,Reliance Digital,SUCCESS,REF897281186
TXN000000397,A00000049,C000339,2026-07-30 17:12:08,ATM_WITHDRAWAL,UPI,DEBIT,12161.96,INR,,SUCCESS,REF498650571
TXN000000398,A00000565,C000184,2026-08-10 12:37:34,IMPS,ATM,DEBIT,3241.08,INR,,SUCCESS,REF499549977
TXN000000399,A00000479,C000332,2026-07-10 18:00:16,POS,Corporate Banking,CREDIT,7684.77,INR,Jio,FAILED,REF192820212
TXN000000400,A00000617,C000028,2026-07-23 23:30:02,ATM_WITHDRAWAL,ATM,CREDIT,6989.68,INR,,SUCCESS,REF830507008
TXN000000401,A00000169,C000282,2026-08-28 22:45:28,UPI,Mobile App,DEBIT,3467.36,INR,Decathlon,SUCCESS,REF899716355
TXN000000402,A00000164,C000138,2026-08-20 07:29:36,IMPS,Corporate Banking,CREDIT,9773.46,INR,,SUCCESS,REF549872125
TXN000000403,A00000115,C000213,2026-08-06 00:08:49,UPI,Internet Banking,DEBIT,5219.71,INR,Reliance Digital,SUCCESS,REF945812471
TXN000000404,A00000343,C000466,2026-08-21 13:35:32,CASH_WITHDRAWAL,UPI,CREDIT,14771.17,INR,,SUCCESS,REF979782070
TXN000000405,A00000403,C000162,2026-08-14 03:52:29,RTGS,Mobile App,CREDIT,387421.84,INR,,SUCCESS,REF845115443
TXN000000406,A00000193,C000481,2026-08-02 03:55:29,UPI,ATM,DEBIT,8937.18,INR,Swiggy,SUCCESS,REF429161924
TXN000000407,A00000248,C000304,2026-07-14 19:43:56,CASH_DEPOSIT,Corporate Banking,DEBIT,3063.43,INR,,FAILED,REF305091748
TXN000000408,A00000025,C000280,2026-07-08 07:32:23,UPI,Mobile App,DEBIT,359.42,INR,Swiggy,SUCCESS,REF227724737
TXN000000409,A00000433,C000051,2026-07-01 21:45:23,POS,Internet Banking,DEBIT,6632.77,INR,Uber,SUCCESS,REF426188391
TXN000000410,A00000439,C000478,2026-08-13 17:53:20,CASH_WITHDRAWAL,Branch,CREDIT,12070.06,INR,,SUCCESS,REF133329291
TXN000000411,A00000262,C000244,2026-08-04 03:34:05,CASH_WITHDRAWAL,ATM,DEBIT,7983.23,INR,,FAILED,REF835350127
TXN000000412,A00000503,C000486,2026-08-31 17:44:50,UPI,Branch,CREDIT,3830.67,INR,DMart,SUCCESS,REF189082650
TXN000000413,A00000252,C000294,2026-08-17 12:17:01,NEFT,Mobile App,CREDIT,4574.13,INR,,SUCCESS,REF432659793
TXN000000414,A00000566,C000169,2026-07-01 04:40:27,CASH_WITHDRAWAL,UPI,DEBIT,8506.84,INR,,FAILED,REF577203049
TXN000000415,A00000071,C000368,2026-08-14 20:34:22,IMPS,ATM,DEBIT,4658.64,INR,,SUCCESS,REF226345661
TXN000000416,A00000530,C000095,2026-08-24 05:55:31,CASH_WITHDRAWAL,Branch,DEBIT,9308.66,INR,,SUCCESS,REF558199570
TXN000000417,A00000113,C000374,2026-07-05 07:14:59,IMPS,ATM,CREDIT,9687.22,INR,,SUCCESS,REF515864153
TXN000000418,A00000181,C000378,2026-07-12 08:08:04,CASH_DEPOSIT,Internet Banking,CREDIT,486.55,INR,,SUCCESS,REF577456920
TXN000000419,A00000119,C000497,2026-07-09 22:02:05,NEFT,UPI,DEBIT,1686.11,INR,,SUCCESS,REF493714969
TXN000000420,A00000441,C000351,2026-08-27 13:24:32,UPI,Corporate Banking,DEBIT,7098.67,INR,Ola,SUCCESS,REF399468967
TXN000000421,A00000447,C000211,2026-07-06 09:34:02,CASH_DEPOSIT,Corporate Banking,DEBIT,716.04,INR,,SUCCESS,REF644509042
TXN000000422,A00000250,C000230,2026-07-11 03:08:41,IMPS,UPI,DEBIT,1254.06,INR,,SUCCESS,REF578998499
TXN000000423,A00000560,C000334,2026-07-31 02:25:58,POS,Corporate Banking,DEBIT,5595.82,INR,Ola,SUCCESS,REF142687424
TXN000000424,A00000238,C000063,2026-08-14 14:13:31,RTGS,Branch,DEBIT,109946.67,INR,,SUCCESS,REF946202078
TXN000000425,A00000013,C000233,2026-07-18 21:19:12,NEFT,UPI,DEBIT,5269.4,INR,,SUCCESS,REF971300408
TXN000000426,A00000141,C000074,2026-08-25 17:29:25,POS,Mobile App,DEBIT,9211.28,INR,MakeMyTrip,SUCCESS,REF329912272
TXN000000427,A00000102,C000355,2026-08-10 22:49:46,IMPS,UPI,DEBIT,3909.18,INR,,SUCCESS,REF236317519
TXN000000428,A00000523,C000292,2026-07-05 17:23:31,IMPS,UPI,DEBIT,8618.8,INR,,SUCCESS,REF365287051
TXN000000429,A00000642,C000358,2026-07-24 08:12:16,CASH_DEPOSIT,Internet Banking,CREDIT,8405.72,INR,,SUCCESS,REF563717999
TXN000000430,A00000044,C000327,2026-07-02 07:00:45,POS,Corporate Banking,DEBIT,7817.29,INR,Uber,SUCCESS,REF998048068
TXN000000431,A00000231,C000342,2026-08-30 18:33:07,IMPS,ATM,DEBIT,4819.69,INR,,SUCCESS,REF659697044
TXN000000432,A00000295,C000123,2026-07-02 15:11:38,CASH_WITHDRAWAL,Branch,DEBIT,8938.46,INR,,SUCCESS,REF934348952
TXN000000433,A00000150,C000200,2026-07-26 10:13:29,UPI,ATM,DEBIT,3726.74,INR,Apollo Pharmacy,SUCCESS,REF749931490
TXN000000434,A00000335,C000088,2026-08-01 14:03:26,ATM_WITHDRAWAL,Corporate Banking,DEBIT,9663.28,INR,,SUCCESS,REF197697289
TXN000000435,A00000502,C000057,2026-08-09 22:59:14,POS,Branch,DEBIT,5350.75,INR,DMart,FAILED,REF410254439
TXN000000436,A00000609,C000348,2026-08-28 08:43:00,RTGS,UPI,DEBIT,457614.87,INR,,SUCCESS,REF428938270
TXN000000437,A00000197,C000265,2026-07-27 10:08:26,POS,Internet Banking,CREDIT,5200.83,INR,BigBasket,SUCCESS,REF944920338
TXN000000438,A00000143,C000143,2026-08-15 19:45:42,ATM_WITHDRAWAL,UPI,DEBIT,13876.6,INR,,SUCCESS,REF596810066
TXN000000439,A00000596,C000156,2026-08-16 10:36:42,IMPS,Corporate Banking,DEBIT,1216.25,INR,,SUCCESS,REF948197014
TXN000000440,A00000649,C000060,2026-08-11 18:05:36,POS,Internet Banking,DEBIT,1871.62,INR,Uber,SUCCESS,REF390705391
TXN000000441,A00000582,C000440,2026-08-08 02:37:23,CASH_WITHDRAWAL,Internet Banking,DEBIT,3353.63,INR,,FAILED,REF973075072
TXN000000442,A00000564,C000424,2026-07-13 09:16:38,CASH_DEPOSIT,ATM,CREDIT,82.51,INR,,FAILED,REF691249692
TXN000000443,A00000598,C000248,2026-07-18 01:51:23,ATM_WITHDRAWAL,ATM,CREDIT,8699.62,INR,,SUCCESS,REF611496412
TXN000000444,A00000448,C000457,2026-07-09 06:35:37,CASH_DEPOSIT,Branch,DEBIT,3165.76,INR,,SUCCESS,REF158521238
TXN000000445,A00000043,C000148,2026-08-05 19:29:12,NEFT,Internet Banking,DEBIT,2809.69,INR,,SUCCESS,REF897815003
TXN000000446,A00000434,C000245,2026-07-04 00:21:31,RTGS,Branch,DEBIT,347133.63,INR,,FAILED,REF872634506
TXN000000447,A00000284,C000005,2026-08-09 21:58:43,ATM_WITHDRAWAL,UPI,DEBIT,4994.52,INR,,FAILED,REF479622962
TXN000000448,A00000243,C000366,2026-08-07 11:31:52,IMPS,Mobile App,DEBIT,278.39,INR,,SUCCESS,REF985965177
TXN000000449,A00000393,C000402,2026-07-11 03:19:10,RTGS,UPI,DEBIT,57848.26,INR,,SUCCESS,REF233748804
TXN000000450,A00000098,C000011,2026-07-30 22:11:42,RTGS,Mobile App,DEBIT,149438.07,INR,,FAILED,REF400079362
TXN000000451,A00000110,C000163,2026-07-20 15:50:41,UPI,UPI,CREDIT,2425.77,INR,BookMyShow,SUCCESS,REF207767824
TXN000000452,A00000084,C000272,2026-07-29 05:28:31,CASH_DEPOSIT,Corporate Banking,CREDIT,7138.63,INR,,SUCCESS,REF906051743
TXN000000453,A00000390,C000327,2026-07-18 07:28:06,UPI,Corporate Banking,CREDIT,5435.58,INR,Ola,SUCCESS,REF662571330
TXN000000454,A00000351,C000393,2026-08-02 22:24:52,POS,ATM,CREDIT,256.12,INR,BigBasket,SUCCESS,REF855330547
TXN000000455,A00000080,C000113,2026-07-26 07:32:29,CASH_DEPOSIT,Mobile App,DEBIT,1725.4,INR,,SUCCESS,REF394357483
TXN000000456,A00000255,C000266,2026-08-26 17:06:06,ATM_WITHDRAWAL,Branch,DEBIT,7899.16,INR,,SUCCESS,REF169465682
TXN000000457,A00000464,C000301,2026-07-23 13:05:23,UPI,ATM,DEBIT,3919.26,INR,MakeMyTrip,SUCCESS,REF578166822
TXN000000458,A00000435,C000028,2026-07-23 08:19:17,NEFT,Internet Banking,DEBIT,4401.76,INR,,FAILED,REF379021573
TXN000000459,A00000491,C000418,2026-08-24 21:19:01,IMPS,Corporate Banking,DEBIT,1726.99,INR,,SUCCESS,REF509572465
TXN000000460,A00000374,C000189,2026-07-06 05:46:48,UPI,Branch,DEBIT,7619.07,INR,DMart,SUCCESS,REF373960211
TXN000000461,A00000464,C000301,2026-08-24 15:52:13,IMPS,Internet Banking,DEBIT,2966.87,INR,,SUCCESS,REF434576179
TXN000000462,A00000171,C000204,2026-07-06 22:36:28,NEFT,Branch,DEBIT,2356.57,INR,,SUCCESS,REF604925332
TXN000000463,A00000434,C000245,2026-08-21 07:06:49,IMPS,UPI,DEBIT,2400.64,INR,,SUCCESS,REF208995858
TXN000000464,A00000276,C000277,2026-08-19 16:50:25,IMPS,UPI,DEBIT,5362.84,INR,,SUCCESS,REF263980356
TXN000000465,A00000547,C000124,2026-07-01 11:51:01,IMPS,Mobile App,DEBIT,2494.18,INR,,SUCCESS,REF122245738
TXN000000466,A00000513,C000041,2026-07-11 01:45:36,UPI,ATM,DEBIT,3968.37,INR,IRCTC,SUCCESS,REF753875594
TXN000000467,A00000377,C000266,2026-08-15 04:00:01,ATM_WITHDRAWAL,Corporate Banking,DEBIT,9371.41,INR,,SUCCESS,REF750699091
TXN000000468,A00000044,C000327,2026-07-09 00:01:15,NEFT,Internet Banking,CREDIT,9829.42,INR,,SUCCESS,REF626086805
TXN000000469,A00000405,C000245,2026-07-30 23:34:09,CASH_DEPOSIT,UPI,DEBIT,8893.49,INR,,SUCCESS,REF720055707
TXN000000470,A00000415,C000063,2026-08-02 18:11:40,ATM_WITHDRAWAL,Mobile App,DEBIT,8449.73,INR,,SUCCESS,REF744028430
TXN000000471,A00000377,C000266,2026-07-25 13:41:15,ATM_WITHDRAWAL,Internet Banking,DEBIT,18131.22,INR,,SUCCESS,REF623150202
TXN000000472,A00000204,C000003,2026-08-19 23:14:43,UPI,Mobile App,CREDIT,2194.93,INR,IRCTC,SUCCESS,REF424240116
TXN000000473,A00000406,C000424,2026-08-27 15:59:04,RTGS,Internet Banking,CREDIT,455226.61,INR,,SUCCESS,REF865460104
TXN000000474,A00000477,C000138,2026-07-30 04:44:53,POS,ATM,DEBIT,8829.72,INR,Reliance Digital,FAILED,REF787219326
TXN000000475,A00000104,C000277,2026-08-28 14:04:26,ATM_WITHDRAWAL,Corporate Banking,CREDIT,7335.82,INR,,SUCCESS,REF415627526
TXN000000476,A00000364,C000094,2026-08-24 17:27:23,CASH_WITHDRAWAL,Branch,DEBIT,19636.47,INR,,SUCCESS,REF433226943
TXN000000477,A00000519,C000396,2026-07-07 05:18:48,IMPS,Corporate Banking,DEBIT,160.01,INR,,SUCCESS,REF647078662
TXN000000478,A00000224,C000434,2026-07-26 12:09:43,POS,UPI,CREDIT,290.19,INR,Jio,SUCCESS,REF405938220
TXN000000479,A00000377,C000266,2026-08-07 04:29:20,UPI,ATM,CREDIT,8022.18,INR,Ola,SUCCESS,REF138822127
TXN000000480,A00000562,C000217,2026-07-10 13:45:35,NEFT,Internet Banking,CREDIT,9986.51,INR,,SUCCESS,REF782045843
TXN000000481,A00000274,C000325,2026-08-28 07:08:53,IMPS,Branch,CREDIT,1465.0,INR,,SUCCESS,REF336478266
TXN000000482,A00000043,C000148,2026-08-31 04:50:24,UPI,Mobile App,CREDIT,3063.96,INR,BigBasket,SUCCESS,REF986827122
TXN000000483,A00000156,C000264,2026-07-17 07:40:05,CASH_DEPOSIT,Branch,DEBIT,5493.21,INR,,SUCCESS,REF140223433
TXN000000484,A00000272,C000458,2026-08-28 06:01:46,CASH_WITHDRAWAL,Corporate Banking,CREDIT,4772.34,INR,,SUCCESS,REF818781178
TXN000000485,A00000471,C000133,2026-07-24 17:04:23,POS,Internet Banking,DEBIT,6187.14,INR,Airtel,SUCCESS,REF816993102
TXN000000486,A00000604,C000320,2026-07-16 08:14:08,ATM_WITHDRAWAL,Branch,CREDIT,15676.77,INR,,SUCCESS,REF452352269
TXN000000487,A00000522,C000231,2026-07-26 01:52:02,ATM_WITHDRAWAL,UPI,DEBIT,14623.4,INR,,SUCCESS,REF376641293
TXN000000488,A00000110,C000163,2026-08-24 07:58:18,IMPS,Mobile App,CREDIT,5572.39,INR,,FAILED,REF205867972
TXN000000489,A00000556,C000093,2026-07-26 15:15:57,POS,UPI,DEBIT,4155.82,INR,Apollo Pharmacy,SUCCESS,REF274424500
TXN000000490,A00000639,C000401,2026-08-19 11:25:50,CASH_WITHDRAWAL,Branch,CREDIT,13426.21,INR,,SUCCESS,REF564036549
TXN000000491,A00000158,C000174,2026-07-02 12:09:09,CASH_DEPOSIT,Internet Banking,DEBIT,4758.08,INR,,SUCCESS,REF622396825
TXN000000492,A00000504,C000477,2026-07-26 15:39:34,CASH_DEPOSIT,Mobile App,DEBIT,5904.81,INR,,SUCCESS,REF963856991
TXN000000493,A00000169,C000282,2026-07-21 21:36:24,POS,ATM,DEBIT,1633.96,INR,Zomato,SUCCESS,REF954907113
TXN000000494,A00000009,C000457,2026-08-01 03:21:39,IMPS,Corporate Banking,DEBIT,5426.69,INR,,REVERSED,REF102241181
TXN000000495,A00000483,C000457,2026-07-19 13:21:12,IMPS,Corporate Banking,DEBIT,375.21,INR,,SUCCESS,REF193974088
TXN000000496,A00000042,C000120,2026-07-22 03:38:23,IMPS,Branch,DEBIT,8934.15,INR,,REVERSED,REF759667622
TXN000000497,A00000001,C000098,2026-08-22 17:51:12,RTGS,Branch,DEBIT,453675.26,INR,,SUCCESS,REF760818388
TXN000000498,A00000539,C000268,2026-07-19 05:02:48,NEFT,Branch,CREDIT,8326.43,INR,,SUCCESS,REF379153787
TXN000000499,A00000162,C000277,2026-07-15 10:19:44,NEFT,Branch,CREDIT,4989.33,INR,,SUCCESS,REF814047527
TXN000000500,A00000167,C000015,2026-08-02 11:09:20,CASH_WITHDRAWAL,Internet Banking,CREDIT,7495.66,INR,,SUCCESS,REF352463639
TXN000000501,A00000317,C000261,2026-07-30 05:24:53,POS,Corporate Banking,DEBIT,2144.95,INR,Flipkart,SUCCESS,REF731019919
TXN000000502,A00000121,C000075,2026-07-29 04:35:29,IMPS,Mobile App,DEBIT,1121.36,INR,,SUCCESS,REF457264194
TXN000000503,A00000328,C000214,2026-07-08 23:27:31,RTGS,Corporate Banking,DEBIT,245900.68,INR,,FAILED,REF325240835
TXN000000504,A00000485,C000468,2026-07-26 06:58:18,UPI,Internet Banking,DEBIT,3673.88,INR,Flipkart,SUCCESS,REF962888328
TXN000000505,A00000259,C000079,2026-08-01 16:52:32,CASH_DEPOSIT,Corporate Banking,CREDIT,1906.3,INR,,SUCCESS,REF447440934
TXN000000506,A00000461,C000187,2026-08-17 15:22:38,IMPS,Corporate Banking,DEBIT,8167.02,INR,,FAILED,REF906932134
TXN000000507,A00000581,C000240,2026-08-20 05:58:39,IMPS,Internet Banking,CREDIT,124.02,INR,,SUCCESS,REF459227061
TXN000000508,A00000152,C000316,2026-07-16 18:40:11,UPI,UPI,CREDIT,8847.98,INR,DMart,FAILED,REF873936345
TXN000000509,A00000185,C000202,2026-07-01 22:59:36,CASH_DEPOSIT,Internet Banking,DEBIT,432.57,INR,,SUCCESS,REF500531359
TXN000000510,A00000346,C000364,2026-08-19 18:14:37,UPI,Mobile App,DEBIT,1090.74,INR,IRCTC,SUCCESS,REF807236841
TXN000000511,A00000518,C000479,2026-08-07 22:17:56,ATM_WITHDRAWAL,UPI,DEBIT,17846.93,INR,,SUCCESS,REF885196340
TXN000000512,A00000041,C000027,2026-07-19 19:37:00,CASH_WITHDRAWAL,ATM,DEBIT,12024.02,INR,,SUCCESS,REF119235979
TXN000000513,A00000418,C000095,2026-08-26 15:11:29,NEFT,ATM,DEBIT,4771.45,INR,,FAILED,REF996362002
TXN000000514,A00000606,C000339,2026-08-11 01:24:33,RTGS,Mobile App,DEBIT,185127.13,INR,,SUCCESS,REF104601001
TXN000000515,A00000544,C000402,2026-07-29 08:42:03,RTGS,ATM,DEBIT,478403.86,INR,,SUCCESS,REF181717883
TXN000000516,A00000281,C000169,2026-08-25 23:18:08,CASH_DEPOSIT,Internet Banking,DEBIT,212.62,INR,,SUCCESS,REF722959503
TXN000000517,A00000219,C000236,2026-08-29 14:09:50,ATM_WITHDRAWAL,UPI,DEBIT,17177.06,INR,,SUCCESS,REF804484734
TXN000000518,A00000206,C000131,2026-07-06 11:58:13,UPI,Corporate Banking,DEBIT,6866.59,INR,MakeMyTrip,SUCCESS,REF239454878
TXN000000519,A00000265,C000159,2026-08-12 09:21:37,IMPS,ATM,DEBIT,6591.7,INR,,FAILED,REF319143540
TXN000000520,A00000168,C000464,2026-08-29 10:30:50,POS,Internet Banking,DEBIT,1021.16,INR,Swiggy,REVERSED,REF230396153
TXN000000521,A00000004,C000012,2026-08-18 09:49:56,RTGS,Mobile App,DEBIT,396652.75,INR,,SUCCESS,REF462419904
TXN000000522,A00000125,C000007,2026-08-09 10:07:57,CASH_WITHDRAWAL,Branch,DEBIT,9884.22,INR,,SUCCESS,REF479288737
TXN000000523,A00000181,C000378,2026-08-04 09:06:44,CASH_DEPOSIT,Corporate Banking,DEBIT,8075.69,INR,,FAILED,REF766087112
TXN000000524,A00000089,C000485,2026-07-22 05:50:16,NEFT,UPI,DEBIT,1664.81,INR,,SUCCESS,REF913160098
TXN000000525,A00000647,C000011,2026-08-24 14:10:23,POS,ATM,DEBIT,346.4,INR,Croma,SUCCESS,REF532137480
TXN000000526,A00000218,C000133,2026-08-10 17:36:03,IMPS,UPI,DEBIT,1941.93,INR,,FAILED,REF899563204
TXN000000527,A00000233,C000059,2026-07-21 23:23:37,CASH_WITHDRAWAL,Internet Banking,DEBIT,9428.14,INR,,SUCCESS,REF139062171
TXN000000528,A00000464,C000301,2026-08-12 13:33:49,RTGS,Corporate Banking,DEBIT,209939.66,INR,,SUCCESS,REF999279305
TXN000000529,A00000008,C000026,2026-07-06 04:52:54,POS,Branch,DEBIT,8626.97,INR,IRCTC,SUCCESS,REF694407432
TXN000000530,A00000565,C000184,2026-08-21 01:10:57,POS,Corporate Banking,DEBIT,1241.54,INR,Reliance Digital,SUCCESS,REF982792489
TXN000000531,A00000436,C000409,2026-08-30 10:55:48,ATM_WITHDRAWAL,Corporate Banking,DEBIT,2578.2,INR,,SUCCESS,REF975844064
TXN000000532,A00000389,C000189,2026-08-24 15:00:05,IMPS,Branch,DEBIT,2842.65,INR,,SUCCESS,REF431126013
TXN000000533,A00000308,C000115,2026-07-19 11:55:59,CASH_DEPOSIT,Mobile App,DEBIT,276.19,INR,,SUCCESS,REF663665435
TXN000000534,A00000618,C000437,2026-07-07 09:37:09,NEFT,Internet Banking,DEBIT,3657.2,INR,,SUCCESS,REF296085613
TXN000000535,A00000591,C000178,2026-07-04 10:04:03,RTGS,Internet Banking,DEBIT,85477.49,INR,,SUCCESS,REF689416078
TXN000000536,A00000592,C000319,2026-07-07 14:41:47,ATM_WITHDRAWAL,Branch,DEBIT,13329.04,INR,,FAILED,REF551155345
TXN000000537,A00000096,C000085,2026-07-04 04:59:02,POS,Branch,DEBIT,2727.03,INR,Amazon,SUCCESS,REF612150253
TXN000000538,A00000044,C000327,2026-07-07 09:37:20,CASH_WITHDRAWAL,Mobile App,DEBIT,8416.78,INR,,SUCCESS,REF280796443
TXN000000539,A00000190,C000121,2026-07-02 17:07:25,NEFT,Mobile App,DEBIT,6326.85,INR,,SUCCESS,REF982804364
TXN000000540,A00000522,C000231,2026-08-03 09:57:03,RTGS,UPI,DEBIT,52378.92,INR,,SUCCESS,REF355455745
TXN000000541,A00000061,C000495,2026-08-12 14:08:33,CASH_DEPOSIT,Mobile App,DEBIT,2149.52,INR,,SUCCESS,REF534350679
TXN000000542,A00000605,C000021,2026-07-19 09:48:25,CASH_DEPOSIT,Mobile App,DEBIT,9111.93,INR,,SUCCESS,REF373803392
TXN000000543,A00000620,C000154,2026-08-07 06:57:36,CASH_WITHDRAWAL,Corporate Banking,DEBIT,2734.91,INR,,SUCCESS,REF719136728
TXN000000544,A00000189,C000308,2026-07-16 04:49:20,NEFT,Corporate Banking,DEBIT,9673.38,INR,,SUCCESS,REF368431133
TXN000000545,A00000048,C000337,2026-07-09 07:56:31,NEFT,Internet Banking,DEBIT,6856.48,INR,,SUCCESS,REF799921828
TXN000000546,A00000216,C000403,2026-07-01 15:02:59,NEFT,Branch,DEBIT,8308.21,INR,,SUCCESS,REF255030819
TXN000000547,A00000151,C000241,2026-07-21 14:58:07,NEFT,ATM,DEBIT,8694.57,INR,,SUCCESS,REF316411521
TXN000000548,A00000150,C000200,2026-08-12 08:50:20,RTGS,ATM,CREDIT,134600.31,INR,,FAILED,REF569709241
TXN000000549,A00000051,C000031,2026-07-04 02:10:10,ATM_WITHDRAWAL,Corporate Banking,CREDIT,9539.86,INR,,SUCCESS,REF318871405
TXN000000550,A00000424,C000311,2026-07-10 10:19:11,NEFT,Internet Banking,DEBIT,8819.0,INR,,SUCCESS,REF114782866
TXN000000551,A00000485,C000468,2026-07-23 11:02:20,NEFT,Corporate Banking,DEBIT,5885.52,INR,,SUCCESS,REF839197050
TXN000000552,A00000283,C000228,2026-07-31 08:01:49,CASH_WITHDRAWAL,ATM,DEBIT,5757.97,INR,,SUCCESS,REF351707595
TXN000000553,A00000498,C000361,2026-08-30 20:05:18,CASH_DEPOSIT,UPI,DEBIT,2227.79,INR,,SUCCESS,REF874428419
TXN000000554,A00000380,C000418,2026-08-12 18:48:16,ATM_WITHDRAWAL,Internet Banking,CREDIT,5800.34,INR,,SUCCESS,REF708978969
TXN000000555,A00000110,C000163,2026-07-16 20:14:30,RTGS,UPI,DEBIT,163444.45,INR,,SUCCESS,REF667287649
TXN000000556,A00000004,C000012,2026-07-21 20:09:57,IMPS,ATM,DEBIT,9588.28,INR,,SUCCESS,REF307682220
TXN000000557,A00000192,C000038,2026-08-16 15:28:05,NEFT,Internet Banking,DEBIT,7339.56,INR,,SUCCESS,REF775219370
TXN000000558,A00000412,C000431,2026-07-31 22:44:30,POS,Mobile App,DEBIT,1006.09,INR,Airtel,SUCCESS,REF460936142
TXN000000559,A00000366,C000260,2026-08-01 08:17:09,CASH_WITHDRAWAL,ATM,DEBIT,10883.48,INR,,SUCCESS,REF210802010
TXN000000560,A00000579,C000165,2026-08-25 01:35:51,IMPS,Mobile App,CREDIT,2351.48,INR,,SUCCESS,REF893082214
TXN000000561,A00000075,C000023,2026-08-05 16:03:59,NEFT,Corporate Banking,DEBIT,6825.56,INR,,SUCCESS,REF330353853
TXN000000562,A00000224,C000434,2026-07-17 00:25:33,POS,UPI,CREDIT,1013.72,INR,Zomato,REVERSED,REF790436639
TXN000000563,A00000603,C000148,2026-08-29 08:37:05,CASH_WITHDRAWAL,UPI,DEBIT,2322.92,INR,,SUCCESS,REF368775486
TXN000000564,A00000613,C000046,2026-08-04 06:04:53,RTGS,Corporate Banking,DEBIT,360048.51,INR,,FAILED,REF625649719
TXN000000565,A00000222,C000086,2026-07-07 03:13:47,CASH_DEPOSIT,UPI,DEBIT,8880.31,INR,,FAILED,REF398145849
TXN000000566,A00000001,C000098,2026-08-29 12:59:39,CASH_DEPOSIT,ATM,DEBIT,6978.97,INR,,SUCCESS,REF204701827
TXN000000567,A00000643,C000134,2026-07-13 06:15:53,UPI,Mobile App,DEBIT,6689.62,INR,Flipkart,SUCCESS,REF310298839
TXN000000568,A00000215,C000182,2026-08-12 16:21:52,RTGS,Mobile App,DEBIT,257384.8,INR,,SUCCESS,REF879261514
TXN000000569,A00000210,C000416,2026-08-26 10:54:28,POS,Corporate Banking,CREDIT,6289.95,INR,IRCTC,SUCCESS,REF995092299
TXN000000570,A00000163,C000452,2026-07-03 19:24:25,CASH_WITHDRAWAL,Mobile App,CREDIT,3841.82,INR,,SUCCESS,REF920787105
TXN000000571,A00000162,C000277,2026-07-28 08:20:49,RTGS,Corporate Banking,DEBIT,236773.78,INR,,SUCCESS,REF658626924
TXN000000572,A00000569,C000141,2026-07-11 21:38:12,POS,UPI,DEBIT,8869.56,INR,BookMyShow,SUCCESS,REF756001230
TXN000000573,A00000456,C000097,2026-08-29 00:43:45,ATM_WITHDRAWAL,Mobile App,CREDIT,12322.49,INR,,SUCCESS,REF929527906
TXN000000574,A00000549,C000259,2026-07-08 04:36:57,CASH_WITHDRAWAL,Branch,DEBIT,17557.13,INR,,SUCCESS,REF672887317
TXN000000575,A00000116,C000284,2026-08-15 04:55:23,CASH_WITHDRAWAL,Branch,DEBIT,13168.28,INR,,SUCCESS,REF348893815
TXN000000576,A00000130,C000114,2026-08-08 19:47:39,RTGS,Branch,DEBIT,278787.19,INR,,SUCCESS,REF189730334
TXN000000577,A00000348,C000274,2026-07-22 19:59:06,NEFT,Mobile App,DEBIT,2633.6,INR,,SUCCESS,REF626679329
TXN000000578,A00000211,C000347,2026-07-15 23:09:54,IMPS,Branch,DEBIT,8038.56,INR,,SUCCESS,REF176702995
TXN000000579,A00000433,C000051,2026-07-21 16:46:50,NEFT,Mobile App,DEBIT,7390.52,INR,,REVERSED,REF462582739
TXN000000580,A00000031,C000239,2026-08-19 00:59:41,UPI,Corporate Banking,DEBIT,7666.52,INR,Amazon,SUCCESS,REF277085723
TXN000000581,A00000600,C000106,2026-07-13 17:30:16,NEFT,Branch,CREDIT,872.19,INR,,SUCCESS,REF678780493
TXN000000582,A00000381,C000096,2026-08-17 22:01:21,UPI,Branch,DEBIT,7885.28,INR,Jio,SUCCESS,REF821746234
TXN000000583,A00000118,C000214,2026-07-06 19:52:15,ATM_WITHDRAWAL,Mobile App,CREDIT,5585.68,INR,,SUCCESS,REF660731775
TXN000000584,A00000079,C000172,2026-08-18 10:31:16,IMPS,UPI,DEBIT,1798.46,INR,,SUCCESS,REF603450047
TXN000000585,A00000042,C000120,2026-07-03 21:48:59,CASH_DEPOSIT,Branch,DEBIT,4699.76,INR,,SUCCESS,REF363724780
TXN000000586,A00000387,C000162,2026-07-06 13:09:38,POS,Corporate Banking,DEBIT,6384.85,INR,Croma,SUCCESS,REF505575023
TXN000000587,A00000577,C000299,2026-07-10 09:48:32,NEFT,UPI,DEBIT,2396.23,INR,,REVERSED,REF496818788
TXN000000588,A00000051,C000031,2026-07-11 21:00:05,POS,ATM,DEBIT,3135.76,INR,Decathlon,SUCCESS,REF771106793
TXN000000589,A00000482,C000074,2026-07-16 14:56:03,UPI,UPI,CREDIT,4096.98,INR,Jio,SUCCESS,REF118247557
TXN000000590,A00000640,C000115,2026-07-04 09:45:02,IMPS,Branch,DEBIT,1301.38,INR,,SUCCESS,REF371458160
TXN000000591,A00000542,C000413,2026-08-28 19:16:15,NEFT,Corporate Banking,DEBIT,8907.54,INR,,SUCCESS,REF887358775
TXN000000592,A00000265,C000159,2026-07-31 18:08:52,IMPS,Mobile App,DEBIT,5497.4,INR,,SUCCESS,REF920180727
TXN000000593,A00000193,C000481,2026-07-16 05:38:17,NEFT,Corporate Banking,DEBIT,4027.1,INR,,SUCCESS,REF529585467
TXN000000594,A00000634,C000231,2026-08-11 11:11:44,ATM_WITHDRAWAL,ATM,DEBIT,10673.61,INR,,SUCCESS,REF360614557
TXN000000595,A00000430,C000169,2026-08-16 19:14:08,IMPS,ATM,DEBIT,3714.15,INR,,SUCCESS,REF935687722
TXN000000596,A00000258,C000190,2026-07-03 14:12:22,NEFT,Internet Banking,CREDIT,4646.55,INR,,SUCCESS,REF905620942
TXN000000597,A00000383,C000226,2026-07-26 08:20:25,ATM_WITHDRAWAL,Corporate Banking,DEBIT,1325.22,INR,,SUCCESS,REF833562590
TXN000000598,A00000192,C000038,2026-08-16 00:50:49,ATM_WITHDRAWAL,Corporate Banking,DEBIT,17376.63,INR,,SUCCESS,REF430422007
TXN000000599,A00000422,C000495,2026-08-31 19:18:34,ATM_WITHDRAWAL,UPI,DEBIT,10503.11,INR,,SUCCESS,REF884669128
TXN000000600,A00000112,C000045,2026-08-14 18:14:23,POS,UPI,DEBIT,2452.36,INR,DMart,SUCCESS,REF244153970
TXN000000601,A00000477,C000138,2026-07-22 01:22:00,UPI,Internet Banking,DEBIT,6753.09,INR,Apollo Pharmacy,SUCCESS,REF332071545
TXN000000602,A00000214,C000263,2026-08-03 09:22:59,POS,UPI,DEBIT,1983.57,INR,Zomato,SUCCESS,REF338240571
TXN000000603,A00000145,C000322,2026-08-15 21:50:24,NEFT,ATM,CREDIT,946.07,INR,,SUCCESS,REF945435411
TXN000000604,A00000127,C000426,2026-07-13 08:46:40,UPI,UPI,DEBIT,6084.24,INR,BigBasket,SUCCESS,REF244640503
TXN000000605,A00000415,C000063,2026-07-03 14:48:20,POS,Branch,DEBIT,9994.46,INR,Swiggy,FAILED,REF756995956
TXN000000606,A00000518,C000479,2026-07-25 03:28:12,CASH_WITHDRAWAL,ATM,CREDIT,6885.1,INR,,SUCCESS,REF873401277
TXN000000607,A00000538,C000359,2026-07-12 07:35:55,UPI,Branch,DEBIT,156.19,INR,Zomato,SUCCESS,REF545627219
TXN000000608,A00000115,C000213,2026-08-03 00:28:39,IMPS,Mobile App,CREDIT,8384.09,INR,,SUCCESS,REF783794688
TXN000000609,A00000510,C000024,2026-08-08 04:21:29,ATM_WITHDRAWAL,Corporate Banking,CREDIT,16549.3,INR,,FAILED,REF766856058
TXN000000610,A00000219,C000236,2026-08-20 12:35:23,CASH_DEPOSIT,Mobile App,DEBIT,3710.65,INR,,SUCCESS,REF748208713
TXN000000611,A00000073,C000338,2026-08-10 20:56:10,NEFT,Internet Banking,DEBIT,8714.87,INR,,SUCCESS,REF342498240
TXN000000612,A00000237,C000363,2026-07-22 00:57:37,CASH_DEPOSIT,UPI,DEBIT,5322.39,INR,,SUCCESS,REF537312524
TXN000000613,A00000200,C000064,2026-07-11 07:50:57,IMPS,UPI,DEBIT,8158.72,INR,,SUCCESS,REF584571024
TXN000000614,A00000282,C000285,2026-07-05 03:21:28,POS,Internet Banking,DEBIT,3410.06,INR,Apollo Pharmacy,SUCCESS,REF675638394
TXN000000615,A00000418,C000095,2026-08-10 00:46:25,UPI,Internet Banking,DEBIT,8304.35,INR,MakeMyTrip,FAILED,REF560280392
TXN000000616,A00000446,C000206,2026-07-07 04:14:31,UPI,Corporate Banking,DEBIT,5217.43,INR,Ola,SUCCESS,REF119293882
TXN000000617,A00000044,C000327,2026-08-26 07:23:51,RTGS,Internet Banking,CREDIT,74924.36,INR,,SUCCESS,REF752220209
TXN000000618,A00000091,C000035,2026-08-13 16:35:20,UPI,Branch,DEBIT,3893.53,INR,BigBasket,SUCCESS,REF288450446
TXN000000619,A00000224,C000434,2026-08-22 15:38:53,ATM_WITHDRAWAL,UPI,DEBIT,7438.01,INR,,SUCCESS,REF216794851
TXN000000620,A00000498,C000361,2026-08-27 05:11:30,CASH_WITHDRAWAL,UPI,DEBIT,11446.73,INR,,REVERSED,REF992699868
TXN000000621,A00000271,C000315,2026-07-16 11:04:06,ATM_WITHDRAWAL,UPI,DEBIT,1286.67,INR,,SUCCESS,REF580424319
TXN000000622,A00000199,C000021,2026-07-31 20:02:07,POS,Corporate Banking,DEBIT,3019.48,INR,Ola,SUCCESS,REF350984422
TXN000000623,A00000384,C000033,2026-08-12 13:29:30,NEFT,ATM,DEBIT,581.33,INR,,SUCCESS,REF150993352
TXN000000624,A00000520,C000482,2026-08-07 02:21:38,POS,Internet Banking,DEBIT,9932.25,INR,Myntra,FAILED,REF867352565
TXN000000625,A00000464,C000301,2026-08-18 21:46:01,ATM_WITHDRAWAL,Corporate Banking,CREDIT,3729.22,INR,,SUCCESS,REF714948323
TXN000000626,A00000385,C000341,2026-08-18 21:51:23,ATM_WITHDRAWAL,Corporate Banking,CREDIT,13014.11,INR,,SUCCESS,REF660721312
TXN000000627,A00000303,C000076,2026-07-24 21:05:27,IMPS,ATM,DEBIT,5375.88,INR,,SUCCESS,REF707029070
TXN000000628,A00000106,C000459,2026-07-20 20:44:03,ATM_WITHDRAWAL,UPI,DEBIT,10258.55,INR,,FAILED,REF304414385
TXN000000629,A00000111,C000190,2026-08-21 08:07:12,IMPS,Internet Banking,DEBIT,8399.9,INR,,SUCCESS,REF561574330
TXN000000630,A00000414,C000408,2026-08-14 00:50:09,UPI,UPI,CREDIT,4107.8,INR,IRCTC,SUCCESS,REF226397304
TXN000000631,A00000469,C000197,2026-07-02 23:22:19,CASH_DEPOSIT,ATM,DEBIT,9724.81,INR,,SUCCESS,REF432324981
TXN000000632,A00000576,C000136,2026-08-12 21:55:57,RTGS,Internet Banking,DEBIT,149178.81,INR,,SUCCESS,REF658569651
TXN000000633,A00000142,C000034,2026-07-19 00:06:42,UPI,Internet Banking,CREDIT,8367.91,INR,Zomato,REVERSED,REF846404164
TXN000000634,A00000580,C000338,2026-08-05 05:21:39,CASH_DEPOSIT,ATM,DEBIT,3446.33,INR,,SUCCESS,REF257423726
TXN000000635,A00000445,C000264,2026-08-06 13:46:24,ATM_WITHDRAWAL,Internet Banking,CREDIT,11236.97,INR,,SUCCESS,REF990362496
TXN000000636,A00000222,C000086,2026-08-21 15:30:30,UPI,Branch,DEBIT,5639.85,INR,BigBasket,SUCCESS,REF436827097
TXN000000637,A00000586,C000221,2026-08-18 04:22:33,POS,Internet Banking,DEBIT,9805.72,INR,DMart,SUCCESS,REF259936038
TXN000000638,A00000247,C000048,2026-08-27 01:28:36,ATM_WITHDRAWAL,Branch,DEBIT,5802.08,INR,,SUCCESS,REF340233288
TXN000000639,A00000002,C000347,2026-08-02 15:48:37,UPI,UPI,CREDIT,6693.78,INR,Uber,SUCCESS,REF159217839
TXN000000640,A00000120,C000352,2026-07-05 02:57:24,CASH_DEPOSIT,Corporate Banking,DEBIT,5063.8,INR,,SUCCESS,REF459532761
TXN000000641,A00000027,C000337,2026-07-25 19:13:01,UPI,Branch,DEBIT,9456.17,INR,Swiggy,SUCCESS,REF751260586
TXN000000642,A00000075,C000023,2026-07-27 06:27:04,POS,Corporate Banking,DEBIT,590.52,INR,BookMyShow,SUCCESS,REF773212157
TXN000000643,A00000148,C000280,2026-07-15 23:12:38,UPI,Internet Banking,DEBIT,7313.26,INR,Amazon,SUCCESS,REF573143850
TXN000000644,A00000454,C000043,2026-08-30 16:20:54,ATM_WITHDRAWAL,Mobile App,CREDIT,1634.55,INR,,SUCCESS,REF542001632
TXN000000645,A00000134,C000292,2026-08-05 03:21:07,IMPS,Corporate Banking,CREDIT,3478.28,INR,,SUCCESS,REF986917217
TXN000000646,A00000486,C000197,2026-07-11 20:35:10,CASH_DEPOSIT,Corporate Banking,DEBIT,9234.75,INR,,SUCCESS,REF382980228
TXN000000647,A00000024,C000496,2026-08-13 19:25:31,CASH_DEPOSIT,Internet Banking,DEBIT,9368.92,INR,,FAILED,REF313072521
TXN000000648,A00000208,C000377,2026-08-31 11:26:22,CASH_WITHDRAWAL,Internet Banking,DEBIT,18776.21,INR,,SUCCESS,REF530905805
TXN000000649,A00000112,C000045,2026-07-01 07:27:38,CASH_WITHDRAWAL,Mobile App,DEBIT,2043.44,INR,,SUCCESS,REF275430965
TXN000000650,A00000001,C000098,2026-08-18 15:21:39,CASH_DEPOSIT,Mobile App,DEBIT,1170.57,INR,,SUCCESS,REF632305451
TXN000000651,A00000560,C000334,2026-07-13 07:56:46,POS,ATM,DEBIT,3791.01,INR,Decathlon,SUCCESS,REF384110660
TXN000000652,A00000607,C000074,2026-07-11 21:04:25,UPI,Internet Banking,DEBIT,7273.57,INR,IRCTC,SUCCESS,REF415697820
TXN000000653,A00000523,C000292,2026-07-07 15:41:52,UPI,Internet Banking,DEBIT,9732.13,INR,Flipkart,SUCCESS,REF319999302
TXN000000654,A00000257,C000263,2026-08-04 03:56:32,NEFT,Mobile App,CREDIT,4013.68,INR,,SUCCESS,REF636504019
TXN000000655,A00000526,C000360,2026-07-05 00:30:36,IMPS,Mobile App,DEBIT,9155.95,INR,,SUCCESS,REF981149980
TXN000000656,A00000604,C000320,2026-07-13 09:30:22,IMPS,UPI,CREDIT,1068.26,INR,,SUCCESS,REF686397334
TXN000000657,A00000349,C000092,2026-07-29 08:30:53,CASH_WITHDRAWAL,ATM,DEBIT,13892.2,INR,,SUCCESS,REF679133283
TXN000000658,A00000249,C000431,2026-07-12 19:47:19,NEFT,Corporate Banking,DEBIT,8488.36,INR,,SUCCESS,REF463430765
TXN000000659,A00000235,C000343,2026-08-20 21:25:50,CASH_WITHDRAWAL,UPI,CREDIT,946.91,INR,,SUCCESS,REF227769868
TXN000000660,A00000465,C000155,2026-08-30 18:04:32,CASH_WITHDRAWAL,Mobile App,CREDIT,8351.86,INR,,SUCCESS,REF967159977
TXN000000661,A00000151,C000241,2026-07-01 13:41:38,UPI,UPI,DEBIT,3682.61,INR,Swiggy,SUCCESS,REF283545717
TXN000000662,A00000185,C000202,2026-07-11 03:08:16,RTGS,ATM,DEBIT,197550.77,INR,,SUCCESS,REF459758290
TXN000000663,A00000553,C000327,2026-07-26 20:43:56,CASH_WITHDRAWAL,Mobile App,DEBIT,13891.58,INR,,SUCCESS,REF926878063
TXN000000664,A00000179,C000209,2026-07-09 11:55:11,NEFT,UPI,CREDIT,9817.94,INR,,FAILED,REF910635367
TXN000000665,A00000609,C000348,2026-08-04 09:46:35,UPI,Mobile App,CREDIT,5597.39,INR,Decathlon,SUCCESS,REF687042694
TXN000000666,A00000017,C000303,2026-08-28 01:22:32,IMPS,Internet Banking,DEBIT,1312.4,INR,,FAILED,REF842807365
TXN000000667,A00000236,C000401,2026-08-08 09:07:49,CASH_DEPOSIT,UPI,DEBIT,9751.34,INR,,SUCCESS,REF420122455
TXN000000668,A00000621,C000349,2026-08-09 18:38:55,POS,UPI,DEBIT,8469.05,INR,Swiggy,SUCCESS,REF585184907
TXN000000669,A00000642,C000358,2026-07-03 23:50:30,CASH_WITHDRAWAL,ATM,DEBIT,15147.9,INR,,SUCCESS,REF292245204
TXN000000670,A00000241,C000488,2026-07-31 07:08:08,CASH_DEPOSIT,UPI,DEBIT,4503.41,INR,,SUCCESS,REF760977079
TXN000000671,A00000463,C000108,2026-08-09 02:18:40,ATM_WITHDRAWAL,Corporate Banking,CREDIT,2020.84,INR,,SUCCESS,REF671442511
TXN000000672,A00000505,C000206,2026-08-24 22:42:21,CASH_DEPOSIT,UPI,CREDIT,5442.67,INR,,SUCCESS,REF871526168
TXN000000673,A00000158,C000174,2026-08-06 07:08:30,IMPS,ATM,DEBIT,3235.16,INR,,SUCCESS,REF671381693
TXN000000674,A00000326,C000401,2026-07-12 22:45:46,UPI,Mobile App,DEBIT,4016.01,INR,Flipkart,SUCCESS,REF132102471
TXN000000675,A00000370,C000276,2026-08-09 12:04:59,CASH_DEPOSIT,Corporate Banking,CREDIT,3840.34,INR,,SUCCESS,REF132893156
TXN000000676,A00000128,C000420,2026-08-04 06:24:16,IMPS,Corporate Banking,DEBIT,2831.99,INR,,SUCCESS,REF388109029
TXN000000677,A00000258,C000190,2026-07-26 16:46:23,IMPS,UPI,CREDIT,9345.6,INR,,SUCCESS,REF479052259
TXN000000678,A00000627,C000200,2026-08-30 04:50:45,ATM_WITHDRAWAL,Corporate Banking,DEBIT,5309.18,INR,,SUCCESS,REF991536817
TXN000000679,A00000228,C000225,2026-08-06 03:45:13,RTGS,Internet Banking,CREDIT,455683.05,INR,,SUCCESS,REF185477308
TXN000000680,A00000336,C000245,2026-07-22 17:35:47,IMPS,Mobile App,DEBIT,5353.75,INR,,SUCCESS,REF717877949
TXN000000681,A00000176,C000018,2026-07-15 08:05:33,CASH_DEPOSIT,Internet Banking,DEBIT,9463.34,INR,,SUCCESS,REF641682614
TXN000000682,A00000109,C000012,2026-07-02 23:30:49,CASH_DEPOSIT,ATM,DEBIT,3723.85,INR,,FAILED,REF699883347
TXN000000683,A00000333,C000328,2026-08-18 17:45:32,UPI,Corporate Banking,DEBIT,6118.34,INR,DMart,SUCCESS,REF308477223
TXN000000684,A00000314,C000190,2026-08-27 18:39:09,NEFT,UPI,DEBIT,8783.61,INR,,FAILED,REF221544232
TXN000000685,A00000493,C000171,2026-08-23 12:08:47,CASH_WITHDRAWAL,UPI,DEBIT,4383.38,INR,,SUCCESS,REF140469917
TXN000000686,A00000089,C000485,2026-07-20 03:12:41,POS,Internet Banking,DEBIT,2141.35,INR,BookMyShow,SUCCESS,REF988628030
TXN000000687,A00000336,C000245,2026-07-24 22:33:03,RTGS,Mobile App,CREDIT,378019.61,INR,,SUCCESS,REF663204192
TXN000000688,A00000100,C000460,2026-07-21 01:40:02,RTGS,Branch,DEBIT,251297.09,INR,,FAILED,REF260724648
TXN000000689,A00000112,C000045,2026-07-03 12:53:01,ATM_WITHDRAWAL,Mobile App,CREDIT,15952.86,INR,,SUCCESS,REF668237183
TXN000000690,A00000125,C000007,2026-08-23 04:47:33,CASH_WITHDRAWAL,ATM,DEBIT,12298.9,INR,,SUCCESS,REF239345807
TXN000000691,A00000241,C000488,2026-08-26 04:58:57,POS,Internet Banking,CREDIT,4051.83,INR,Ola,SUCCESS,REF448381081
TXN000000692,A00000598,C000248,2026-07-29 19:37:16,CASH_DEPOSIT,ATM,DEBIT,7933.34,INR,,SUCCESS,REF279948247
TXN000000693,A00000142,C000034,2026-08-17 10:10:49,CASH_WITHDRAWAL,UPI,DEBIT,10449.06,INR,,SUCCESS,REF553081060
TXN000000694,A00000373,C000197,2026-08-23 22:20:32,POS,Internet Banking,DEBIT,7886.7,INR,Croma,SUCCESS,REF759688210
TXN000000695,A00000122,C000326,2026-07-28 12:05:54,NEFT,Branch,DEBIT,8133.56,INR,,FAILED,REF106718992
TXN000000696,A00000041,C000027,2026-07-20 13:33:44,UPI,Corporate Banking,DEBIT,1601.63,INR,Reliance Digital,SUCCESS,REF353855386
TXN000000697,A00000135,C000088,2026-08-25 11:33:19,NEFT,Branch,DEBIT,8003.16,INR,,SUCCESS,REF464996815
TXN000000698,A00000493,C000171,2026-08-10 23:02:49,UPI,ATM,DEBIT,5241.78,INR,Zomato,SUCCESS,REF405332410
TXN000000699,A00000533,C000075,2026-08-09 17:51:47,CASH_DEPOSIT,Mobile App,CREDIT,3888.97,INR,,FAILED,REF841269110
TXN000000700,A00000228,C000225,2026-08-10 16:03:31,CASH_DEPOSIT,Corporate Banking,DEBIT,4517.59,INR,,SUCCESS,REF260744181
TXN000000701,A00000007,C000483,2026-08-02 06:06:21,IMPS,Internet Banking,DEBIT,3694.63,INR,,SUCCESS,REF174725150
TXN000000702,A00000539,C000268,2026-08-04 03:51:15,RTGS,Corporate Banking,DEBIT,127793.26,INR,,SUCCESS,REF167555100
TXN000000703,A00000130,C000114,2026-08-11 00:15:28,RTGS,Corporate Banking,DEBIT,445398.81,INR,,SUCCESS,REF163334116
TXN000000704,A00000387,C000162,2026-08-03 08:54:39,UPI,ATM,DEBIT,8860.55,INR,MakeMyTrip,SUCCESS,REF870457628
TXN000000705,A00000567,C000109,2026-08-19 17:10:21,CASH_WITHDRAWAL,ATM,DEBIT,10884.01,INR,,SUCCESS,REF289989124
TXN000000706,A00000186,C000026,2026-07-21 09:28:43,POS,Corporate Banking,DEBIT,4826.79,INR,Decathlon,SUCCESS,REF619512107
TXN000000707,A00000139,C000284,2026-08-06 01:11:25,CASH_DEPOSIT,Internet Banking,DEBIT,1589.81,INR,,SUCCESS,REF648604942
TXN000000708,A00000465,C000155,2026-08-05 08:46:40,CASH_DEPOSIT,Corporate Banking,DEBIT,9001.53,INR,,SUCCESS,REF689885924
TXN000000709,A00000187,C000061,2026-07-12 02:18:19,CASH_WITHDRAWAL,ATM,DEBIT,13085.7,INR,,SUCCESS,REF945262073
TXN000000710,A00000223,C000125,2026-08-29 01:03:56,IMPS,Internet Banking,DEBIT,9569.08,INR,,SUCCESS,REF719171149
TXN000000711,A00000581,C000240,2026-08-31 03:40:13,RTGS,Corporate Banking,CREDIT,446701.42,INR,,SUCCESS,REF805713699
TXN000000712,A00000600,C000106,2026-07-16 20:08:20,NEFT,UPI,DEBIT,6421.56,INR,,SUCCESS,REF278846551
TXN000000713,A00000333,C000328,2026-07-16 21:01:47,POS,UPI,DEBIT,7039.58,INR,Airtel,SUCCESS,REF430778431
TXN000000714,A00000274,C000325,2026-08-16 23:28:09,CASH_DEPOSIT,ATM,CREDIT,1265.46,INR,,SUCCESS,REF967843059
TXN000000715,A00000403,C000162,2026-07-22 09:30:14,ATM_WITHDRAWAL,Internet Banking,CREDIT,881.43,INR,,SUCCESS,REF878494795
TXN000000716,A00000120,C000352,2026-08-08 21:11:58,IMPS,ATM,DEBIT,8938.06,INR,,SUCCESS,REF287186021
TXN000000717,A00000451,C000216,2026-07-22 08:58:27,NEFT,Corporate Banking,CREDIT,1662.79,INR,,SUCCESS,REF634402283
TXN000000718,A00000116,C000284,2026-07-21 05:02:04,RTGS,UPI,DEBIT,452922.23,INR,,SUCCESS,REF130148921
TXN000000719,A00000101,C000076,2026-07-26 01:58:35,IMPS,UPI,DEBIT,7942.67,INR,,SUCCESS,REF147744586
TXN000000720,A00000272,C000458,2026-08-26 16:57:07,CASH_WITHDRAWAL,UPI,CREDIT,18824.67,INR,,SUCCESS,REF326114706
TXN000000721,A00000382,C000103,2026-08-10 19:28:42,POS,ATM,DEBIT,1887.33,INR,Flipkart,SUCCESS,REF398640009
TXN000000722,A00000310,C000285,2026-08-22 20:51:00,RTGS,UPI,DEBIT,340433.08,INR,,SUCCESS,REF171305518
TXN000000723,A00000356,C000454,2026-08-25 20:46:18,IMPS,Branch,DEBIT,9543.24,INR,,SUCCESS,REF790321150
TXN000000724,A00000592,C000319,2026-08-16 21:22:03,IMPS,Corporate Banking,DEBIT,7803.24,INR,,SUCCESS,REF199294339
TXN000000725,A00000311,C000102,2026-08-17 18:37:07,RTGS,Mobile App,DEBIT,344189.62,INR,,SUCCESS,REF310810542
TXN000000726,A00000006,C000491,2026-07-06 07:39:39,CASH_DEPOSIT,Corporate Banking,CREDIT,9922.18,INR,,SUCCESS,REF223662999
TXN000000727,A00000149,C000236,2026-07-10 05:31:35,CASH_DEPOSIT,Branch,DEBIT,531.74,INR,,SUCCESS,REF837430793
TXN000000728,A00000472,C000274,2026-08-12 05:05:02,CASH_DEPOSIT,Branch,DEBIT,4692.2,INR,,SUCCESS,REF901034030
TXN000000729,A00000092,C000378,2026-07-26 03:48:17,NEFT,Mobile App,DEBIT,1171.46,INR,,SUCCESS,REF763044120
TXN000000730,A00000033,C000294,2026-08-17 19:15:57,CASH_WITHDRAWAL,ATM,DEBIT,7187.31,INR,,SUCCESS,REF768913252
TXN000000731,A00000220,C000203,2026-07-13 15:42:30,UPI,ATM,DEBIT,2971.44,INR,BigBasket,SUCCESS,REF809031694
TXN000000732,A00000184,C000134,2026-07-20 18:58:07,CASH_WITHDRAWAL,Branch,DEBIT,13470.3,INR,,SUCCESS,REF402843500
TXN000000733,A00000181,C000378,2026-07-02 20:19:48,NEFT,Corporate Banking,CREDIT,946.5,INR,,SUCCESS,REF250980140
TXN000000734,A00000346,C000364,2026-07-21 04:54:06,UPI,Mobile App,DEBIT,5785.47,INR,Uber,SUCCESS,REF983945276
TXN000000735,A00000606,C000339,2026-08-31 12:44:31,RTGS,Corporate Banking,CREDIT,215027.24,INR,,SUCCESS,REF170885830
TXN000000736,A00000002,C000347,2026-07-23 04:40:03,RTGS,Corporate Banking,CREDIT,305991.54,INR,,SUCCESS,REF933613409
TXN000000737,A00000100,C000460,2026-07-18 06:56:42,RTGS,ATM,DEBIT,103392.65,INR,,SUCCESS,REF679433317
TXN000000738,A00000376,C000131,2026-08-29 04:44:43,CASH_DEPOSIT,Mobile App,DEBIT,3104.1,INR,,SUCCESS,REF180475880
TXN000000739,A00000160,C000320,2026-07-31 01:57:33,UPI,ATM,DEBIT,1451.42,INR,Jio,SUCCESS,REF614655733
TXN000000740,A00000237,C000363,2026-08-09 02:14:23,CASH_WITHDRAWAL,ATM,DEBIT,3743.86,INR,,SUCCESS,REF734380277
TXN000000741,A00000023,C000469,2026-07-09 10:14:43,CASH_DEPOSIT,UPI,DEBIT,2320.6,INR,,SUCCESS,REF380313031
TXN000000742,A00000163,C000452,2026-08-15 10:23:35,UPI,Branch,DEBIT,2257.28,INR,Flipkart,SUCCESS,REF761572282
TXN000000743,A00000372,C000007,2026-08-06 23:17:44,CASH_DEPOSIT,ATM,DEBIT,9568.06,INR,,SUCCESS,REF944862559
TXN000000744,A00000316,C000028,2026-08-07 12:40:17,NEFT,Internet Banking,DEBIT,3740.34,INR,,SUCCESS,REF285201676
TXN000000745,A00000253,C000422,2026-08-23 09:08:32,ATM_WITHDRAWAL,ATM,CREDIT,2575.29,INR,,SUCCESS,REF147377352
TXN000000746,A00000569,C000141,2026-08-21 18:43:14,UPI,Branch,DEBIT,7703.11,INR,BigBasket,SUCCESS,REF891007412
TXN000000747,A00000423,C000338,2026-08-18 03:16:33,RTGS,ATM,DEBIT,229387.25,INR,,SUCCESS,REF145766573
TXN000000748,A00000558,C000266,2026-08-21 13:20:04,UPI,ATM,DEBIT,5192.68,INR,IRCTC,SUCCESS,REF872871438
TXN000000749,A00000111,C000190,2026-07-30 03:04:27,POS,Mobile App,DEBIT,7057.82,INR,Ola,SUCCESS,REF364680584
TXN000000750,A00000056,C000419,2026-07-04 10:28:32,CASH_WITHDRAWAL,Internet Banking,DEBIT,6976.72,INR,,SUCCESS,REF314205620
TXN000000751,A00000411,C000005,2026-07-13 00:54:09,IMPS,Branch,CREDIT,1186.35,INR,,SUCCESS,REF670899603
TXN000000752,A00000541,C000045,2026-08-15 15:38:13,POS,UPI,DEBIT,4495.86,INR,MakeMyTrip,SUCCESS,REF229381992
TXN000000753,A00000575,C000418,2026-08-12 07:17:42,UPI,UPI,CREDIT,3370.94,INR,Myntra,SUCCESS,REF571884011
TXN000000754,A00000261,C000446,2026-07-28 05:25:18,CASH_DEPOSIT,Branch,DEBIT,8901.88,INR,,SUCCESS,REF663302051
TXN000000755,A00000247,C000048,2026-07-31 00:41:27,IMPS,Branch,DEBIT,7009.8,INR,,FAILED,REF532701137
TXN000000756,A00000425,C000439,2026-08-31 12:01:37,CASH_DEPOSIT,Corporate Banking,DEBIT,1046.66,INR,,SUCCESS,REF953735774
TXN000000757,A00000120,C000352,2026-08-01 17:00:57,UPI,Branch,DEBIT,4496.97,INR,Flipkart,SUCCESS,REF803411698
TXN000000758,A00000269,C000441,2026-07-05 20:29:43,RTGS,Corporate Banking,DEBIT,473664.47,INR,,SUCCESS,REF438279112
TXN000000759,A00000256,C000375,2026-07-12 01:32:23,NEFT,Internet Banking,DEBIT,3200.83,INR,,SUCCESS,REF419576557
TXN000000760,A00000613,C000046,2026-08-08 19:16:01,CASH_WITHDRAWAL,ATM,DEBIT,8202.5,INR,,SUCCESS,REF313313615
TXN000000761,A00000475,C000422,2026-07-25 21:57:14,CASH_WITHDRAWAL,UPI,DEBIT,16366.47,INR,,SUCCESS,REF510173692
TXN000000762,A00000102,C000355,2026-07-19 01:47:16,IMPS,ATM,CREDIT,2202.02,INR,,SUCCESS,REF366547610
TXN000000763,A00000239,C000147,2026-07-28 06:39:48,IMPS,Mobile App,DEBIT,7633.84,INR,,SUCCESS,REF222340468
TXN000000764,A00000626,C000142,2026-08-22 09:36:57,CASH_WITHDRAWAL,Mobile App,CREDIT,1806.41,INR,,SUCCESS,REF809015667
TXN000000765,A00000143,C000143,2026-07-04 18:46:16,UPI,ATM,DEBIT,2182.71,INR,Zomato,SUCCESS,REF158972550
TXN000000766,A00000163,C000452,2026-08-12 22:51:23,UPI,Internet Banking,DEBIT,6326.71,INR,Decathlon,FAILED,REF958119260
TXN000000767,A00000086,C000047,2026-08-09 20:48:35,RTGS,UPI,CREDIT,365817.65,INR,,FAILED,REF220212598
TXN000000768,A00000086,C000047,2026-08-04 18:20:14,CASH_WITHDRAWAL,Corporate Banking,DEBIT,14753.66,INR,,FAILED,REF645694386
TXN000000769,A00000032,C000160,2026-08-29 14:31:37,NEFT,Internet Banking,DEBIT,9706.56,INR,,SUCCESS,REF272567836
TXN000000770,A00000124,C000410,2026-08-03 18:40:58,CASH_WITHDRAWAL,Corporate Banking,DEBIT,17727.11,INR,,SUCCESS,REF572826067
TXN000000771,A00000520,C000482,2026-07-01 19:37:40,POS,Mobile App,DEBIT,4404.8,INR,Amazon,SUCCESS,REF150275089
TXN000000772,A00000429,C000162,2026-08-23 06:32:50,CASH_WITHDRAWAL,Mobile App,CREDIT,13498.39,INR,,SUCCESS,REF421645450
TXN000000773,A00000610,C000155,2026-08-11 03:03:34,CASH_DEPOSIT,Mobile App,CREDIT,960.46,INR,,SUCCESS,REF733969324
TXN000000774,A00000277,C000001,2026-07-28 20:22:39,IMPS,UPI,DEBIT,6019.02,INR,,SUCCESS,REF907621959
TXN000000775,A00000402,C000395,2026-07-03 21:26:20,CASH_WITHDRAWAL,Internet Banking,DEBIT,1475.49,INR,,SUCCESS,REF377724867
TXN000000776,A00000091,C000035,2026-07-28 01:36:09,CASH_DEPOSIT,ATM,DEBIT,1169.31,INR,,SUCCESS,REF405068805
TXN000000777,A00000567,C000109,2026-07-07 16:45:24,RTGS,UPI,CREDIT,219824.08,INR,,SUCCESS,REF787193294
TXN000000778,A00000047,C000099,2026-07-19 22:12:10,CASH_DEPOSIT,ATM,CREDIT,7035.01,INR,,SUCCESS,REF873475216
TXN000000779,A00000272,C000458,2026-07-29 18:37:49,CASH_DEPOSIT,Internet Banking,DEBIT,304.93,INR,,SUCCESS,REF112471777
TXN000000780,A00000157,C000166,2026-07-10 05:49:06,POS,Internet Banking,DEBIT,1066.99,INR,Ola,SUCCESS,REF687027434
TXN000000781,A00000129,C000456,2026-08-06 08:04:58,UPI,Internet Banking,CREDIT,5050.2,INR,Decathlon,SUCCESS,REF344761663
TXN000000782,A00000629,C000475,2026-07-09 09:24:46,UPI,ATM,CREDIT,8809.33,INR,IRCTC,REVERSED,REF908415147
TXN000000783,A00000540,C000278,2026-07-02 22:41:29,CASH_WITHDRAWAL,Branch,DEBIT,1828.92,INR,,SUCCESS,REF330265857
TXN000000784,A00000116,C000284,2026-08-08 23:18:18,RTGS,Mobile App,DEBIT,389970.97,INR,,SUCCESS,REF215921670
TXN000000785,A00000239,C000147,2026-07-01 12:26:31,RTGS,Mobile App,DEBIT,233434.62,INR,,SUCCESS,REF373280749
TXN000000786,A00000329,C000157,2026-08-19 00:47:54,NEFT,Mobile App,DEBIT,4036.05,INR,,FAILED,REF398947609
TXN000000787,A00000310,C000285,2026-07-07 15:36:59,CASH_WITHDRAWAL,Internet Banking,DEBIT,2929.1,INR,,SUCCESS,REF848413676
TXN000000788,A00000297,C000034,2026-07-26 02:18:01,ATM_WITHDRAWAL,ATM,CREDIT,11560.78,INR,,SUCCESS,REF902645429
TXN000000789,A00000067,C000357,2026-08-08 19:35:48,IMPS,UPI,DEBIT,7016.94,INR,,SUCCESS,REF883279377
TXN000000790,A00000003,C000435,2026-08-05 05:17:45,CASH_DEPOSIT,Branch,DEBIT,4644.16,INR,,SUCCESS,REF390844530
TXN000000791,A00000424,C000311,2026-08-23 11:53:08,NEFT,UPI,DEBIT,7883.4,INR,,FAILED,REF772795996
TXN000000792,A00000386,C000478,2026-08-04 22:28:44,ATM_WITHDRAWAL,Mobile App,CREDIT,12521.13,INR,,SUCCESS,REF690077090
TXN000000793,A00000451,C000216,2026-07-20 03:17:15,ATM_WITHDRAWAL,Internet Banking,DEBIT,7932.67,INR,,SUCCESS,REF436677834
TXN000000794,A00000051,C000031,2026-07-09 21:48:46,NEFT,Corporate Banking,DEBIT,1284.96,INR,,SUCCESS,REF838146636
TXN000000795,A00000490,C000409,2026-08-29 13:53:22,POS,Corporate Banking,DEBIT,2501.65,INR,Jio,SUCCESS,REF609469912
TXN000000796,A00000081,C000045,2026-07-04 08:16:02,CASH_DEPOSIT,UPI,CREDIT,6843.52,INR,,SUCCESS,REF437571555
TXN000000797,A00000255,C000266,2026-08-11 04:34:44,CASH_DEPOSIT,Branch,DEBIT,9759.85,INR,,SUCCESS,REF743701616
TXN000000798,A00000058,C000332,2026-07-04 00:54:07,CASH_DEPOSIT,UPI,DEBIT,4880.81,INR,,SUCCESS,REF420741041
TXN000000799,A00000544,C000402,2026-07-25 13:39:17,ATM_WITHDRAWAL,Corporate Banking,DEBIT,6219.69,INR,,SUCCESS,REF895170314
TXN000000800,A00000571,C000019,2026-07-27 01:49:13,CASH_DEPOSIT,Internet Banking,CREDIT,4341.83,INR,,SUCCESS,REF115413645
TXN000000801,A00000319,C000472,2026-07-24 17:50:29,POS,ATM,DEBIT,4264.73,INR,Decathlon,SUCCESS,REF713332228
TXN000000802,A00000462,C000170,2026-07-13 18:26:17,ATM_WITHDRAWAL,UPI,DEBIT,19312.78,INR,,SUCCESS,REF360400251
TXN000000803,A00000379,C000417,2026-08-20 04:45:45,ATM_WITHDRAWAL,Corporate Banking,DEBIT,17579.77,INR,,SUCCESS,REF461321998
TXN000000804,A00000297,C000034,2026-08-10 12:09:38,UPI,UPI,DEBIT,1128.57,INR,Reliance Digital,FAILED,REF109831282
TXN000000805,A00000436,C000409,2026-07-08 06:22:05,IMPS,Mobile App,DEBIT,8562.98,INR,,SUCCESS,REF918230535
TXN000000806,A00000463,C000108,2026-07-31 23:54:27,CASH_DEPOSIT,ATM,DEBIT,9645.12,INR,,SUCCESS,REF920133571
TXN000000807,A00000324,C000330,2026-07-07 02:52:43,NEFT,Mobile App,DEBIT,3931.93,INR,,SUCCESS,REF207282596
TXN000000808,A00000095,C000485,2026-08-24 18:19:36,POS,Internet Banking,CREDIT,9111.65,INR,Flipkart,SUCCESS,REF676438777
TXN000000809,A00000016,C000318,2026-08-03 14:25:15,NEFT,ATM,CREDIT,4772.12,INR,,REVERSED,REF237280207
TXN000000810,A00000201,C000300,2026-08-08 13:02:51,NEFT,ATM,DEBIT,1770.25,INR,,FAILED,REF393343175
TXN000000811,A00000457,C000476,2026-07-27 09:34:47,IMPS,Mobile App,CREDIT,9942.45,INR,,SUCCESS,REF884311348
TXN000000812,A00000114,C000172,2026-08-03 09:08:49,IMPS,Mobile App,CREDIT,582.04,INR,,SUCCESS,REF561798876
TXN000000813,A00000355,C000008,2026-08-04 01:45:03,CASH_DEPOSIT,ATM,DEBIT,8670.66,INR,,FAILED,REF782425222
TXN000000814,A00000173,C000413,2026-08-30 18:42:58,POS,Mobile App,DEBIT,9834.84,INR,IRCTC,SUCCESS,REF698602560
TXN000000815,A00000239,C000147,2026-07-24 09:46:13,POS,Branch,DEBIT,8792.57,INR,Ola,SUCCESS,REF800961485
TXN000000816,A00000377,C000266,2026-07-10 07:09:56,ATM_WITHDRAWAL,Branch,DEBIT,7101.51,INR,,SUCCESS,REF307821754
TXN000000817,A00000158,C000174,2026-08-18 17:53:09,CASH_WITHDRAWAL,Corporate Banking,DEBIT,10976.7,INR,,SUCCESS,REF930596908
TXN000000818,A00000408,C000373,2026-08-11 06:03:24,RTGS,ATM,DEBIT,182061.42,INR,,SUCCESS,REF994001774
TXN000000819,A00000569,C000141,2026-08-22 02:38:58,CASH_DEPOSIT,ATM,DEBIT,6866.58,INR,,SUCCESS,REF803359731
TXN000000820,A00000556,C000093,2026-07-05 22:05:26,UPI,ATM,DEBIT,8021.9,INR,Flipkart,SUCCESS,REF867465756
TXN000000821,A00000200,C000064,2026-08-20 08:21:26,UPI,Internet Banking,DEBIT,3896.8,INR,DMart,SUCCESS,REF346356379
TXN000000822,A00000339,C000236,2026-08-24 23:05:48,RTGS,Corporate Banking,DEBIT,55316.89,INR,,SUCCESS,REF867892241
TXN000000823,A00000406,C000424,2026-08-27 02:26:16,CASH_WITHDRAWAL,ATM,DEBIT,6088.81,INR,,REVERSED,REF399417352
TXN000000824,A00000261,C000446,2026-07-17 09:32:06,ATM_WITHDRAWAL,ATM,DEBIT,19132.47,INR,,SUCCESS,REF325771414
TXN000000825,A00000548,C000373,2026-07-31 21:56:45,POS,UPI,DEBIT,6899.92,INR,BookMyShow,SUCCESS,REF693211288
TXN000000826,A00000110,C000163,2026-08-11 11:40:08,UPI,Mobile App,DEBIT,6435.78,INR,IRCTC,SUCCESS,REF639382632
TXN000000827,A00000525,C000394,2026-08-21 22:38:59,ATM_WITHDRAWAL,UPI,CREDIT,14839.15,INR,,REVERSED,REF666606892
TXN000000828,A00000527,C000110,2026-08-18 21:48:12,IMPS,Branch,DEBIT,8853.75,INR,,REVERSED,REF437694037
TXN000000829,A00000493,C000171,2026-07-07 09:59:05,IMPS,ATM,DEBIT,8383.23,INR,,SUCCESS,REF349699944
TXN000000830,A00000038,C000093,2026-08-08 19:40:37,NEFT,Corporate Banking,CREDIT,8625.39,INR,,SUCCESS,REF287936545
TXN000000831,A00000275,C000156,2026-08-23 20:16:13,IMPS,Corporate Banking,DEBIT,9050.36,INR,,SUCCESS,REF274734337
TXN000000832,A00000534,C000256,2026-07-10 04:06:15,RTGS,Corporate Banking,CREDIT,406556.95,INR,,SUCCESS,REF977151931
TXN000000833,A00000161,C000244,2026-08-02 01:47:51,RTGS,Corporate Banking,DEBIT,282686.5,INR,,SUCCESS,REF230058682
TXN000000834,A00000046,C000267,2026-07-15 06:23:53,NEFT,Branch,DEBIT,198.28,INR,,SUCCESS,REF660516377
TXN000000835,A00000396,C000083,2026-08-28 01:05:06,CASH_WITHDRAWAL,UPI,CREDIT,2734.98,INR,,SUCCESS,REF230677293
TXN000000836,A00000012,C000441,2026-07-13 13:34:06,NEFT,ATM,DEBIT,8187.41,INR,,SUCCESS,REF877932331
TXN000000837,A00000241,C000488,2026-08-11 03:05:47,ATM_WITHDRAWAL,UPI,DEBIT,13172.58,INR,,SUCCESS,REF396743138
TXN000000838,A00000432,C000302,2026-07-20 14:52:44,IMPS,UPI,DEBIT,1990.12,INR,,SUCCESS,REF948369306
TXN000000839,A00000101,C000076,2026-08-16 00:36:55,UPI,ATM,CREDIT,86.32,INR,Myntra,SUCCESS,REF977644069
TXN000000840,A00000286,C000019,2026-08-07 13:48:21,POS,ATM,DEBIT,9527.34,INR,Airtel,SUCCESS,REF839842062
TXN000000841,A00000048,C000337,2026-08-27 14:11:49,CASH_DEPOSIT,ATM,DEBIT,4356.87,INR,,SUCCESS,REF114003647
TXN000000842,A00000403,C000162,2026-07-06 03:17:15,POS,Corporate Banking,DEBIT,3025.95,INR,Apollo Pharmacy,SUCCESS,REF579985087
TXN000000843,A00000555,C000040,2026-08-09 21:32:06,POS,Internet Banking,CREDIT,1050.69,INR,Flipkart,SUCCESS,REF116153797
TXN000000844,A00000377,C000266,2026-07-19 20:10:08,RTGS,Mobile App,CREDIT,296705.64,INR,,SUCCESS,REF709314181
TXN000000845,A00000579,C000165,2026-08-08 16:42:56,CASH_DEPOSIT,Branch,DEBIT,1635.09,INR,,SUCCESS,REF699180220
TXN000000846,A00000569,C000141,2026-08-13 23:19:56,NEFT,ATM,DEBIT,4751.16,INR,,SUCCESS,REF498353648
TXN000000847,A00000606,C000339,2026-07-30 02:49:22,CASH_DEPOSIT,UPI,CREDIT,1847.07,INR,,SUCCESS,REF125097245
TXN000000848,A00000609,C000348,2026-07-09 15:42:52,RTGS,Corporate Banking,DEBIT,474470.61,INR,,SUCCESS,REF777595235
TXN000000849,A00000535,C000325,2026-07-20 02:51:50,IMPS,UPI,DEBIT,3832.4,INR,,SUCCESS,REF713793422
TXN000000850,A00000378,C000338,2026-08-20 16:47:02,IMPS,Internet Banking,DEBIT,9410.41,INR,,SUCCESS,REF226463759
TXN000000851,A00000472,C000274,2026-08-12 05:01:23,CASH_WITHDRAWAL,ATM,DEBIT,14268.29,INR,,SUCCESS,REF298511473
TXN000000852,A00000077,C000193,2026-08-21 23:28:58,NEFT,UPI,DEBIT,5441.02,INR,,SUCCESS,REF753427376
TXN000000853,A00000607,C000074,2026-07-28 09:41:40,CASH_DEPOSIT,Mobile App,DEBIT,9402.66,INR,,SUCCESS,REF612741724
TXN000000854,A00000343,C000466,2026-08-21 09:37:26,NEFT,Corporate Banking,DEBIT,4520.33,INR,,SUCCESS,REF241616184
TXN000000855,A00000108,C000229,2026-07-24 17:41:54,POS,Branch,DEBIT,6826.1,INR,Ola,SUCCESS,REF235741420
TXN000000856,A00000003,C000435,2026-08-25 13:22:05,IMPS,ATM,DEBIT,1306.97,INR,,SUCCESS,REF119393727
TXN000000857,A00000051,C000031,2026-07-15 12:27:29,NEFT,ATM,DEBIT,6339.58,INR,,FAILED,REF593232068
TXN000000858,A00000176,C000018,2026-08-25 17:06:44,RTGS,Mobile App,DEBIT,175300.76,INR,,FAILED,REF756084755
TXN000000859,A00000336,C000245,2026-08-03 23:44:12,ATM_WITHDRAWAL,UPI,DEBIT,2234.71,INR,,SUCCESS,REF381124470
TXN000000860,A00000464,C000301,2026-07-05 14:10:50,RTGS,UPI,DEBIT,497158.61,INR,,SUCCESS,REF170771493
TXN000000861,A00000061,C000495,2026-08-11 02:08:53,POS,Branch,DEBIT,9432.56,INR,Jio,FAILED,REF755431781
TXN000000862,A00000183,C000391,2026-08-22 23:55:06,CASH_WITHDRAWAL,Branch,DEBIT,2629.54,INR,,SUCCESS,REF186834388
TXN000000863,A00000045,C000131,2026-08-22 16:02:28,POS,Branch,DEBIT,2312.76,INR,BigBasket,SUCCESS,REF596471866
TXN000000864,A00000073,C000338,2026-08-13 00:32:07,CASH_DEPOSIT,Branch,CREDIT,5956.8,INR,,SUCCESS,REF852329085
TXN000000865,A00000089,C000485,2026-07-19 08:15:53,ATM_WITHDRAWAL,Corporate Banking,DEBIT,6880.96,INR,,SUCCESS,REF660389049
TXN000000866,A00000480,C000233,2026-08-06 07:46:02,CASH_DEPOSIT,ATM,DEBIT,5951.33,INR,,SUCCESS,REF376049186
TXN000000867,A00000286,C000019,2026-08-16 03:12:26,CASH_WITHDRAWAL,UPI,DEBIT,8561.68,INR,,FAILED,REF317094040
TXN000000868,A00000319,C000472,2026-08-19 02:34:29,NEFT,Branch,DEBIT,2171.51,INR,,SUCCESS,REF265065333
TXN000000869,A00000361,C000020,2026-07-12 02:30:07,CASH_DEPOSIT,ATM,DEBIT,2256.7,INR,,SUCCESS,REF941460924
TXN000000870,A00000369,C000390,2026-08-22 08:48:33,CASH_WITHDRAWAL,Internet Banking,DEBIT,15396.85,INR,,SUCCESS,REF164935057
TXN000000871,A00000416,C000246,2026-08-17 15:37:44,ATM_WITHDRAWAL,ATM,DEBIT,8990.72,INR,,SUCCESS,REF335181023
TXN000000872,A00000258,C000190,2026-08-05 11:03:18,ATM_WITHDRAWAL,Mobile App,DEBIT,10315.91,INR,,SUCCESS,REF510840544
TXN000000873,A00000646,C000054,2026-07-04 12:02:44,ATM_WITHDRAWAL,Internet Banking,DEBIT,3189.05,INR,,SUCCESS,REF577099462
TXN000000874,A00000284,C000005,2026-07-29 22:34:08,UPI,Internet Banking,DEBIT,3965.06,INR,Swiggy,SUCCESS,REF526346256
TXN000000875,A00000164,C000138,2026-07-01 21:37:45,RTGS,Branch,DEBIT,378133.94,INR,,FAILED,REF448485542
TXN000000876,A00000110,C000163,2026-08-14 11:16:03,UPI,Corporate Banking,DEBIT,4959.18,INR,Zomato,SUCCESS,REF207084131
TXN000000877,A00000086,C000047,2026-08-02 14:07:22,NEFT,Branch,DEBIT,4653.86,INR,,SUCCESS,REF964836016
TXN000000878,A00000303,C000076,2026-08-14 06:26:59,CASH_WITHDRAWAL,Mobile App,DEBIT,1552.68,INR,,SUCCESS,REF766774890
TXN000000879,A00000380,C000418,2026-07-18 03:01:39,RTGS,Corporate Banking,DEBIT,463962.7,INR,,REVERSED,REF188790935
TXN000000880,A00000139,C000284,2026-07-21 20:36:12,IMPS,Internet Banking,DEBIT,4405.49,INR,,SUCCESS,REF548481302
TXN000000881,A00000052,C000313,2026-07-22 07:48:47,NEFT,Corporate Banking,DEBIT,3229.1,INR,,FAILED,REF472614736
TXN000000882,A00000603,C000148,2026-07-22 01:09:53,ATM_WITHDRAWAL,ATM,DEBIT,17866.64,INR,,SUCCESS,REF996309776
TXN000000883,A00000505,C000206,2026-08-15 06:57:49,NEFT,Mobile App,CREDIT,7661.6,INR,,SUCCESS,REF153168984
TXN000000884,A00000363,C000176,2026-08-28 08:23:45,POS,Corporate Banking,DEBIT,6456.94,INR,Flipkart,SUCCESS,REF521626653
TXN000000885,A00000295,C000123,2026-07-01 07:24:02,RTGS,Corporate Banking,DEBIT,397787.61,INR,,SUCCESS,REF473887438
TXN000000886,A00000130,C000114,2026-07-28 01:39:37,UPI,UPI,DEBIT,8788.95,INR,Swiggy,SUCCESS,REF422006465
TXN000000887,A00000642,C000358,2026-08-11 12:15:46,NEFT,UPI,DEBIT,9556.35,INR,,FAILED,REF485660331
TXN000000888,A00000355,C000008,2026-07-22 05:20:03,RTGS,Branch,DEBIT,358711.11,INR,,SUCCESS,REF135710148
TXN000000889,A00000061,C000495,2026-08-06 21:01:48,CASH_DEPOSIT,Branch,DEBIT,9639.35,INR,,SUCCESS,REF560069558
TXN000000890,A00000561,C000129,2026-07-25 15:59:31,UPI,ATM,DEBIT,783.19,INR,Flipkart,SUCCESS,REF359454580
TXN000000891,A00000491,C000418,2026-08-26 07:55:48,ATM_WITHDRAWAL,Corporate Banking,DEBIT,2943.47,INR,,SUCCESS,REF410285655
TXN000000892,A00000315,C000126,2026-07-02 00:06:04,POS,ATM,CREDIT,8625.79,INR,BookMyShow,SUCCESS,REF268765947
TXN000000893,A00000343,C000466,2026-07-11 23:02:33,POS,Internet Banking,DEBIT,130.1,INR,Swiggy,SUCCESS,REF507466706
TXN000000894,A00000321,C000152,2026-07-19 03:51:03,ATM_WITHDRAWAL,ATM,DEBIT,8127.68,INR,,SUCCESS,REF165657494
TXN000000895,A00000643,C000134,2026-08-06 05:26:28,IMPS,Mobile App,DEBIT,6631.84,INR,,SUCCESS,REF202272739
TXN000000896,A00000072,C000099,2026-07-03 20:48:03,UPI,Branch,CREDIT,7385.43,INR,Flipkart,SUCCESS,REF106032925
TXN000000897,A00000554,C000468,2026-07-16 00:30:27,CASH_DEPOSIT,Mobile App,DEBIT,5128.85,INR,,SUCCESS,REF521531792
TXN000000898,A00000455,C000443,2026-07-01 10:15:08,RTGS,Corporate Banking,DEBIT,327319.84,INR,,FAILED,REF590204531
TXN000000899,A00000343,C000466,2026-07-12 03:11:38,CASH_WITHDRAWAL,Mobile App,CREDIT,11529.08,INR,,SUCCESS,REF524387157
TXN000000900,A00000048,C000337,2026-08-12 06:31:25,RTGS,Branch,DEBIT,158121.22,INR,,SUCCESS,REF479807308
TXN000000901,A00000534,C000256,2026-07-30 16:52:14,IMPS,Branch,DEBIT,823.49,INR,,SUCCESS,REF577726708
TXN000000902,A00000118,C000214,2026-08-23 05:54:07,NEFT,Mobile App,DEBIT,8021.47,INR,,SUCCESS,REF563264925
TXN000000903,A00000173,C000413,2026-08-08 06:13:22,NEFT,Branch,DEBIT,6488.0,INR,,FAILED,REF663105566
TXN000000904,A00000128,C000420,2026-08-06 03:26:21,CASH_WITHDRAWAL,ATM,DEBIT,13884.71,INR,,SUCCESS,REF640234831
TXN000000905,A00000448,C000457,2026-08-05 02:58:09,RTGS,Corporate Banking,DEBIT,199542.09,INR,,SUCCESS,REF597947770
TXN000000906,A00000482,C000074,2026-07-07 13:53:52,IMPS,UPI,DEBIT,7054.58,INR,,SUCCESS,REF905749233
TXN000000907,A00000348,C000274,2026-08-14 21:59:10,RTGS,Mobile App,DEBIT,394514.55,INR,,SUCCESS,REF503123168
TXN000000908,A00000624,C000238,2026-08-07 17:27:41,IMPS,Mobile App,DEBIT,5109.78,INR,,SUCCESS,REF433924832
TXN000000909,A00000055,C000245,2026-07-09 06:07:16,NEFT,Corporate Banking,CREDIT,9954.52,INR,,SUCCESS,REF157954510
TXN000000910,A00000182,C000406,2026-08-10 08:19:28,RTGS,Mobile App,DEBIT,291494.56,INR,,SUCCESS,REF195219997
TXN000000911,A00000285,C000349,2026-07-14 04:47:39,ATM_WITHDRAWAL,Corporate Banking,DEBIT,5935.84,INR,,SUCCESS,REF486441343
TXN000000912,A00000592,C000319,2026-08-17 22:50:21,RTGS,Corporate Banking,DEBIT,352906.82,INR,,SUCCESS,REF780799423
TXN000000913,A00000213,C000463,2026-08-15 05:26:04,UPI,Mobile App,DEBIT,2806.13,INR,IRCTC,SUCCESS,REF634752443
TXN000000914,A00000368,C000487,2026-07-07 08:52:22,IMPS,Internet Banking,DEBIT,6969.75,INR,,SUCCESS,REF934132137
TXN000000915,A00000134,C000292,2026-08-26 01:42:44,NEFT,ATM,DEBIT,4208.39,INR,,SUCCESS,REF103098643
TXN000000916,A00000059,C000250,2026-08-08 08:24:12,POS,ATM,CREDIT,7166.71,INR,BookMyShow,SUCCESS,REF727668881
TXN000000917,A00000099,C000249,2026-07-02 23:43:47,RTGS,Mobile App,DEBIT,81966.95,INR,,SUCCESS,REF972903432
TXN000000918,A00000076,C000215,2026-07-03 05:47:36,CASH_WITHDRAWAL,UPI,DEBIT,17371.19,INR,,SUCCESS,REF943057199
TXN000000919,A00000030,C000189,2026-08-04 10:02:43,ATM_WITHDRAWAL,Branch,CREDIT,19324.54,INR,,SUCCESS,REF261958664
TXN000000920,A00000582,C000440,2026-07-13 04:18:54,NEFT,ATM,CREDIT,8024.51,INR,,SUCCESS,REF159997565
TXN000000921,A00000376,C000131,2026-07-24 15:12:26,CASH_DEPOSIT,ATM,CREDIT,5593.94,INR,,FAILED,REF143571772
TXN000000922,A00000393,C000402,2026-07-06 20:45:54,RTGS,UPI,CREDIT,468437.7,INR,,SUCCESS,REF164901853
TXN000000923,A00000311,C000102,2026-07-20 23:53:06,ATM_WITHDRAWAL,Branch,CREDIT,15772.84,INR,,FAILED,REF520387366
TXN000000924,A00000202,C000347,2026-07-15 20:39:50,ATM_WITHDRAWAL,ATM,DEBIT,4177.01,INR,,SUCCESS,REF794950649
TXN000000925,A00000620,C000154,2026-07-13 04:42:50,CASH_DEPOSIT,Mobile App,CREDIT,1714.38,INR,,SUCCESS,REF995525718
TXN000000926,A00000121,C000075,2026-07-10 09:18:38,NEFT,Mobile App,CREDIT,2990.4,INR,,SUCCESS,REF989862087
TXN000000927,A00000352,C000008,2026-07-10 03:41:32,POS,Corporate Banking,DEBIT,2702.22,INR,Decathlon,SUCCESS,REF737929920
TXN000000928,A00000633,C000059,2026-08-29 14:50:20,NEFT,Mobile App,DEBIT,7412.06,INR,,SUCCESS,REF981177622
TXN000000929,A00000087,C000500,2026-07-13 20:22:41,CASH_DEPOSIT,Internet Banking,DEBIT,2673.51,INR,,SUCCESS,REF873271730
TXN000000930,A00000289,C000439,2026-07-24 02:05:50,CASH_WITHDRAWAL,Internet Banking,DEBIT,4139.85,INR,,SUCCESS,REF379969634
TXN000000931,A00000208,C000377,2026-07-16 02:49:24,UPI,Branch,DEBIT,8098.72,INR,Croma,SUCCESS,REF130053409
TXN000000932,A00000383,C000226,2026-08-16 14:12:51,ATM_WITHDRAWAL,Corporate Banking,DEBIT,9604.64,INR,,SUCCESS,REF954769398
TXN000000933,A00000465,C000155,2026-08-27 09:46:00,CASH_DEPOSIT,Corporate Banking,DEBIT,5888.92,INR,,FAILED,REF487075984
TXN000000934,A00000246,C000019,2026-07-31 09:51:41,CASH_DEPOSIT,ATM,CREDIT,3738.65,INR,,FAILED,REF738497605
TXN000000935,A00000515,C000174,2026-07-05 15:41:19,CASH_DEPOSIT,Mobile App,DEBIT,9624.64,INR,,SUCCESS,REF290141637
TXN000000936,A00000352,C000008,2026-08-28 00:17:18,ATM_WITHDRAWAL,UPI,DEBIT,10941.99,INR,,FAILED,REF763921816
TXN000000937,A00000314,C000190,2026-07-12 14:31:50,NEFT,UPI,DEBIT,8156.92,INR,,SUCCESS,REF498589825
TXN000000938,A00000590,C000359,2026-08-24 16:15:47,CASH_DEPOSIT,Mobile App,DEBIT,4000.9,INR,,SUCCESS,REF357192447
TXN000000939,A00000014,C000394,2026-07-16 13:23:46,CASH_WITHDRAWAL,Corporate Banking,DEBIT,5885.59,INR,,SUCCESS,REF513182261
TXN000000940,A00000126,C000053,2026-07-17 23:41:23,ATM_WITHDRAWAL,UPI,DEBIT,13520.11,INR,,SUCCESS,REF269021101
TXN000000941,A00000426,C000131,2026-07-21 11:14:54,NEFT,Mobile App,DEBIT,3044.92,INR,,SUCCESS,REF543078754
TXN000000942,A00000226,C000217,2026-08-13 00:39:28,CASH_WITHDRAWAL,Branch,DEBIT,19240.49,INR,,SUCCESS,REF669974638
TXN000000943,A00000365,C000073,2026-07-08 02:53:27,IMPS,Internet Banking,CREDIT,1463.78,INR,,SUCCESS,REF698054214
TXN000000944,A00000288,C000345,2026-07-24 23:57:17,POS,Internet Banking,DEBIT,1606.36,INR,Ola,SUCCESS,REF642761406
TXN000000945,A00000472,C000274,2026-08-26 18:08:01,ATM_WITHDRAWAL,Branch,DEBIT,13765.39,INR,,SUCCESS,REF790218221
TXN000000946,A00000168,C000464,2026-07-27 12:25:52,UPI,Corporate Banking,DEBIT,6930.43,INR,Reliance Digital,FAILED,REF596926738
TXN000000947,A00000464,C000301,2026-07-26 11:47:36,IMPS,ATM,DEBIT,5794.18,INR,,SUCCESS,REF103656410
TXN000000948,A00000115,C000213,2026-07-03 22:54:43,ATM_WITHDRAWAL,Corporate Banking,DEBIT,13091.26,INR,,SUCCESS,REF973673014
TXN000000949,A00000450,C000462,2026-08-29 13:22:47,NEFT,Internet Banking,DEBIT,294.64,INR,,SUCCESS,REF263190573
TXN000000950,A00000496,C000286,2026-07-05 11:15:25,IMPS,Mobile App,DEBIT,7308.41,INR,,SUCCESS,REF309237446
TXN000000951,A00000123,C000392,2026-07-20 08:15:15,CASH_DEPOSIT,UPI,DEBIT,313.37,INR,,SUCCESS,REF333664129
TXN000000952,A00000408,C000373,2026-07-11 01:16:38,NEFT,Mobile App,DEBIT,4969.05,INR,,SUCCESS,REF768333823
TXN000000953,A00000355,C000008,2026-08-03 14:13:38,POS,Mobile App,DEBIT,7106.41,INR,Myntra,SUCCESS,REF777711057
TXN000000954,A00000497,C000498,2026-08-31 22:24:17,RTGS,Internet Banking,DEBIT,373611.42,INR,,FAILED,REF259298837
TXN000000955,A00000174,C000210,2026-08-19 16:07:04,IMPS,Mobile App,DEBIT,6417.37,INR,,SUCCESS,REF747884807
TXN000000956,A00000623,C000342,2026-07-24 17:14:46,IMPS,Corporate Banking,DEBIT,64.17,INR,,SUCCESS,REF342130763
TXN000000957,A00000133,C000180,2026-07-23 01:15:55,RTGS,ATM,CREDIT,89198.42,INR,,SUCCESS,REF152564958
TXN000000958,A00000565,C000184,2026-08-08 18:07:32,CASH_WITHDRAWAL,Branch,DEBIT,4155.03,INR,,SUCCESS,REF314644529
TXN000000959,A00000391,C000228,2026-08-01 04:32:22,UPI,Mobile App,CREDIT,1031.77,INR,Zomato,SUCCESS,REF984362336
TXN000000960,A00000567,C000109,2026-08-05 23:00:53,RTGS,Mobile App,DEBIT,301224.12,INR,,FAILED,REF629349488
TXN000000961,A00000646,C000054,2026-08-18 09:32:39,CASH_DEPOSIT,UPI,DEBIT,9234.28,INR,,SUCCESS,REF613760094
TXN000000962,A00000206,C000131,2026-07-17 04:46:13,POS,Mobile App,DEBIT,4454.03,INR,BigBasket,REVERSED,REF264031531
TXN000000963,A00000146,C000168,2026-08-02 00:36:53,IMPS,Corporate Banking,DEBIT,9200.44,INR,,SUCCESS,REF413572258
TXN000000964,A00000260,C000480,2026-08-12 20:36:36,IMPS,Mobile App,DEBIT,3493.76,INR,,SUCCESS,REF479824317
TXN000000965,A00000415,C000063,2026-08-22 22:29:53,UPI,Internet Banking,DEBIT,3801.42,INR,Jio,SUCCESS,REF518341978
TXN000000966,A00000249,C000431,2026-08-24 23:35:02,CASH_WITHDRAWAL,Branch,DEBIT,5270.52,INR,,SUCCESS,REF834089588
TXN000000967,A00000504,C000477,2026-08-01 11:28:41,ATM_WITHDRAWAL,Mobile App,DEBIT,5108.14,INR,,SUCCESS,REF801369402
TXN000000968,A00000576,C000136,2026-08-26 02:36:42,POS,Mobile App,CREDIT,1527.55,INR,Myntra,SUCCESS,REF161559681
TXN000000969,A00000521,C000470,2026-08-23 17:14:26,ATM_WITHDRAWAL,Corporate Banking,DEBIT,4970.15,INR,,SUCCESS,REF436973436
TXN000000970,A00000284,C000005,2026-08-06 02:38:51,CASH_WITHDRAWAL,Mobile App,DEBIT,6709.2,INR,,SUCCESS,REF559689340
TXN000000971,A00000275,C000156,2026-08-19 12:27:35,NEFT,Internet Banking,CREDIT,821.06,INR,,SUCCESS,REF711576973
TXN000000972,A00000094,C000241,2026-07-14 21:30:54,CASH_DEPOSIT,Internet Banking,CREDIT,5944.63,INR,,SUCCESS,REF484134039
TXN000000973,A00000190,C000121,2026-07-01 04:59:28,UPI,Branch,DEBIT,4797.75,INR,Myntra,SUCCESS,REF269968727
TXN000000974,A00000016,C000318,2026-08-11 18:03:48,NEFT,Branch,DEBIT,6246.36,INR,,SUCCESS,REF196427804
TXN000000975,A00000154,C000339,2026-07-16 15:39:20,ATM_WITHDRAWAL,UPI,CREDIT,4434.81,INR,,SUCCESS,REF708306413
TXN000000976,A00000465,C000155,2026-08-31 19:02:59,CASH_DEPOSIT,ATM,DEBIT,411.54,INR,,SUCCESS,REF557803192
TXN000000977,A00000503,C000486,2026-08-19 06:44:57,CASH_WITHDRAWAL,Mobile App,CREDIT,16058.85,INR,,SUCCESS,REF824722131
TXN000000978,A00000029,C000138,2026-08-31 19:18:42,CASH_WITHDRAWAL,UPI,CREDIT,14061.33,INR,,SUCCESS,REF551354463
TXN000000979,A00000361,C000020,2026-08-30 22:58:21,RTGS,Corporate Banking,DEBIT,471186.22,INR,,SUCCESS,REF747056050
TXN000000980,A00000094,C000241,2026-07-13 01:07:27,CASH_DEPOSIT,UPI,DEBIT,3321.72,INR,,SUCCESS,REF233884025
TXN000000981,A00000149,C000236,2026-08-07 02:31:17,UPI,Internet Banking,DEBIT,1627.47,INR,Jio,SUCCESS,REF506020361
TXN000000982,A00000279,C000358,2026-08-28 10:20:36,ATM_WITHDRAWAL,ATM,DEBIT,9393.85,INR,,SUCCESS,REF101278408
TXN000000983,A00000144,C000249,2026-07-30 14:24:17,CASH_DEPOSIT,Internet Banking,DEBIT,9683.29,INR,,SUCCESS,REF918744568
TXN000000984,A00000446,C000206,2026-08-07 16:23:20,CASH_WITHDRAWAL,Internet Banking,DEBIT,11661.72,INR,,SUCCESS,REF316150982
TXN000000985,A00000395,C000109,2026-07-03 09:21:16,POS,Internet Banking,DEBIT,4294.97,INR,Amazon,SUCCESS,REF479034438
TXN000000986,A00000323,C000227,2026-08-17 14:03:29,RTGS,Internet Banking,CREDIT,66935.77,INR,,SUCCESS,REF598648995
TXN000000987,A00000452,C000257,2026-08-10 20:35:12,NEFT,Corporate Banking,DEBIT,1143.6,INR,,SUCCESS,REF847265727
TXN000000988,A00000390,C000327,2026-07-24 21:36:39,RTGS,ATM,DEBIT,72295.42,INR,,SUCCESS,REF475556852
TXN000000989,A00000113,C000374,2026-07-30 15:03:21,IMPS,Corporate Banking,DEBIT,5313.71,INR,,SUCCESS,REF352083152
TXN000000990,A00000081,C000045,2026-08-28 19:05:49,POS,UPI,DEBIT,6160.11,INR,Uber,SUCCESS,REF402465524
TXN000000991,A00000424,C000311,2026-07-22 09:31:44,CASH_DEPOSIT,Internet Banking,DEBIT,2517.74,INR,,SUCCESS,REF376378852
TXN000000992,A00000075,C000023,2026-08-29 21:58:19,ATM_WITHDRAWAL,UPI,DEBIT,8212.68,INR,,SUCCESS,REF360337356
TXN000000993,A00000265,C000159,2026-08-06 09:49:02,ATM_WITHDRAWAL,ATM,DEBIT,6059.23,INR,,SUCCESS,REF915045715
TXN000000994,A00000575,C000418,2026-07-04 21:36:07,IMPS,Internet Banking,CREDIT,1503.74,INR,,SUCCESS,REF876261688
TXN000000995,A00000489,C000320,2026-08-04 23:23:39,RTGS,UPI,DEBIT,351053.54,INR,,SUCCESS,REF269321921
TXN000000996,A00000107,C000461,2026-08-18 20:47:23,UPI,ATM,DEBIT,9977.18,INR,Flipkart,SUCCESS,REF223634420
TXN000000997,A00000491,C000418,2026-07-20 18:52:50,UPI,Internet Banking,DEBIT,4815.36,INR,Apollo Pharmacy,SUCCESS,REF942209811
TXN000000998,A00000423,C000338,2026-08-21 21:19:16,POS,Mobile App,DEBIT,3399.95,INR,Flipkart,SUCCESS,REF146075055
TXN000000999,A00000310,C000285,2026-07-25 02:20:00,ATM_WITHDRAWAL,Mobile App,DEBIT,17041.0,INR,,SUCCESS,REF983647122
TXN000001000,A00000029,C000138,2026-08-25 12:57:11,IMPS,Branch,DEBIT,8977.53,INR,,SUCCESS,REF319086451
TXN000001001,A00000473,C000329,2026-08-25 12:58:12,POS,UPI,CREDIT,8591.79,INR,BigBasket,SUCCESS,REF462260974
TXN000001002,A00000644,C000474,2026-07-28 02:52:19,CASH_WITHDRAWAL,UPI,DEBIT,11329.86,INR,,FAILED,REF380344818
TXN000001003,A00000370,C000276,2026-07-26 14:07:21,ATM_WITHDRAWAL,Mobile App,DEBIT,14067.38,INR,,SUCCESS,REF682010754
TXN000001004,A00000564,C000424,2026-07-14 10:47:59,POS,Mobile App,DEBIT,528.18,INR,Ola,SUCCESS,REF820210725
TXN000001005,A00000139,C000284,2026-07-13 11:17:15,UPI,ATM,DEBIT,8586.85,INR,Myntra,SUCCESS,REF323244104
TXN000001006,A00000111,C000190,2026-08-12 16:24:42,UPI,Corporate Banking,CREDIT,3047.52,INR,Croma,SUCCESS,REF824557941
TXN000001007,A00000406,C000424,2026-08-20 23:42:24,UPI,Internet Banking,DEBIT,375.06,INR,DMart,SUCCESS,REF725526230
TXN000001008,A00000052,C000313,2026-08-11 03:15:53,IMPS,Corporate Banking,CREDIT,8866.9,INR,,SUCCESS,REF407139956
TXN000001009,A00000066,C000392,2026-07-20 07:34:01,CASH_WITHDRAWAL,Internet Banking,DEBIT,19874.17,INR,,SUCCESS,REF676128538
TXN000001010,A00000376,C000131,2026-08-22 20:21:20,UPI,UPI,DEBIT,1675.53,INR,Ola,SUCCESS,REF294534133
TXN000001011,A00000460,C000382,2026-08-18 05:48:23,POS,Mobile App,DEBIT,7311.84,INR,IRCTC,SUCCESS,REF264623956
TXN000001012,A00000639,C000401,2026-07-22 14:36:35,RTGS,UPI,DEBIT,57308.77,INR,,SUCCESS,REF110695352
TXN000001013,A00000236,C000401,2026-07-17 14:51:55,UPI,ATM,CREDIT,2233.62,INR,Swiggy,SUCCESS,REF231915340
TXN000001014,A00000439,C000478,2026-07-29 15:32:30,CASH_WITHDRAWAL,Mobile App,CREDIT,16407.81,INR,,SUCCESS,REF472989414
TXN000001015,A00000323,C000227,2026-07-18 23:21:56,RTGS,Internet Banking,DEBIT,75499.49,INR,,SUCCESS,REF285801953
TXN000001016,A00000237,C000363,2026-07-02 07:53:34,ATM_WITHDRAWAL,Internet Banking,DEBIT,3827.23,INR,,SUCCESS,REF680017903
TXN000001017,A00000304,C000348,2026-08-07 00:35:47,CASH_WITHDRAWAL,Branch,CREDIT,19458.01,INR,,SUCCESS,REF275456486
TXN000001018,A00000136,C000428,2026-07-29 15:03:29,ATM_WITHDRAWAL,Internet Banking,CREDIT,7779.35,INR,,SUCCESS,REF209081737
TXN000001019,A00000488,C000220,2026-07-07 22:39:25,CASH_WITHDRAWAL,UPI,DEBIT,5578.78,INR,,FAILED,REF153736958
TXN000001020,A00000396,C000083,2026-07-15 19:32:42,POS,ATM,DEBIT,6416.2,INR,MakeMyTrip,SUCCESS,REF464512159
TXN000001021,A00000518,C000479,2026-07-21 21:48:05,NEFT,Branch,DEBIT,1839.79,INR,,SUCCESS,REF914164144
TXN000001022,A00000547,C000124,2026-08-16 05:22:04,ATM_WITHDRAWAL,Mobile App,CREDIT,18339.73,INR,,SUCCESS,REF301462400
TXN000001023,A00000463,C000108,2026-07-07 04:43:58,NEFT,Branch,DEBIT,7954.57,INR,,FAILED,REF228017741
TXN000001024,A00000544,C000402,2026-08-14 12:37:16,CASH_WITHDRAWAL,Corporate Banking,CREDIT,1318.29,INR,,SUCCESS,REF897518821
TXN000001025,A00000629,C000475,2026-08-27 02:41:30,UPI,ATM,DEBIT,6712.62,INR,MakeMyTrip,SUCCESS,REF138712327
TXN000001026,A00000645,C000178,2026-08-07 22:33:09,RTGS,UPI,DEBIT,208634.8,INR,,SUCCESS,REF291343796
TXN000001027,A00000613,C000046,2026-08-27 03:58:58,POS,ATM,DEBIT,7365.43,INR,Myntra,SUCCESS,REF628527920
TXN000001028,A00000398,C000034,2026-07-12 05:57:16,ATM_WITHDRAWAL,Branch,DEBIT,11372.35,INR,,SUCCESS,REF260689244
TXN000001029,A00000148,C000280,2026-07-25 11:40:08,NEFT,Corporate Banking,DEBIT,3788.02,INR,,SUCCESS,REF793689814
TXN000001030,A00000392,C000338,2026-07-01 19:38:43,RTGS,Mobile App,DEBIT,383017.06,INR,,FAILED,REF416139273
TXN000001031,A00000310,C000285,2026-07-20 18:17:04,CASH_WITHDRAWAL,UPI,CREDIT,16753.52,INR,,SUCCESS,REF722889019
TXN000001032,A00000339,C000236,2026-07-02 06:03:05,UPI,Branch,DEBIT,2746.07,INR,Uber,SUCCESS,REF834820282
TXN000001033,A00000358,C000163,2026-08-25 11:24:14,NEFT,Mobile App,CREDIT,6140.17,INR,,SUCCESS,REF769922606
TXN000001034,A00000187,C000061,2026-08-12 07:37:00,CASH_DEPOSIT,Mobile App,DEBIT,4300.03,INR,,SUCCESS,REF387770819
TXN000001035,A00000190,C000121,2026-08-20 06:12:27,CASH_WITHDRAWAL,Mobile App,DEBIT,9746.22,INR,,SUCCESS,REF118830065
TXN000001036,A00000429,C000162,2026-07-23 19:45:37,NEFT,Branch,DEBIT,8863.93,INR,,SUCCESS,REF243689450
TXN000001037,A00000029,C000138,2026-08-29 05:44:25,POS,Mobile App,DEBIT,5748.41,INR,Zomato,SUCCESS,REF925283258
TXN000001038,A00000421,C000045,2026-07-21 21:10:26,RTGS,ATM,DEBIT,316135.57,INR,,SUCCESS,REF597434896
TXN000001039,A00000158,C000174,2026-08-09 10:48:03,CASH_DEPOSIT,Corporate Banking,DEBIT,1764.99,INR,,SUCCESS,REF504782647
TXN000001040,A00000078,C000233,2026-08-09 18:43:39,POS,Branch,DEBIT,6649.29,INR,Zomato,SUCCESS,REF877229487
TXN000001041,A00000110,C000163,2026-07-03 01:35:15,RTGS,Internet Banking,DEBIT,392127.4,INR,,SUCCESS,REF268613888
TXN000001042,A00000066,C000392,2026-07-10 03:26:08,NEFT,Mobile App,DEBIT,1808.96,INR,,SUCCESS,REF417905455
TXN000001043,A00000524,C000329,2026-08-04 05:35:39,NEFT,ATM,CREDIT,7126.73,INR,,SUCCESS,REF531068038
TXN000001044,A00000306,C000355,2026-08-07 03:59:43,UPI,UPI,DEBIT,1084.61,INR,DMart,SUCCESS,REF162800627
TXN000001045,A00000399,C000414,2026-08-23 00:02:05,ATM_WITHDRAWAL,Branch,CREDIT,15126.49,INR,,SUCCESS,REF639529630
TXN000001046,A00000510,C000024,2026-08-23 11:25:14,CASH_WITHDRAWAL,UPI,DEBIT,9868.61,INR,,SUCCESS,REF516307728
TXN000001047,A00000412,C000431,2026-07-20 04:19:25,ATM_WITHDRAWAL,UPI,CREDIT,8286.27,INR,,SUCCESS,REF333765973
TXN000001048,A00000304,C000348,2026-07-10 15:52:42,IMPS,Mobile App,DEBIT,1162.34,INR,,SUCCESS,REF296518095
TXN000001049,A00000018,C000343,2026-07-11 22:16:21,ATM_WITHDRAWAL,Internet Banking,DEBIT,1386.71,INR,,SUCCESS,REF221083610
TXN000001050,A00000289,C000439,2026-08-06 04:04:29,CASH_WITHDRAWAL,Branch,CREDIT,18382.21,INR,,SUCCESS,REF579440227
TXN000001051,A00000158,C000174,2026-08-08 22:19:02,CASH_DEPOSIT,Internet Banking,DEBIT,5901.87,INR,,SUCCESS,REF651567503
TXN000001052,A00000204,C000003,2026-07-02 02:04:32,NEFT,Mobile App,CREDIT,7366.79,INR,,SUCCESS,REF122480683
TXN000001053,A00000173,C000413,2026-07-23 07:09:42,UPI,Corporate Banking,DEBIT,670.76,INR,Decathlon,SUCCESS,REF684085302
TXN000001054,A00000406,C000424,2026-08-10 01:41:23,RTGS,Internet Banking,DEBIT,51731.98,INR,,SUCCESS,REF668503514
TXN000001055,A00000241,C000488,2026-08-05 05:53:32,UPI,ATM,DEBIT,9356.41,INR,Flipkart,SUCCESS,REF527464758
TXN000001056,A00000547,C000124,2026-07-30 15:52:46,CASH_DEPOSIT,Mobile App,DEBIT,1681.94,INR,,SUCCESS,REF696796440
TXN000001057,A00000212,C000149,2026-08-26 07:25:18,CASH_DEPOSIT,Mobile App,CREDIT,6748.09,INR,,SUCCESS,REF902067778
TXN000001058,A00000086,C000047,2026-08-26 22:58:40,POS,UPI,CREDIT,6368.25,INR,Myntra,SUCCESS,REF212479669
TXN000001059,A00000254,C000218,2026-08-31 03:57:22,CASH_DEPOSIT,Branch,DEBIT,5543.89,INR,,SUCCESS,REF812775601
TXN000001060,A00000518,C000479,2026-07-15 22:09:53,IMPS,Mobile App,DEBIT,2051.19,INR,,SUCCESS,REF645570167
TXN000001061,A00000230,C000335,2026-07-30 21:50:54,POS,Corporate Banking,DEBIT,8982.23,INR,Croma,SUCCESS,REF860474498
TXN000001062,A00000021,C000463,2026-07-31 17:56:59,CASH_DEPOSIT,ATM,DEBIT,9529.04,INR,,SUCCESS,REF553647257
TXN000001063,A00000645,C000178,2026-07-11 00:13:42,POS,Corporate Banking,DEBIT,8263.94,INR,DMart,SUCCESS,REF180595440
TXN000001064,A00000637,C000271,2026-07-29 14:55:06,IMPS,Branch,CREDIT,4697.53,INR,,FAILED,REF846028910
TXN000001065,A00000114,C000172,2026-07-27 21:06:03,POS,UPI,DEBIT,9700.87,INR,Decathlon,SUCCESS,REF475748989
TXN000001066,A00000510,C000024,2026-07-02 05:29:09,IMPS,Corporate Banking,CREDIT,7357.52,INR,,SUCCESS,REF847250398
TXN000001067,A00000409,C000444,2026-08-09 12:53:06,CASH_DEPOSIT,UPI,DEBIT,7649.01,INR,,SUCCESS,REF581269742
TXN000001068,A00000210,C000416,2026-08-27 05:55:00,ATM_WITHDRAWAL,Internet Banking,DEBIT,12066.94,INR,,SUCCESS,REF392947601
TXN000001069,A00000446,C000206,2026-08-17 10:50:41,UPI,Mobile App,DEBIT,7651.76,INR,BookMyShow,SUCCESS,REF610220123
TXN000001070,A00000147,C000406,2026-07-20 02:17:28,CASH_DEPOSIT,ATM,CREDIT,4259.36,INR,,SUCCESS,REF703910915
TXN000001071,A00000004,C000012,2026-07-17 20:21:28,CASH_WITHDRAWAL,Internet Banking,DEBIT,13754.46,INR,,SUCCESS,REF180818365
TXN000001072,A00000522,C000231,2026-08-24 11:00:18,RTGS,Branch,CREDIT,410892.2,INR,,SUCCESS,REF410284823
TXN000001073,A00000470,C000112,2026-08-16 21:10:21,POS,UPI,DEBIT,2102.27,INR,Uber,SUCCESS,REF727365757
TXN000001074,A00000547,C000124,2026-07-21 00:21:34,UPI,UPI,DEBIT,2688.95,INR,Croma,SUCCESS,REF110643751
TXN000001075,A00000335,C000088,2026-08-26 01:08:35,IMPS,Mobile App,CREDIT,1226.76,INR,,SUCCESS,REF592504899
TXN000001076,A00000041,C000027,2026-08-05 21:54:42,CASH_DEPOSIT,Branch,DEBIT,4032.14,INR,,SUCCESS,REF292351716
TXN000001077,A00000278,C000129,2026-07-15 00:01:11,ATM_WITHDRAWAL,UPI,DEBIT,2535.31,INR,,SUCCESS,REF963823038
TXN000001078,A00000043,C000148,2026-08-12 19:41:31,POS,UPI,DEBIT,4850.55,INR,MakeMyTrip,SUCCESS,REF898340819
TXN000001079,A00000109,C000012,2026-08-25 08:36:46,POS,Branch,DEBIT,4189.14,INR,BookMyShow,SUCCESS,REF113663756
TXN000001080,A00000049,C000339,2026-08-13 12:33:28,UPI,Corporate Banking,CREDIT,2167.9,INR,Uber,SUCCESS,REF935966295
TXN000001081,A00000611,C000050,2026-07-02 13:00:49,POS,ATM,DEBIT,6468.24,INR,Zomato,SUCCESS,REF923832833
TXN000001082,A00000579,C000165,2026-08-12 10:42:40,RTGS,ATM,CREDIT,490436.56,INR,,SUCCESS,REF639720207
TXN000001083,A00000492,C000094,2026-08-03 17:11:19,UPI,Mobile App,CREDIT,6553.6,INR,Flipkart,SUCCESS,REF777556202
TXN000001084,A00000209,C000103,2026-08-14 04:28:25,CASH_DEPOSIT,Branch,DEBIT,3754.99,INR,,SUCCESS,REF417426432
TXN000001085,A00000311,C000102,2026-07-03 14:19:23,ATM_WITHDRAWAL,ATM,DEBIT,12108.47,INR,,SUCCESS,REF553054055
TXN000001086,A00000573,C000202,2026-07-24 06:00:05,CASH_DEPOSIT,Internet Banking,DEBIT,8194.08,INR,,SUCCESS,REF945461555
TXN000001087,A00000130,C000114,2026-07-23 22:15:21,NEFT,UPI,CREDIT,3269.89,INR,,SUCCESS,REF247024266
TXN000001088,A00000323,C000227,2026-07-12 06:34:57,CASH_DEPOSIT,Branch,DEBIT,7692.78,INR,,SUCCESS,REF331342886
TXN000001089,A00000302,C000160,2026-07-20 17:29:27,CASH_WITHDRAWAL,ATM,DEBIT,5543.09,INR,,SUCCESS,REF835227852
TXN000001090,A00000334,C000146,2026-08-08 15:54:48,POS,Internet Banking,DEBIT,5993.01,INR,Zomato,SUCCESS,REF978085832
TXN000001091,A00000238,C000063,2026-07-06 04:59:40,RTGS,Internet Banking,DEBIT,270094.51,INR,,SUCCESS,REF334248982
TXN000001092,A00000105,C000486,2026-08-25 21:41:50,IMPS,Branch,DEBIT,7030.09,INR,,SUCCESS,REF523469229
TXN000001093,A00000131,C000218,2026-08-29 02:28:31,IMPS,Corporate Banking,CREDIT,9467.72,INR,,SUCCESS,REF936231141
TXN000001094,A00000147,C000406,2026-07-18 19:31:03,CASH_WITHDRAWAL,Corporate Banking,DEBIT,8799.17,INR,,SUCCESS,REF696662282
TXN000001095,A00000329,C000157,2026-07-11 06:35:16,POS,UPI,DEBIT,5563.73,INR,Myntra,SUCCESS,REF471810315
TXN000001096,A00000144,C000249,2026-07-08 18:17:24,POS,Internet Banking,CREDIT,1058.96,INR,Jio,SUCCESS,REF581709225
TXN000001097,A00000069,C000455,2026-07-04 19:15:49,UPI,Corporate Banking,DEBIT,3393.08,INR,Jio,SUCCESS,REF199585411
TXN000001098,A00000265,C000159,2026-07-15 13:19:48,CASH_WITHDRAWAL,Corporate Banking,DEBIT,5750.28,INR,,SUCCESS,REF251554443
TXN000001099,A00000305,C000500,2026-08-24 10:46:10,CASH_WITHDRAWAL,Branch,CREDIT,14770.1,INR,,SUCCESS,REF723394061
TXN000001100,A00000308,C000115,2026-08-27 21:57:20,CASH_WITHDRAWAL,Mobile App,DEBIT,6143.01,INR,,SUCCESS,REF624340765
TXN000001101,A00000523,C000292,2026-07-08 19:17:28,UPI,Mobile App,CREDIT,2261.34,INR,Swiggy,SUCCESS,REF173709879
TXN000001102,A00000206,C000131,2026-08-08 06:38:03,RTGS,ATM,DEBIT,284524.54,INR,,SUCCESS,REF643342996
TXN000001103,A00000548,C000373,2026-08-05 02:29:14,IMPS,Internet Banking,DEBIT,8130.25,INR,,SUCCESS,REF610261270
TXN000001104,A00000202,C000347,2026-08-05 15:49:49,UPI,Mobile App,DEBIT,2888.15,INR,Swiggy,SUCCESS,REF231240385
TXN000001105,A00000456,C000097,2026-07-14 11:55:17,ATM_WITHDRAWAL,Corporate Banking,DEBIT,16718.78,INR,,SUCCESS,REF965196468
TXN000001106,A00000525,C000394,2026-08-06 03:54:34,UPI,Internet Banking,CREDIT,1060.2,INR,MakeMyTrip,SUCCESS,REF399806241
TXN000001107,A00000391,C000228,2026-08-17 13:47:43,CASH_WITHDRAWAL,Mobile App,CREDIT,9844.22,INR,,SUCCESS,REF170120064
TXN000001108,A00000318,C000165,2026-08-07 22:00:46,RTGS,UPI,DEBIT,228224.2,INR,,SUCCESS,REF775496328
TXN000001109,A00000441,C000351,2026-08-09 21:23:30,ATM_WITHDRAWAL,UPI,DEBIT,7158.37,INR,,SUCCESS,REF220436830
TXN000001110,A00000050,C000395,2026-08-06 00:37:03,POS,UPI,DEBIT,4822.92,INR,Airtel,SUCCESS,REF856206028
TXN000001111,A00000088,C000238,2026-07-19 10:28:01,CASH_DEPOSIT,Mobile App,DEBIT,6652.53,INR,,SUCCESS,REF890405580
TXN000001112,A00000527,C000110,2026-08-23 22:23:38,ATM_WITHDRAWAL,Corporate Banking,CREDIT,18813.68,INR,,SUCCESS,REF570342322
TXN000001113,A00000175,C000127,2026-08-26 17:51:01,POS,Internet Banking,DEBIT,8247.66,INR,Croma,SUCCESS,REF656534054
TXN000001114,A00000114,C000172,2026-07-05 16:03:36,UPI,Corporate Banking,CREDIT,1832.54,INR,Decathlon,SUCCESS,REF811434048
TXN000001115,A00000647,C000011,2026-07-20 19:15:13,NEFT,UPI,DEBIT,8209.02,INR,,SUCCESS,REF585173688
TXN000001116,A00000084,C000272,2026-08-07 19:15:52,CASH_WITHDRAWAL,Internet Banking,DEBIT,6899.24,INR,,FAILED,REF970681342
TXN000001117,A00000102,C000355,2026-08-01 05:49:15,ATM_WITHDRAWAL,UPI,CREDIT,4519.16,INR,,REVERSED,REF212540121
TXN000001118,A00000085,C000386,2026-08-10 01:04:50,IMPS,Mobile App,DEBIT,7274.89,INR,,SUCCESS,REF675929413
TXN000001119,A00000117,C000079,2026-08-09 17:54:06,NEFT,UPI,DEBIT,5802.32,INR,,SUCCESS,REF461377871
TXN000001120,A00000591,C000178,2026-07-02 22:28:17,UPI,Corporate Banking,DEBIT,8880.7,INR,Zomato,SUCCESS,REF719648027
TXN000001121,A00000049,C000339,2026-08-05 15:28:55,POS,ATM,DEBIT,3190.45,INR,Reliance Digital,SUCCESS,REF501223842
TXN000001122,A00000092,C000378,2026-08-04 00:45:08,POS,Corporate Banking,CREDIT,7457.91,INR,Amazon,SUCCESS,REF818264518
TXN000001123,A00000327,C000388,2026-08-17 04:25:30,RTGS,Branch,DEBIT,227553.72,INR,,SUCCESS,REF185706314
TXN000001124,A00000011,C000050,2026-08-24 20:52:50,RTGS,ATM,DEBIT,289687.22,INR,,SUCCESS,REF438388789
TXN000001125,A00000358,C000163,2026-07-28 01:32:19,NEFT,UPI,DEBIT,2471.33,INR,,SUCCESS,REF452284061
TXN000001126,A00000548,C000373,2026-08-15 04:28:44,NEFT,Branch,DEBIT,8563.07,INR,,SUCCESS,REF245630539
TXN000001127,A00000307,C000215,2026-07-05 12:29:50,RTGS,Corporate Banking,CREDIT,142962.83,INR,,SUCCESS,REF913387344
TXN000001128,A00000412,C000431,2026-07-06 07:54:06,IMPS,Corporate Banking,DEBIT,9154.38,INR,,SUCCESS,REF743798260
TXN000001129,A00000411,C000005,2026-08-09 02:11:50,RTGS,Corporate Banking,DEBIT,158897.52,INR,,SUCCESS,REF684708979
TXN000001130,A00000330,C000386,2026-08-10 10:37:39,CASH_DEPOSIT,ATM,DEBIT,948.96,INR,,SUCCESS,REF458965044
TXN000001131,A00000396,C000083,2026-08-01 20:41:01,CASH_DEPOSIT,Mobile App,DEBIT,2432.12,INR,,SUCCESS,REF224221368
TXN000001132,A00000104,C000277,2026-07-26 22:20:05,CASH_DEPOSIT,Branch,DEBIT,2937.26,INR,,SUCCESS,REF357681067
TXN000001133,A00000483,C000457,2026-07-11 19:49:55,CASH_WITHDRAWAL,UPI,CREDIT,1049.37,INR,,REVERSED,REF798100675
TXN000001134,A00000388,C000234,2026-08-28 09:04:45,CASH_DEPOSIT,Internet Banking,DEBIT,96.63,INR,,SUCCESS,REF505564081
TXN000001135,A00000262,C000244,2026-07-27 02:47:12,ATM_WITHDRAWAL,Branch,DEBIT,14243.51,INR,,SUCCESS,REF847934043
TXN000001136,A00000473,C000329,2026-07-14 12:11:17,POS,UPI,DEBIT,6364.33,INR,Ola,SUCCESS,REF146013804
TXN000001137,A00000383,C000226,2026-08-12 20:23:48,NEFT,UPI,DEBIT,422.86,INR,,SUCCESS,REF329773464
TXN000001138,A00000009,C000457,2026-07-28 04:53:25,ATM_WITHDRAWAL,UPI,DEBIT,8684.12,INR,,SUCCESS,REF378274210
TXN000001139,A00000278,C000129,2026-07-15 21:33:11,CASH_WITHDRAWAL,Internet Banking,DEBIT,15222.07,INR,,FAILED,REF717771418
TXN000001140,A00000422,C000495,2026-07-26 09:28:15,UPI,Corporate Banking,DEBIT,4212.97,INR,Myntra,SUCCESS,REF676149519
TXN000001141,A00000285,C000349,2026-08-18 12:45:54,CASH_WITHDRAWAL,Branch,DEBIT,17487.79,INR,,SUCCESS,REF923473257
TXN000001142,A00000337,C000419,2026-07-30 09:40:49,CASH_WITHDRAWAL,Mobile App,DEBIT,10073.72,INR,,SUCCESS,REF556145108
TXN000001143,A00000567,C000109,2026-08-18 13:58:18,NEFT,Internet Banking,DEBIT,7898.92,INR,,SUCCESS,REF323622397
TXN000001144,A00000605,C000021,2026-07-14 19:57:56,NEFT,ATM,CREDIT,5097.21,INR,,SUCCESS,REF485628176
TXN000001145,A00000525,C000394,2026-07-19 17:17:25,RTGS,ATM,DEBIT,146502.08,INR,,SUCCESS,REF201246436
TXN000001146,A00000239,C000147,2026-08-09 04:06:14,UPI,Internet Banking,DEBIT,6070.18,INR,Croma,SUCCESS,REF550038635
TXN000001147,A00000024,C000496,2026-07-26 04:51:04,IMPS,Internet Banking,DEBIT,5472.26,INR,,SUCCESS,REF142433446
TXN000001148,A00000269,C000441,2026-07-11 08:28:13,NEFT,Branch,DEBIT,6569.33,INR,,SUCCESS,REF482358908
TXN000001149,A00000462,C000170,2026-07-18 02:24:48,CASH_WITHDRAWAL,Branch,DEBIT,5736.35,INR,,SUCCESS,REF631231534
TXN000001150,A00000606,C000339,2026-07-18 13:30:58,ATM_WITHDRAWAL,Mobile App,DEBIT,4694.28,INR,,SUCCESS,REF618317920
TXN000001151,A00000631,C000050,2026-07-10 05:15:00,ATM_WITHDRAWAL,Internet Banking,CREDIT,12868.69,INR,,SUCCESS,REF884035306
TXN000001152,A00000572,C000141,2026-07-17 20:54:39,CASH_WITHDRAWAL,ATM,DEBIT,8100.6,INR,,SUCCESS,REF500714339
TXN000001153,A00000081,C000045,2026-07-12 10:32:40,CASH_WITHDRAWAL,Branch,DEBIT,15972.29,INR,,SUCCESS,REF845066459
TXN000001154,A00000220,C000203,2026-07-07 19:25:36,IMPS,UPI,DEBIT,4221.2,INR,,SUCCESS,REF428005325
TXN000001155,A00000392,C000338,2026-07-25 07:49:55,CASH_DEPOSIT,Branch,CREDIT,1037.21,INR,,SUCCESS,REF686429833
TXN000001156,A00000409,C000444,2026-08-29 05:30:50,CASH_WITHDRAWAL,Branch,DEBIT,3811.79,INR,,SUCCESS,REF936909585
TXN000001157,A00000243,C000366,2026-07-27 04:56:05,CASH_DEPOSIT,Branch,DEBIT,8937.96,INR,,SUCCESS,REF683794890
TXN000001158,A00000598,C000248,2026-07-30 17:19:23,UPI,UPI,DEBIT,149.27,INR,Amazon,SUCCESS,REF631430073
TXN000001159,A00000250,C000230,2026-08-21 20:30:04,IMPS,Branch,DEBIT,3368.71,INR,,SUCCESS,REF332129971
TXN000001160,A00000631,C000050,2026-07-03 23:49:26,CASH_WITHDRAWAL,ATM,DEBIT,15176.39,INR,,SUCCESS,REF217206520
TXN000001161,A00000210,C000416,2026-08-17 18:32:37,CASH_DEPOSIT,ATM,DEBIT,5685.4,INR,,SUCCESS,REF632161763
TXN000001162,A00000146,C000168,2026-08-21 09:14:37,IMPS,Internet Banking,DEBIT,1243.51,INR,,SUCCESS,REF950776308
TXN000001163,A00000115,C000213,2026-08-21 02:29:25,CASH_WITHDRAWAL,ATM,DEBIT,3760.09,INR,,SUCCESS,REF428987253
TXN000001164,A00000251,C000290,2026-07-10 08:12:47,CASH_DEPOSIT,Internet Banking,DEBIT,585.25,INR,,SUCCESS,REF241459717
TXN000001165,A00000189,C000308,2026-08-11 14:27:56,POS,Branch,DEBIT,1485.04,INR,Airtel,SUCCESS,REF731052193
TXN000001166,A00000277,C000001,2026-08-16 00:37:10,NEFT,UPI,DEBIT,1462.06,INR,,SUCCESS,REF984003952
TXN000001167,A00000457,C000476,2026-07-02 07:34:54,CASH_WITHDRAWAL,Corporate Banking,DEBIT,7828.64,INR,,SUCCESS,REF771636160
TXN000001168,A00000362,C000163,2026-08-29 04:45:11,POS,ATM,CREDIT,989.02,INR,Swiggy,SUCCESS,REF747120459
TXN000001169,A00000308,C000115,2026-08-13 04:52:35,UPI,Internet Banking,DEBIT,9706.59,INR,Jio,SUCCESS,REF476620928
TXN000001170,A00000115,C000213,2026-07-07 03:52:13,CASH_DEPOSIT,UPI,DEBIT,418.7,INR,,SUCCESS,REF676625202
TXN000001171,A00000596,C000156,2026-07-28 19:40:43,NEFT,ATM,DEBIT,1748.76,INR,,SUCCESS,REF961499302
TXN000001172,A00000549,C000259,2026-08-05 15:34:53,CASH_DEPOSIT,UPI,CREDIT,2590.23,INR,,SUCCESS,REF597796336
TXN000001173,A00000389,C000189,2026-08-02 19:08:00,UPI,Internet Banking,DEBIT,9083.15,INR,BookMyShow,SUCCESS,REF648866587
TXN000001174,A00000237,C000363,2026-07-06 20:33:17,CASH_WITHDRAWAL,Branch,DEBIT,11371.06,INR,,SUCCESS,REF765409860
TXN000001175,A00000581,C000240,2026-07-20 01:35:16,IMPS,Branch,CREDIT,903.25,INR,,SUCCESS,REF879643548
TXN000001176,A00000542,C000413,2026-08-10 04:39:18,RTGS,Mobile App,DEBIT,482876.49,INR,,FAILED,REF399147144
TXN000001177,A00000554,C000468,2026-08-30 01:25:21,ATM_WITHDRAWAL,UPI,DEBIT,5773.17,INR,,SUCCESS,REF716418273
TXN000001178,A00000541,C000045,2026-07-28 06:49:34,CASH_DEPOSIT,Mobile App,DEBIT,3219.68,INR,,SUCCESS,REF278777701
TXN000001179,A00000205,C000145,2026-08-25 00:31:46,CASH_WITHDRAWAL,Internet Banking,DEBIT,14979.6,INR,,SUCCESS,REF323485749
TXN000001180,A00000224,C000434,2026-07-02 19:58:18,UPI,UPI,CREDIT,656.55,INR,Reliance Digital,SUCCESS,REF898624180
TXN000001181,A00000413,C000061,2026-07-01 00:07:20,CASH_WITHDRAWAL,UPI,DEBIT,2668.98,INR,,SUCCESS,REF227894411
TXN000001182,A00000416,C000246,2026-08-31 03:21:43,UPI,ATM,DEBIT,280.27,INR,Reliance Digital,SUCCESS,REF630935396
TXN000001183,A00000207,C000199,2026-08-04 21:00:50,CASH_WITHDRAWAL,Corporate Banking,CREDIT,11848.46,INR,,SUCCESS,REF763331844
TXN000001184,A00000046,C000267,2026-08-20 12:15:50,CASH_DEPOSIT,Internet Banking,DEBIT,138.62,INR,,FAILED,REF687995164
TXN000001185,A00000436,C000409,2026-07-03 01:50:40,CASH_WITHDRAWAL,Branch,DEBIT,8075.9,INR,,SUCCESS,REF367405921
TXN000001186,A00000445,C000264,2026-08-16 08:53:43,NEFT,ATM,DEBIT,8908.67,INR,,FAILED,REF661987206
TXN000001187,A00000088,C000238,2026-08-08 20:13:03,POS,Corporate Banking,DEBIT,970.05,INR,DMart,SUCCESS,REF251957685
TXN000001188,A00000588,C000305,2026-08-10 09:27:29,ATM_WITHDRAWAL,Corporate Banking,DEBIT,854.34,INR,,SUCCESS,REF318456311
TXN000001189,A00000332,C000486,2026-07-29 11:42:39,RTGS,ATM,DEBIT,235002.11,INR,,SUCCESS,REF855971832
TXN000001190,A00000280,C000491,2026-07-10 01:57:14,CASH_DEPOSIT,Branch,DEBIT,4347.83,INR,,SUCCESS,REF386685375
TXN000001191,A00000017,C000303,2026-08-04 03:20:06,IMPS,Corporate Banking,DEBIT,7078.08,INR,,FAILED,REF800743524
TXN000001192,A00000228,C000225,2026-08-31 00:02:27,CASH_WITHDRAWAL,Mobile App,CREDIT,15457.63,INR,,SUCCESS,REF670026395
TXN000001193,A00000355,C000008,2026-08-14 11:49:27,NEFT,Mobile App,CREDIT,4993.96,INR,,SUCCESS,REF484948257
TXN000001194,A00000198,C000326,2026-08-30 08:05:33,CASH_DEPOSIT,Internet Banking,CREDIT,3150.15,INR,,SUCCESS,REF416387957
TXN000001195,A00000090,C000264,2026-08-19 20:23:22,IMPS,Mobile App,DEBIT,6216.56,INR,,SUCCESS,REF224763823
TXN000001196,A00000429,C000162,2026-08-20 22:59:38,NEFT,Internet Banking,DEBIT,6302.0,INR,,SUCCESS,REF408018616
TXN000001197,A00000408,C000373,2026-07-04 16:55:02,NEFT,UPI,DEBIT,8839.53,INR,,SUCCESS,REF384007049
TXN000001198,A00000437,C000157,2026-07-06 04:39:09,CASH_DEPOSIT,UPI,DEBIT,284.14,INR,,SUCCESS,REF592075731
TXN000001199,A00000089,C000485,2026-08-26 06:23:59,UPI,Mobile App,DEBIT,942.82,INR,Ola,SUCCESS,REF196176452
TXN000001200,A00000129,C000456,2026-07-17 19:22:56,UPI,Corporate Banking,DEBIT,6565.9,INR,Amazon,SUCCESS,REF561046721
TXN000001201,A00000446,C000206,2026-08-22 09:24:48,POS,Internet Banking,CREDIT,2282.66,INR,Flipkart,FAILED,REF427986788
TXN000001202,A00000182,C000406,2026-07-27 07:57:53,IMPS,Corporate Banking,DEBIT,9785.77,INR,,SUCCESS,REF127008056
TXN000001203,A00000110,C000163,2026-07-01 13:19:25,NEFT,ATM,DEBIT,3362.32,INR,,FAILED,REF431923285
TXN000001204,A00000504,C000477,2026-07-23 20:19:41,IMPS,ATM,DEBIT,2631.76,INR,,SUCCESS,REF540054094
TXN000001205,A00000548,C000373,2026-07-21 03:41:51,IMPS,Corporate Banking,DEBIT,1673.66,INR,,SUCCESS,REF817451204
TXN000001206,A00000188,C000366,2026-07-01 18:32:46,CASH_DEPOSIT,ATM,CREDIT,4557.98,INR,,SUCCESS,REF515996415
TXN000001207,A00000360,C000318,2026-08-24 04:44:02,CASH_DEPOSIT,Internet Banking,DEBIT,9529.4,INR,,FAILED,REF767224411
TXN000001208,A00000453,C000027,2026-07-29 18:35:30,CASH_DEPOSIT,Internet Banking,DEBIT,8530.4,INR,,SUCCESS,REF991065414
TXN000001209,A00000083,C000485,2026-08-10 07:33:42,IMPS,Internet Banking,DEBIT,5802.9,INR,,SUCCESS,REF216880122
TXN000001210,A00000523,C000292,2026-07-20 05:18:00,ATM_WITHDRAWAL,Mobile App,DEBIT,9925.77,INR,,SUCCESS,REF391923807
TXN000001211,A00000215,C000182,2026-08-26 13:46:38,ATM_WITHDRAWAL,UPI,DEBIT,14658.13,INR,,FAILED,REF261937333
TXN000001212,A00000089,C000485,2026-07-28 09:12:12,POS,UPI,DEBIT,7916.77,INR,Myntra,SUCCESS,REF717221214
TXN000001213,A00000177,C000491,2026-08-12 10:03:49,UPI,Internet Banking,DEBIT,9700.47,INR,Zomato,SUCCESS,REF862633133
TXN000001214,A00000628,C000143,2026-07-06 19:20:24,CASH_WITHDRAWAL,Mobile App,CREDIT,11160.69,INR,,SUCCESS,REF818000528
TXN000001215,A00000440,C000098,2026-08-07 10:28:03,RTGS,UPI,DEBIT,201813.43,INR,,SUCCESS,REF667188111
TXN000001216,A00000530,C000095,2026-07-02 14:45:04,ATM_WITHDRAWAL,ATM,DEBIT,8685.62,INR,,SUCCESS,REF119635030
TXN000001217,A00000356,C000454,2026-07-03 06:37:01,NEFT,Branch,DEBIT,8174.76,INR,,SUCCESS,REF498433341
TXN000001218,A00000319,C000472,2026-08-21 06:47:23,RTGS,Mobile App,DEBIT,175534.65,INR,,SUCCESS,REF531052131
TXN000001219,A00000053,C000330,2026-07-28 00:09:09,ATM_WITHDRAWAL,Mobile App,CREDIT,19045.71,INR,,SUCCESS,REF866146970
TXN000001220,A00000518,C000479,2026-07-04 07:22:39,CASH_DEPOSIT,Mobile App,DEBIT,576.07,INR,,REVERSED,REF316514058
TXN000001221,A00000108,C000229,2026-08-08 01:48:07,CASH_WITHDRAWAL,Branch,DEBIT,12048.42,INR,,SUCCESS,REF134825449
TXN000001222,A00000014,C000394,2026-08-22 04:15:06,RTGS,Mobile App,DEBIT,471554.05,INR,,SUCCESS,REF632986099
TXN000001223,A00000102,C000355,2026-07-03 03:49:17,CASH_WITHDRAWAL,Corporate Banking,CREDIT,11318.13,INR,,SUCCESS,REF267061425
TXN000001224,A00000364,C000094,2026-07-17 03:35:13,UPI,UPI,DEBIT,7231.5,INR,BookMyShow,SUCCESS,REF452892501
TXN000001225,A00000374,C000189,2026-07-05 07:30:05,UPI,ATM,DEBIT,6305.43,INR,Reliance Digital,SUCCESS,REF277863692
TXN000001226,A00000123,C000392,2026-07-11 20:19:12,UPI,UPI,CREDIT,4751.86,INR,Croma,SUCCESS,REF606455944
TXN000001227,A00000141,C000074,2026-07-15 17:02:14,CASH_WITHDRAWAL,Branch,CREDIT,1596.64,INR,,SUCCESS,REF129517566
TXN000001228,A00000566,C000169,2026-07-31 05:37:47,NEFT,Mobile App,DEBIT,7803.01,INR,,SUCCESS,REF914076782
TXN000001229,A00000603,C000148,2026-08-01 04:23:29,CASH_DEPOSIT,UPI,DEBIT,2550.58,INR,,SUCCESS,REF999260138
TXN000001230,A00000233,C000059,2026-07-27 20:22:35,UPI,Branch,DEBIT,4501.72,INR,Myntra,SUCCESS,REF687368866
TXN000001231,A00000016,C000318,2026-07-30 18:13:21,POS,Branch,DEBIT,7854.56,INR,Myntra,SUCCESS,REF818472514
TXN000001232,A00000301,C000216,2026-08-26 14:23:27,RTGS,Mobile App,DEBIT,110729.05,INR,,FAILED,REF230504376
TXN000001233,A00000401,C000296,2026-07-25 21:56:06,UPI,Corporate Banking,CREDIT,7903.95,INR,Decathlon,SUCCESS,REF589511294
TXN000001234,A00000266,C000388,2026-07-02 14:09:38,CASH_DEPOSIT,ATM,DEBIT,6680.5,INR,,SUCCESS,REF765444783
TXN000001235,A00000122,C000326,2026-08-29 13:16:38,RTGS,Corporate Banking,DEBIT,492144.24,INR,,SUCCESS,REF158968513
TXN000001236,A00000119,C000497,2026-08-22 05:17:10,CASH_DEPOSIT,ATM,DEBIT,8951.76,INR,,SUCCESS,REF110357517
TXN000001237,A00000223,C000125,2026-08-31 23:37:16,RTGS,UPI,DEBIT,490651.31,INR,,SUCCESS,REF268084350
TXN000001238,A00000289,C000439,2026-08-09 19:35:42,RTGS,Mobile App,DEBIT,362677.17,INR,,SUCCESS,REF414429112
TXN000001239,A00000516,C000199,2026-07-01 10:58:28,NEFT,Branch,CREDIT,2242.89,INR,,SUCCESS,REF969182805
TXN000001240,A00000077,C000193,2026-07-15 01:42:20,UPI,Mobile App,DEBIT,3198.11,INR,Jio,FAILED,REF504861859
TXN000001241,A00000488,C000220,2026-08-15 20:01:36,POS,ATM,DEBIT,7648.32,INR,Uber,SUCCESS,REF363139796
TXN000001242,A00000237,C000363,2026-08-05 03:18:10,POS,Branch,DEBIT,2365.09,INR,Airtel,SUCCESS,REF227229320
TXN000001243,A00000283,C000228,2026-07-10 17:51:41,CASH_WITHDRAWAL,UPI,CREDIT,15489.79,INR,,SUCCESS,REF231296592
TXN000001244,A00000328,C000214,2026-08-17 04:02:50,CASH_WITHDRAWAL,Mobile App,DEBIT,7070.72,INR,,FAILED,REF629010366
TXN000001245,A00000338,C000235,2026-08-07 13:32:53,NEFT,UPI,CREDIT,1383.16,INR,,SUCCESS,REF466539120
TXN000001246,A00000371,C000288,2026-08-10 01:39:38,ATM_WITHDRAWAL,Corporate Banking,CREDIT,17154.6,INR,,SUCCESS,REF888504451
TXN000001247,A00000393,C000402,2026-08-20 10:39:27,UPI,ATM,DEBIT,1577.41,INR,DMart,SUCCESS,REF596687182
TXN000001248,A00000480,C000233,2026-07-05 16:04:33,IMPS,Branch,DEBIT,414.95,INR,,SUCCESS,REF165655153
TXN000001249,A00000513,C000041,2026-07-17 23:45:03,CASH_WITHDRAWAL,ATM,DEBIT,7993.34,INR,,SUCCESS,REF875950369
TXN000001250,A00000063,C000089,2026-07-15 19:17:58,RTGS,Branch,DEBIT,193122.58,INR,,SUCCESS,REF418371805
TXN000001251,A00000075,C000023,2026-07-30 06:35:32,ATM_WITHDRAWAL,ATM,DEBIT,6824.19,INR,,SUCCESS,REF285497838
TXN000001252,A00000341,C000376,2026-08-03 14:39:59,ATM_WITHDRAWAL,Mobile App,CREDIT,8191.33,INR,,SUCCESS,REF654259528
TXN000001253,A00000308,C000115,2026-07-28 09:07:36,UPI,Mobile App,DEBIT,4514.51,INR,BookMyShow,SUCCESS,REF505065826
TXN000001254,A00000212,C000149,2026-07-05 07:31:09,IMPS,Internet Banking,DEBIT,4808.44,INR,,SUCCESS,REF530448855
TXN000001255,A00000488,C000220,2026-07-23 21:58:53,CASH_DEPOSIT,Mobile App,DEBIT,6931.7,INR,,SUCCESS,REF563037605
TXN000001256,A00000517,C000050,2026-08-12 01:05:59,CASH_WITHDRAWAL,Internet Banking,CREDIT,8425.52,INR,,SUCCESS,REF350993543
TXN000001257,A00000181,C000378,2026-08-19 13:29:24,UPI,Mobile App,DEBIT,6954.52,INR,Amazon,SUCCESS,REF127272337
TXN000001258,A00000538,C000359,2026-08-06 15:13:23,IMPS,Corporate Banking,DEBIT,4768.94,INR,,FAILED,REF451512881
TXN000001259,A00000611,C000050,2026-07-01 11:26:32,CASH_WITHDRAWAL,Mobile App,DEBIT,5518.76,INR,,SUCCESS,REF162033292
TXN000001260,A00000486,C000197,2026-07-17 05:46:52,CASH_WITHDRAWAL,ATM,DEBIT,7110.52,INR,,SUCCESS,REF129658094
TXN000001261,A00000248,C000304,2026-07-14 14:39:08,ATM_WITHDRAWAL,Corporate Banking,DEBIT,4028.09,INR,,SUCCESS,REF321450714
TXN000001262,A00000185,C000202,2026-07-12 23:25:40,UPI,Mobile App,CREDIT,7076.36,INR,Zomato,SUCCESS,REF180542723
TXN000001263,A00000476,C000485,2026-08-01 15:30:27,POS,UPI,DEBIT,6529.93,INR,MakeMyTrip,SUCCESS,REF276503487
TXN000001264,A00000059,C000250,2026-07-24 04:09:04,ATM_WITHDRAWAL,Internet Banking,DEBIT,17719.3,INR,,SUCCESS,REF533950946
TXN000001265,A00000591,C000178,2026-07-07 15:28:03,RTGS,UPI,DEBIT,129074.64,INR,,SUCCESS,REF965942293
TXN000001266,A00000184,C000134,2026-07-12 15:02:40,IMPS,UPI,DEBIT,344.4,INR,,SUCCESS,REF385766802
TXN000001267,A00000189,C000308,2026-08-23 02:49:09,CASH_DEPOSIT,Branch,CREDIT,2722.94,INR,,SUCCESS,REF176721925
TXN000001268,A00000462,C000170,2026-08-28 07:51:56,CASH_WITHDRAWAL,Branch,CREDIT,15309.73,INR,,FAILED,REF578511131
TXN000001269,A00000041,C000027,2026-08-30 01:11:52,POS,Internet Banking,DEBIT,6868.25,INR,BigBasket,SUCCESS,REF996714792
TXN000001270,A00000470,C000112,2026-07-18 13:42:59,IMPS,UPI,DEBIT,2575.36,INR,,SUCCESS,REF967948375
TXN000001271,A00000452,C000257,2026-08-20 16:09:03,IMPS,ATM,DEBIT,5653.85,INR,,FAILED,REF105722375
TXN000001272,A00000553,C000327,2026-07-26 11:50:11,RTGS,Internet Banking,DEBIT,64630.09,INR,,SUCCESS,REF475588498
TXN000001273,A00000631,C000050,2026-08-08 07:58:22,POS,Corporate Banking,DEBIT,1131.82,INR,IRCTC,SUCCESS,REF269655154
TXN000001274,A00000506,C000240,2026-07-06 05:49:40,IMPS,UPI,DEBIT,5432.14,INR,,SUCCESS,REF338594744
TXN000001275,A00000357,C000406,2026-08-19 20:30:21,UPI,ATM,DEBIT,3019.73,INR,IRCTC,SUCCESS,REF871511738
TXN000001276,A00000430,C000169,2026-07-11 16:30:56,CASH_WITHDRAWAL,Mobile App,DEBIT,6956.99,INR,,SUCCESS,REF320556221
TXN000001277,A00000603,C000148,2026-08-07 13:36:13,CASH_WITHDRAWAL,Branch,CREDIT,15103.91,INR,,SUCCESS,REF642954188
TXN000001278,A00000560,C000334,2026-07-01 15:14:39,CASH_DEPOSIT,Corporate Banking,CREDIT,3048.46,INR,,REVERSED,REF909104572
TXN000001279,A00000423,C000338,2026-08-04 00:22:20,UPI,Corporate Banking,DEBIT,1737.98,INR,Myntra,SUCCESS,REF278138015
TXN000001280,A00000191,C000241,2026-08-19 10:53:48,NEFT,Mobile App,DEBIT,9045.98,INR,,SUCCESS,REF682197741
TXN000001281,A00000587,C000051,2026-07-12 05:42:42,UPI,Internet Banking,DEBIT,5868.58,INR,Reliance Digital,SUCCESS,REF107044325
TXN000001282,A00000172,C000487,2026-08-21 13:37:32,RTGS,Corporate Banking,DEBIT,68331.65,INR,,SUCCESS,REF163758329
TXN000001283,A00000117,C000079,2026-08-20 01:12:56,RTGS,Mobile App,CREDIT,177655.96,INR,,SUCCESS,REF973123232
TXN000001284,A00000568,C000388,2026-07-13 08:56:31,ATM_WITHDRAWAL,Mobile App,DEBIT,4558.95,INR,,SUCCESS,REF364451634
TXN000001285,A00000404,C000146,2026-07-09 00:15:49,IMPS,UPI,DEBIT,5941.35,INR,,SUCCESS,REF901678268
TXN000001286,A00000552,C000372,2026-08-20 09:48:39,RTGS,Internet Banking,DEBIT,424243.98,INR,,SUCCESS,REF722542127
TXN000001287,A00000059,C000250,2026-07-26 11:23:52,CASH_WITHDRAWAL,UPI,DEBIT,15151.46,INR,,FAILED,REF226598884
TXN000001288,A00000147,C000406,2026-07-05 17:31:01,RTGS,ATM,DEBIT,230669.82,INR,,SUCCESS,REF398344738
TXN000001289,A00000164,C000138,2026-07-25 06:38:08,NEFT,UPI,DEBIT,9068.82,INR,,SUCCESS,REF708121424
TXN000001290,A00000209,C000103,2026-07-07 21:20:02,CASH_WITHDRAWAL,Mobile App,DEBIT,19726.68,INR,,SUCCESS,REF181618898
TXN000001291,A00000235,C000343,2026-07-15 14:35:31,NEFT,Mobile App,CREDIT,4842.09,INR,,SUCCESS,REF394279862
TXN000001292,A00000485,C000468,2026-08-24 18:31:15,POS,Corporate Banking,CREDIT,1553.89,INR,DMart,SUCCESS,REF252328549
TXN000001293,A00000027,C000337,2026-08-21 08:19:18,CASH_DEPOSIT,Branch,DEBIT,1248.63,INR,,SUCCESS,REF270015414
TXN000001294,A00000546,C000431,2026-07-04 06:57:21,ATM_WITHDRAWAL,Mobile App,DEBIT,3179.86,INR,,SUCCESS,REF842044983
TXN000001295,A00000236,C000401,2026-07-21 03:25:32,POS,Internet Banking,DEBIT,3578.53,INR,IRCTC,SUCCESS,REF787030766
TXN000001296,A00000108,C000229,2026-08-03 16:04:43,ATM_WITHDRAWAL,ATM,CREDIT,16905.67,INR,,SUCCESS,REF380169662
TXN000001297,A00000478,C000189,2026-08-17 09:09:01,IMPS,Mobile App,DEBIT,3774.9,INR,,FAILED,REF638716005
TXN000001298,A00000559,C000071,2026-08-21 11:41:58,RTGS,Corporate Banking,DEBIT,164467.55,INR,,SUCCESS,REF890224337
TXN000001299,A00000008,C000026,2026-07-03 15:42:27,ATM_WITHDRAWAL,ATM,CREDIT,9920.5,INR,,SUCCESS,REF312895369
TXN000001300,A00000214,C000263,2026-08-05 15:39:20,RTGS,Internet Banking,DEBIT,315010.27,INR,,SUCCESS,REF763047617
TXN000001301,A00000059,C000250,2026-08-15 19:45:59,IMPS,Corporate Banking,DEBIT,3435.92,INR,,FAILED,REF395211487
TXN000001302,A00000059,C000250,2026-08-20 13:04:51,POS,Corporate Banking,DEBIT,6383.57,INR,Decathlon,SUCCESS,REF931975460
TXN000001303,A00000329,C000157,2026-07-31 04:54:51,CASH_DEPOSIT,ATM,DEBIT,7120.48,INR,,SUCCESS,REF645369987
TXN000001304,A00000273,C000487,2026-08-12 21:16:51,CASH_DEPOSIT,Mobile App,DEBIT,4848.44,INR,,SUCCESS,REF332686795
TXN000001305,A00000327,C000388,2026-08-07 14:15:52,POS,Mobile App,DEBIT,847.52,INR,Myntra,SUCCESS,REF476199474
TXN000001306,A00000009,C000457,2026-07-23 23:08:33,NEFT,ATM,DEBIT,5356.17,INR,,SUCCESS,REF421989113
TXN000001307,A00000458,C000157,2026-07-13 21:26:39,IMPS,Internet Banking,DEBIT,5547.08,INR,,SUCCESS,REF197323605
TXN000001308,A00000174,C000210,2026-07-18 03:10:28,IMPS,Internet Banking,DEBIT,2494.55,INR,,SUCCESS,REF946174067
TXN000001309,A00000014,C000394,2026-08-23 16:08:35,CASH_DEPOSIT,Branch,DEBIT,3974.47,INR,,SUCCESS,REF100264915
TXN000001310,A00000269,C000441,2026-07-04 21:08:35,POS,Internet Banking,CREDIT,8288.91,INR,BigBasket,SUCCESS,REF612404672
TXN000001311,A00000292,C000453,2026-07-15 22:22:26,UPI,Branch,DEBIT,236.69,INR,Swiggy,SUCCESS,REF363722073
TXN000001312,A00000380,C000418,2026-07-11 10:50:43,RTGS,ATM,DEBIT,129936.45,INR,,SUCCESS,REF735533014
TXN000001313,A00000228,C000225,2026-08-14 01:42:11,CASH_DEPOSIT,ATM,DEBIT,8529.17,INR,,FAILED,REF254152993
TXN000001314,A00000473,C000329,2026-07-18 14:34:19,CASH_WITHDRAWAL,Branch,CREDIT,6747.23,INR,,SUCCESS,REF158940802
TXN000001315,A00000486,C000197,2026-07-26 10:14:41,CASH_DEPOSIT,Mobile App,DEBIT,8709.57,INR,,SUCCESS,REF714655891
TXN000001316,A00000334,C000146,2026-07-28 03:16:53,RTGS,ATM,CREDIT,139948.34,INR,,SUCCESS,REF339370760
TXN000001317,A00000114,C000172,2026-08-20 14:56:27,RTGS,Branch,DEBIT,448726.57,INR,,SUCCESS,REF951009338
TXN000001318,A00000633,C000059,2026-07-28 10:54:38,ATM_WITHDRAWAL,Mobile App,DEBIT,2316.49,INR,,SUCCESS,REF517781575
TXN000001319,A00000358,C000163,2026-08-28 07:09:32,ATM_WITHDRAWAL,ATM,DEBIT,6110.26,INR,,SUCCESS,REF807050777
TXN000001320,A00000398,C000034,2026-07-27 01:09:07,POS,ATM,DEBIT,4792.26,INR,DMart,SUCCESS,REF293338752
TXN000001321,A00000639,C000401,2026-08-26 15:36:13,UPI,Branch,CREDIT,8196.96,INR,Airtel,SUCCESS,REF207467352
TXN000001322,A00000524,C000329,2026-08-24 18:00:03,CASH_WITHDRAWAL,UPI,DEBIT,2187.58,INR,,SUCCESS,REF848755841
TXN000001323,A00000188,C000366,2026-07-19 20:24:07,UPI,Mobile App,CREDIT,8827.94,INR,Apollo Pharmacy,SUCCESS,REF387031688
TXN000001324,A00000080,C000113,2026-07-28 12:12:20,CASH_WITHDRAWAL,Mobile App,CREDIT,5739.03,INR,,SUCCESS,REF581718445
TXN000001325,A00000584,C000097,2026-08-25 10:40:59,UPI,UPI,DEBIT,1696.8,INR,Reliance Digital,SUCCESS,REF917187478
TXN000001326,A00000141,C000074,2026-07-03 10:13:34,CASH_DEPOSIT,Corporate Banking,CREDIT,5616.15,INR,,SUCCESS,REF653747656
TXN000001327,A00000445,C000264,2026-08-31 00:07:01,ATM_WITHDRAWAL,UPI,DEBIT,735.71,INR,,SUCCESS,REF462083089
TXN000001328,A00000641,C000039,2026-08-30 09:45:16,POS,Mobile App,DEBIT,4843.0,INR,Uber,SUCCESS,REF351745039
TXN000001329,A00000329,C000157,2026-07-03 21:10:25,UPI,Mobile App,CREDIT,8360.53,INR,Decathlon,SUCCESS,REF821513303
TXN000001330,A00000438,C000374,2026-08-24 23:34:34,UPI,Corporate Banking,CREDIT,3082.01,INR,Zomato,SUCCESS,REF589208257
TXN000001331,A00000518,C000479,2026-07-26 13:39:35,ATM_WITHDRAWAL,Branch,CREDIT,9412.21,INR,,SUCCESS,REF477315779
TXN000001332,A00000426,C000131,2026-07-09 14:06:56,ATM_WITHDRAWAL,Mobile App,CREDIT,17057.05,INR,,SUCCESS,REF968802296
TXN000001333,A00000069,C000455,2026-08-26 03:10:20,POS,UPI,DEBIT,6608.26,INR,Croma,SUCCESS,REF713378645
TXN000001334,A00000035,C000027,2026-07-31 06:04:40,UPI,UPI,DEBIT,1534.07,INR,Amazon,SUCCESS,REF430782740
TXN000001335,A00000343,C000466,2026-08-11 20:27:55,UPI,ATM,DEBIT,6990.17,INR,Apollo Pharmacy,FAILED,REF490134345
TXN000001336,A00000422,C000495,2026-08-27 01:19:44,CASH_DEPOSIT,Mobile App,DEBIT,381.0,INR,,SUCCESS,REF556131728
TXN000001337,A00000607,C000074,2026-08-11 16:01:15,RTGS,Corporate Banking,DEBIT,228361.12,INR,,SUCCESS,REF534383881
TXN000001338,A00000483,C000457,2026-07-09 06:39:50,NEFT,Corporate Banking,DEBIT,5502.54,INR,,SUCCESS,REF610429896
TXN000001339,A00000589,C000491,2026-08-19 18:38:15,ATM_WITHDRAWAL,ATM,CREDIT,12479.01,INR,,SUCCESS,REF639427879
TXN000001340,A00000338,C000235,2026-08-18 07:28:22,UPI,UPI,CREDIT,3902.75,INR,BigBasket,SUCCESS,REF973173811
TXN000001341,A00000174,C000210,2026-08-24 11:27:56,CASH_WITHDRAWAL,Corporate Banking,DEBIT,969.37,INR,,SUCCESS,REF820207687
TXN000001342,A00000310,C000285,2026-07-08 16:34:51,IMPS,Branch,DEBIT,1433.04,INR,,SUCCESS,REF702406133
TXN000001343,A00000433,C000051,2026-07-26 16:07:16,NEFT,Branch,CREDIT,5473.4,INR,,SUCCESS,REF300595397
TXN000001344,A00000063,C000089,2026-07-11 21:02:23,NEFT,Corporate Banking,DEBIT,4052.08,INR,,SUCCESS,REF969284742
TXN000001345,A00000595,C000291,2026-08-02 22:25:02,IMPS,Branch,DEBIT,7679.04,INR,,SUCCESS,REF703284296
TXN000001346,A00000158,C000174,2026-08-31 07:25:48,CASH_DEPOSIT,Mobile App,CREDIT,7039.16,INR,,SUCCESS,REF891925106
TXN000001347,A00000007,C000483,2026-07-20 22:14:11,CASH_DEPOSIT,Internet Banking,DEBIT,8232.47,INR,,SUCCESS,REF413464676
TXN000001348,A00000162,C000277,2026-08-14 21:31:50,UPI,UPI,DEBIT,2102.16,INR,Swiggy,SUCCESS,REF354912023
TXN000001349,A00000335,C000088,2026-08-14 00:42:06,ATM_WITHDRAWAL,Branch,DEBIT,12974.81,INR,,SUCCESS,REF707287754
TXN000001350,A00000626,C000142,2026-07-25 21:48:07,CASH_DEPOSIT,Mobile App,DEBIT,4523.93,INR,,SUCCESS,REF979959372
TXN000001351,A00000552,C000372,2026-08-08 19:18:53,CASH_WITHDRAWAL,Mobile App,DEBIT,7673.36,INR,,SUCCESS,REF650431932
TXN000001352,A00000285,C000349,2026-08-20 02:44:35,RTGS,ATM,DEBIT,363818.63,INR,,SUCCESS,REF639016181
TXN000001353,A00000006,C000491,2026-08-31 23:20:03,CASH_DEPOSIT,Internet Banking,DEBIT,6358.48,INR,,SUCCESS,REF469087826
TXN000001354,A00000541,C000045,2026-08-11 09:11:48,UPI,UPI,DEBIT,1074.41,INR,Croma,SUCCESS,REF101581303
TXN000001355,A00000205,C000145,2026-07-04 21:48:42,CASH_WITHDRAWAL,Mobile App,CREDIT,2731.53,INR,,SUCCESS,REF145667621
TXN000001356,A00000457,C000476,2026-08-02 22:54:17,UPI,UPI,DEBIT,2075.69,INR,Croma,SUCCESS,REF170426712
TXN000001357,A00000466,C000500,2026-08-03 06:01:46,IMPS,UPI,CREDIT,4051.01,INR,,SUCCESS,REF799308705
TXN000001358,A00000304,C000348,2026-08-30 01:05:57,ATM_WITHDRAWAL,Corporate Banking,DEBIT,6861.86,INR,,SUCCESS,REF654416001
TXN000001359,A00000520,C000482,2026-07-12 23:21:33,POS,Corporate Banking,CREDIT,9516.52,INR,DMart,SUCCESS,REF549842388
TXN000001360,A00000553,C000327,2026-08-07 04:05:23,UPI,Corporate Banking,CREDIT,4258.67,INR,Zomato,SUCCESS,REF607072278
TXN000001361,A00000416,C000246,2026-08-05 01:12:17,CASH_DEPOSIT,UPI,DEBIT,1367.7,INR,,SUCCESS,REF357813723
TXN000001362,A00000640,C000115,2026-08-10 06:22:47,NEFT,ATM,DEBIT,4590.08,INR,,SUCCESS,REF384071934
TXN000001363,A00000288,C000345,2026-07-25 22:56:43,ATM_WITHDRAWAL,Corporate Banking,DEBIT,16159.84,INR,,SUCCESS,REF458638224
TXN000001364,A00000535,C000325,2026-07-01 10:44:57,CASH_WITHDRAWAL,Corporate Banking,DEBIT,2083.85,INR,,SUCCESS,REF806124235
TXN000001365,A00000383,C000226,2026-07-06 05:41:14,RTGS,Mobile App,CREDIT,58355.31,INR,,SUCCESS,REF109615290
TXN000001366,A00000188,C000366,2026-08-22 02:08:26,ATM_WITHDRAWAL,Mobile App,CREDIT,8398.85,INR,,SUCCESS,REF581959020
TXN000001367,A00000001,C000098,2026-07-19 08:49:16,IMPS,ATM,DEBIT,9186.99,INR,,SUCCESS,REF921256920
TXN000001368,A00000316,C000028,2026-07-15 15:28:14,UPI,Internet Banking,DEBIT,3551.71,INR,Decathlon,SUCCESS,REF948012137
TXN000001369,A00000377,C000266,2026-08-25 14:34:02,ATM_WITHDRAWAL,Corporate Banking,DEBIT,19432.5,INR,,SUCCESS,REF647630660
TXN000001370,A00000560,C000334,2026-08-25 20:45:05,IMPS,ATM,CREDIT,1232.62,INR,,SUCCESS,REF496681764
TXN000001371,A00000284,C000005,2026-07-13 04:37:48,CASH_DEPOSIT,Mobile App,CREDIT,4140.58,INR,,SUCCESS,REF532967229
TXN000001372,A00000475,C000422,2026-07-05 04:42:33,CASH_DEPOSIT,Internet Banking,DEBIT,2872.85,INR,,SUCCESS,REF620337292
TXN000001373,A00000179,C000209,2026-08-30 09:20:29,IMPS,Mobile App,CREDIT,7497.52,INR,,SUCCESS,REF541016864
TXN000001374,A00000578,C000327,2026-07-27 14:29:46,IMPS,Branch,CREDIT,160.24,INR,,FAILED,REF711169501
TXN000001375,A00000598,C000248,2026-08-27 12:33:07,CASH_DEPOSIT,ATM,DEBIT,1810.36,INR,,SUCCESS,REF891602149
TXN000001376,A00000618,C000437,2026-08-17 17:23:01,RTGS,ATM,CREDIT,388173.04,INR,,SUCCESS,REF584192935
TXN000001377,A00000626,C000142,2026-08-19 15:47:42,IMPS,Branch,DEBIT,3753.08,INR,,SUCCESS,REF373596878
TXN000001378,A00000538,C000359,2026-08-30 09:09:20,IMPS,UPI,DEBIT,536.11,INR,,SUCCESS,REF314900911
TXN000001379,A00000618,C000437,2026-07-10 04:35:22,RTGS,ATM,DEBIT,319770.76,INR,,SUCCESS,REF171402243
TXN000001380,A00000297,C000034,2026-08-14 16:58:53,ATM_WITHDRAWAL,ATM,DEBIT,19588.33,INR,,SUCCESS,REF877793559
TXN000001381,A00000069,C000455,2026-08-24 01:13:44,ATM_WITHDRAWAL,Internet Banking,DEBIT,13396.03,INR,,SUCCESS,REF226925707
TXN000001382,A00000018,C000343,2026-07-21 05:32:43,RTGS,Corporate Banking,CREDIT,308710.3,INR,,SUCCESS,REF735050348
TXN000001383,A00000628,C000143,2026-08-23 13:58:18,CASH_DEPOSIT,Internet Banking,DEBIT,6462.05,INR,,SUCCESS,REF816324650
TXN000001384,A00000139,C000284,2026-08-15 23:37:41,ATM_WITHDRAWAL,Mobile App,DEBIT,6925.38,INR,,SUCCESS,REF350753341
TXN000001385,A00000345,C000328,2026-07-28 15:35:12,RTGS,UPI,DEBIT,469619.63,INR,,SUCCESS,REF380266779
TXN000001386,A00000573,C000202,2026-08-30 20:41:39,CASH_DEPOSIT,UPI,DEBIT,1294.77,INR,,SUCCESS,REF497307638
TXN000001387,A00000412,C000431,2026-07-06 17:15:09,IMPS,Corporate Banking,DEBIT,8799.5,INR,,SUCCESS,REF102983016
TXN000001388,A00000460,C000382,2026-08-29 19:09:29,CASH_DEPOSIT,ATM,DEBIT,4119.95,INR,,FAILED,REF264212912
TXN000001389,A00000298,C000206,2026-08-20 11:11:25,UPI,ATM,DEBIT,3130.72,INR,Zomato,SUCCESS,REF441436663
TXN000001390,A00000231,C000342,2026-07-31 22:31:30,NEFT,Internet Banking,CREDIT,6583.65,INR,,SUCCESS,REF155651824
TXN000001391,A00000509,C000097,2026-07-05 18:04:14,CASH_WITHDRAWAL,Internet Banking,DEBIT,13026.09,INR,,SUCCESS,REF192514659
TXN000001392,A00000590,C000359,2026-07-10 12:08:35,IMPS,UPI,DEBIT,9661.68,INR,,SUCCESS,REF653660379
TXN000001393,A00000496,C000286,2026-07-20 06:41:37,RTGS,Internet Banking,DEBIT,68141.65,INR,,SUCCESS,REF581631141
TXN000001394,A00000294,C000015,2026-08-01 15:42:05,UPI,Branch,CREDIT,7808.32,INR,Decathlon,SUCCESS,REF238159208
TXN000001395,A00000231,C000342,2026-08-29 00:11:13,POS,Corporate Banking,CREDIT,9865.13,INR,Ola,SUCCESS,REF934718475
TXN000001396,A00000623,C000342,2026-08-10 01:14:31,NEFT,Corporate Banking,DEBIT,7874.95,INR,,SUCCESS,REF846332730
TXN000001397,A00000245,C000320,2026-08-07 12:38:16,IMPS,Branch,DEBIT,8645.59,INR,,SUCCESS,REF306787283
TXN000001398,A00000262,C000244,2026-07-05 20:19:43,UPI,Internet Banking,DEBIT,6069.93,INR,Jio,SUCCESS,REF896703139
TXN000001399,A00000081,C000045,2026-08-23 16:27:10,NEFT,Internet Banking,DEBIT,3243.56,INR,,SUCCESS,REF764812142
TXN000001400,A00000402,C000395,2026-08-12 04:15:31,POS,ATM,DEBIT,2526.32,INR,MakeMyTrip,SUCCESS,REF102891417
TXN000001401,A00000052,C000313,2026-08-23 00:27:31,ATM_WITHDRAWAL,Corporate Banking,DEBIT,5293.68,INR,,SUCCESS,REF434747862
TXN000001402,A00000121,C000075,2026-07-16 21:59:54,ATM_WITHDRAWAL,Corporate Banking,DEBIT,19891.99,INR,,SUCCESS,REF963580379
TXN000001403,A00000553,C000327,2026-08-07 13:55:50,UPI,ATM,DEBIT,6825.68,INR,Flipkart,SUCCESS,REF499160005
TXN000001404,A00000558,C000266,2026-07-18 22:52:38,CASH_DEPOSIT,Corporate Banking,DEBIT,6860.7,INR,,SUCCESS,REF673569473
TXN000001405,A00000554,C000468,2026-07-21 05:43:57,UPI,UPI,DEBIT,1557.94,INR,Swiggy,FAILED,REF510315979
TXN000001406,A00000290,C000315,2026-07-14 07:25:02,CASH_DEPOSIT,Corporate Banking,DEBIT,7107.48,INR,,SUCCESS,REF548312638
TXN000001407,A00000136,C000428,2026-07-30 10:55:19,RTGS,Internet Banking,DEBIT,135443.06,INR,,SUCCESS,REF644632747
TXN000001408,A00000055,C000245,2026-08-02 22:01:54,CASH_DEPOSIT,UPI,CREDIT,4899.45,INR,,REVERSED,REF145698578
TXN000001409,A00000611,C000050,2026-08-13 04:16:38,IMPS,UPI,DEBIT,458.21,INR,,SUCCESS,REF876192710
TXN000001410,A00000645,C000178,2026-07-13 05:17:19,ATM_WITHDRAWAL,ATM,CREDIT,2037.78,INR,,SUCCESS,REF460010344
TXN000001411,A00000551,C000293,2026-07-22 05:56:05,ATM_WITHDRAWAL,ATM,DEBIT,11437.11,INR,,SUCCESS,REF228102634
TXN000001412,A00000115,C000213,2026-07-30 05:47:11,CASH_DEPOSIT,Mobile App,DEBIT,371.87,INR,,SUCCESS,REF744910480
TXN000001413,A00000482,C000074,2026-08-30 09:55:35,UPI,Internet Banking,DEBIT,4786.69,INR,Apollo Pharmacy,SUCCESS,REF849712217
TXN000001414,A00000059,C000250,2026-08-27 07:09:40,IMPS,Branch,CREDIT,9189.41,INR,,SUCCESS,REF410607155
TXN000001415,A00000400,C000480,2026-08-06 12:20:27,NEFT,Corporate Banking,DEBIT,8237.6,INR,,SUCCESS,REF552286408
TXN000001416,A00000498,C000361,2026-07-09 14:50:04,CASH_DEPOSIT,Mobile App,DEBIT,9978.13,INR,,SUCCESS,REF914910050
TXN000001417,A00000591,C000178,2026-07-24 08:27:00,CASH_DEPOSIT,Branch,DEBIT,9232.35,INR,,SUCCESS,REF179105181
TXN000001418,A00000548,C000373,2026-08-22 20:13:33,ATM_WITHDRAWAL,ATM,DEBIT,7792.42,INR,,SUCCESS,REF516892730
TXN000001419,A00000530,C000095,2026-08-29 01:53:13,CASH_DEPOSIT,ATM,DEBIT,531.77,INR,,SUCCESS,REF524997474
TXN000001420,A00000245,C000320,2026-07-24 01:36:09,CASH_DEPOSIT,Mobile App,DEBIT,8300.89,INR,,SUCCESS,REF560565243
TXN000001421,A00000273,C000487,2026-08-07 04:23:38,UPI,Branch,DEBIT,6257.25,INR,Flipkart,SUCCESS,REF277069484
TXN000001422,A00000061,C000495,2026-07-09 00:50:54,RTGS,UPI,DEBIT,114423.08,INR,,SUCCESS,REF839335201
TXN000001423,A00000205,C000145,2026-08-14 21:45:09,CASH_WITHDRAWAL,Internet Banking,DEBIT,11584.26,INR,,SUCCESS,REF716841166
TXN000001424,A00000192,C000038,2026-08-09 19:25:19,CASH_DEPOSIT,ATM,DEBIT,464.52,INR,,SUCCESS,REF597645551
TXN000001425,A00000358,C000163,2026-07-17 09:57:09,CASH_WITHDRAWAL,Corporate Banking,DEBIT,13400.93,INR,,SUCCESS,REF406907606
TXN000001426,A00000571,C000019,2026-07-15 18:42:24,ATM_WITHDRAWAL,Branch,DEBIT,18551.71,INR,,SUCCESS,REF777124900
TXN000001427,A00000575,C000418,2026-08-08 14:10:24,NEFT,Internet Banking,DEBIT,7197.74,INR,,SUCCESS,REF404291481
TXN000001428,A00000290,C000315,2026-07-26 05:42:45,POS,Mobile App,DEBIT,4011.46,INR,IRCTC,SUCCESS,REF761995133
TXN000001429,A00000507,C000218,2026-07-27 13:49:52,UPI,Branch,DEBIT,3183.23,INR,Ola,SUCCESS,REF550970568
TXN000001430,A00000143,C000143,2026-07-01 10:47:20,ATM_WITHDRAWAL,ATM,DEBIT,1094.43,INR,,SUCCESS,REF536051952
TXN000001431,A00000017,C000303,2026-08-21 02:17:22,IMPS,Internet Banking,DEBIT,2007.57,INR,,SUCCESS,REF502072103
TXN000001432,A00000204,C000003,2026-07-15 23:06:45,UPI,Branch,CREDIT,725.12,INR,MakeMyTrip,SUCCESS,REF439338270
TXN000001433,A00000434,C000245,2026-07-29 20:49:43,UPI,Branch,DEBIT,3501.27,INR,IRCTC,SUCCESS,REF424508535
TXN000001434,A00000077,C000193,2026-07-29 20:38:59,RTGS,Internet Banking,DEBIT,196878.77,INR,,SUCCESS,REF383698081
TXN000001435,A00000375,C000347,2026-08-14 17:01:21,RTGS,UPI,DEBIT,415242.72,INR,,SUCCESS,REF594173582
TXN000001436,A00000127,C000426,2026-08-29 19:06:15,NEFT,Corporate Banking,CREDIT,7596.79,INR,,SUCCESS,REF898428334
TXN000001437,A00000308,C000115,2026-07-28 12:01:06,CASH_DEPOSIT,ATM,DEBIT,5828.33,INR,,SUCCESS,REF309173804
TXN000001438,A00000331,C000473,2026-07-30 14:25:02,CASH_WITHDRAWAL,UPI,DEBIT,13575.78,INR,,SUCCESS,REF603270760
TXN000001439,A00000051,C000031,2026-08-17 17:24:47,IMPS,ATM,DEBIT,9707.16,INR,,SUCCESS,REF362380248
TXN000001440,A00000007,C000483,2026-07-11 00:55:46,NEFT,UPI,DEBIT,5658.44,INR,,SUCCESS,REF359733321
TXN000001441,A00000223,C000125,2026-08-15 21:58:48,RTGS,Corporate Banking,CREDIT,114645.41,INR,,SUCCESS,REF832949437
TXN000001442,A00000137,C000064,2026-07-19 09:25:57,RTGS,Branch,DEBIT,437274.94,INR,,SUCCESS,REF243206452
TXN000001443,A00000330,C000386,2026-08-29 16:45:17,RTGS,ATM,DEBIT,416964.72,INR,,SUCCESS,REF571690544
TXN000001444,A00000485,C000468,2026-07-15 19:28:32,RTGS,Internet Banking,DEBIT,369098.88,INR,,SUCCESS,REF355871037
TXN000001445,A00000187,C000061,2026-07-17 00:00:17,UPI,Branch,CREDIT,5773.55,INR,BigBasket,SUCCESS,REF957249973
TXN000001446,A00000180,C000368,2026-07-20 18:00:33,ATM_WITHDRAWAL,Corporate Banking,DEBIT,4642.15,INR,,SUCCESS,REF664005696
TXN000001447,A00000153,C000179,2026-07-31 12:03:57,UPI,Internet Banking,DEBIT,8006.97,INR,Airtel,SUCCESS,REF840928626
TXN000001448,A00000351,C000393,2026-07-04 16:06:47,IMPS,Internet Banking,CREDIT,8972.16,INR,,SUCCESS,REF754286534
TXN000001449,A00000638,C000437,2026-08-31 08:03:04,NEFT,Branch,DEBIT,2057.31,INR,,SUCCESS,REF993716417
TXN000001450,A00000403,C000162,2026-07-10 06:42:37,ATM_WITHDRAWAL,ATM,DEBIT,4662.16,INR,,FAILED,REF629100384
TXN000001451,A00000461,C000187,2026-07-05 15:04:45,CASH_WITHDRAWAL,Corporate Banking,DEBIT,4473.16,INR,,FAILED,REF531439223
TXN000001452,A00000306,C000355,2026-07-01 07:32:55,CASH_WITHDRAWAL,UPI,DEBIT,16151.77,INR,,SUCCESS,REF506359893
TXN000001453,A00000036,C000436,2026-07-11 22:42:56,POS,UPI,DEBIT,6162.91,INR,IRCTC,SUCCESS,REF191068710
TXN000001454,A00000039,C000429,2026-07-04 04:48:57,CASH_WITHDRAWAL,ATM,DEBIT,6301.47,INR,,SUCCESS,REF795788741
TXN000001455,A00000445,C000264,2026-07-11 15:35:02,CASH_WITHDRAWAL,ATM,CREDIT,7653.07,INR,,SUCCESS,REF711146626
TXN000001456,A00000003,C000435,2026-07-01 01:27:24,CASH_DEPOSIT,Mobile App,CREDIT,8312.54,INR,,SUCCESS,REF645843804
TXN000001457,A00000366,C000260,2026-08-20 09:33:09,CASH_DEPOSIT,ATM,DEBIT,8836.23,INR,,SUCCESS,REF580839473
TXN000001458,A00000274,C000325,2026-08-11 21:20:34,POS,Mobile App,DEBIT,5970.38,INR,Croma,FAILED,REF730366539
TXN000001459,A00000585,C000076,2026-08-15 10:06:51,CASH_WITHDRAWAL,UPI,DEBIT,16853.54,INR,,SUCCESS,REF858132279
TXN000001460,A00000519,C000396,2026-08-17 22:34:53,CASH_DEPOSIT,Internet Banking,DEBIT,392.1,INR,,SUCCESS,REF402897892
TXN000001461,A00000612,C000182,2026-08-25 15:53:35,RTGS,Internet Banking,DEBIT,237625.67,INR,,SUCCESS,REF900261457
TXN000001462,A00000228,C000225,2026-07-07 05:42:51,ATM_WITHDRAWAL,Corporate Banking,DEBIT,2477.87,INR,,SUCCESS,REF212022836
TXN000001463,A00000338,C000235,2026-07-17 00:35:34,ATM_WITHDRAWAL,Branch,DEBIT,7118.97,INR,,SUCCESS,REF583645554
TXN000001464,A00000448,C000457,2026-07-13 21:32:19,IMPS,UPI,DEBIT,1417.83,INR,,FAILED,REF422306387
TXN000001465,A00000177,C000491,2026-08-15 16:47:16,IMPS,Corporate Banking,CREDIT,3443.03,INR,,SUCCESS,REF651250266
TXN000001466,A00000514,C000083,2026-07-09 07:27:53,IMPS,ATM,CREDIT,9094.48,INR,,SUCCESS,REF805732367
TXN000001467,A00000560,C000334,2026-07-25 02:48:17,ATM_WITHDRAWAL,Corporate Banking,DEBIT,10682.05,INR,,SUCCESS,REF374252800
TXN000001468,A00000590,C000359,2026-07-30 20:56:00,POS,UPI,DEBIT,4038.1,INR,Uber,SUCCESS,REF829551894
TXN000001469,A00000333,C000328,2026-08-09 09:48:22,CASH_DEPOSIT,UPI,CREDIT,6882.65,INR,,SUCCESS,REF828287674
TXN000001470,A00000555,C000040,2026-08-24 16:11:37,RTGS,Mobile App,DEBIT,435342.22,INR,,SUCCESS,REF228129824
TXN000001471,A00000052,C000313,2026-07-10 15:11:20,UPI,Branch,CREDIT,5760.6,INR,Uber,SUCCESS,REF206253684
TXN000001472,A00000429,C000162,2026-07-21 16:22:12,POS,Corporate Banking,CREDIT,3595.47,INR,DMart,SUCCESS,REF814585584
TXN000001473,A00000536,C000357,2026-08-18 13:03:05,CASH_DEPOSIT,ATM,DEBIT,3258.61,INR,,SUCCESS,REF284842392
TXN000001474,A00000261,C000446,2026-07-04 14:04:08,CASH_WITHDRAWAL,UPI,CREDIT,611.56,INR,,SUCCESS,REF944923676
TXN000001475,A00000425,C000439,2026-07-04 13:00:46,IMPS,Branch,CREDIT,2947.14,INR,,SUCCESS,REF374184267
TXN000001476,A00000333,C000328,2026-08-27 09:20:44,NEFT,Internet Banking,DEBIT,1581.37,INR,,SUCCESS,REF650069517
TXN000001477,A00000603,C000148,2026-08-21 07:20:39,CASH_WITHDRAWAL,Mobile App,CREDIT,596.3,INR,,FAILED,REF557199926
TXN000001478,A00000018,C000343,2026-08-25 01:31:31,RTGS,Corporate Banking,DEBIT,419262.01,INR,,SUCCESS,REF363228241
TXN000001479,A00000419,C000276,2026-08-21 09:44:58,RTGS,Mobile App,DEBIT,329994.92,INR,,SUCCESS,REF541535783
TXN000001480,A00000063,C000089,2026-08-14 12:06:58,IMPS,Corporate Banking,DEBIT,499.96,INR,,SUCCESS,REF890149939
TXN000001481,A00000548,C000373,2026-08-25 10:07:15,RTGS,Corporate Banking,DEBIT,323921.0,INR,,SUCCESS,REF817231001
TXN000001482,A00000593,C000073,2026-07-28 23:13:40,UPI,Branch,CREDIT,5859.62,INR,MakeMyTrip,SUCCESS,REF981830988
TXN000001483,A00000590,C000359,2026-07-10 20:12:56,CASH_WITHDRAWAL,Internet Banking,DEBIT,5818.35,INR,,SUCCESS,REF517943910
TXN000001484,A00000625,C000298,2026-08-28 01:32:16,ATM_WITHDRAWAL,ATM,DEBIT,6327.07,INR,,SUCCESS,REF926860668
TXN000001485,A00000387,C000162,2026-07-01 20:51:49,CASH_WITHDRAWAL,Internet Banking,CREDIT,10434.07,INR,,SUCCESS,REF339199630
TXN000001486,A00000587,C000051,2026-08-07 22:51:44,ATM_WITHDRAWAL,UPI,DEBIT,17821.29,INR,,SUCCESS,REF564067351
TXN000001487,A00000002,C000347,2026-07-17 09:50:24,IMPS,Mobile App,DEBIT,7186.41,INR,,SUCCESS,REF196661752
TXN000001488,A00000363,C000176,2026-07-18 22:13:42,IMPS,Branch,CREDIT,3354.63,INR,,SUCCESS,REF435199547
TXN000001489,A00000158,C000174,2026-08-06 16:01:14,UPI,Corporate Banking,CREDIT,2312.21,INR,MakeMyTrip,SUCCESS,REF568995799
TXN000001490,A00000472,C000274,2026-08-31 04:08:20,POS,Corporate Banking,DEBIT,6116.14,INR,Swiggy,SUCCESS,REF556727595
TXN000001491,A00000274,C000325,2026-08-02 19:00:17,IMPS,Corporate Banking,DEBIT,2054.59,INR,,SUCCESS,REF443597385
TXN000001492,A00000533,C000075,2026-08-21 10:03:55,CASH_DEPOSIT,Branch,CREDIT,6978.5,INR,,SUCCESS,REF794391882
TXN000001493,A00000226,C000217,2026-07-28 01:08:00,IMPS,Corporate Banking,DEBIT,9712.19,INR,,SUCCESS,REF504525652
TXN000001494,A00000638,C000437,2026-07-31 10:39:03,ATM_WITHDRAWAL,UPI,DEBIT,8689.81,INR,,SUCCESS,REF576153570
TXN000001495,A00000198,C000326,2026-07-12 21:29:39,UPI,Mobile App,DEBIT,3870.29,INR,Jio,SUCCESS,REF971839315
TXN000001496,A00000543,C000059,2026-08-02 05:26:45,NEFT,Internet Banking,DEBIT,4713.95,INR,,SUCCESS,REF984042458
TXN000001497,A00000371,C000288,2026-07-27 22:40:39,POS,UPI,DEBIT,5653.11,INR,Ola,FAILED,REF352937673
TXN000001498,A00000137,C000064,2026-07-31 04:20:03,CASH_WITHDRAWAL,ATM,DEBIT,4791.24,INR,,REVERSED,REF283892043
TXN000001499,A00000234,C000394,2026-07-03 15:35:52,CASH_WITHDRAWAL,Internet Banking,DEBIT,11677.57,INR,,SUCCESS,REF867153483
TXN000001500,A00000556,C000093,2026-07-18 16:58:01,CASH_WITHDRAWAL,ATM,DEBIT,17827.15,INR,,SUCCESS,REF175807584
TXN000001501,A00000643,C000134,2026-07-13 21:36:11,CASH_WITHDRAWAL,UPI,DEBIT,6622.22,INR,,REVERSED,REF684809257
TXN000001502,A00000554,C000468,2026-08-17 07:39:02,UPI,ATM,DEBIT,8437.78,INR,Jio,SUCCESS,REF444032888
TXN000001503,A00000506,C000240,2026-07-20 13:27:23,UPI,UPI,CREDIT,5600.37,INR,Myntra,SUCCESS,REF690480796
TXN000001504,A00000216,C000403,2026-07-14 19:07:09,ATM_WITHDRAWAL,Branch,DEBIT,9144.23,INR,,FAILED,REF835779269
TXN000001505,A00000491,C000418,2026-07-16 21:36:54,CASH_DEPOSIT,ATM,DEBIT,838.77,INR,,SUCCESS,REF778171718
TXN000001506,A00000618,C000437,2026-07-22 03:12:42,UPI,UPI,DEBIT,6338.75,INR,IRCTC,FAILED,REF794754655
TXN000001507,A00000553,C000327,2026-08-20 03:34:43,CASH_DEPOSIT,UPI,DEBIT,8480.98,INR,,SUCCESS,REF128510958
TXN000001508,A00000501,C000486,2026-07-25 21:41:57,UPI,Branch,DEBIT,9158.31,INR,Flipkart,SUCCESS,REF241685787
TXN000001509,A00000225,C000249,2026-07-10 14:06:46,CASH_WITHDRAWAL,UPI,DEBIT,11994.85,INR,,SUCCESS,REF858534280
TXN000001510,A00000524,C000329,2026-08-08 16:32:02,CASH_DEPOSIT,Branch,DEBIT,6630.46,INR,,SUCCESS,REF147500964
TXN000001511,A00000431,C000006,2026-07-27 18:52:49,CASH_WITHDRAWAL,Corporate Banking,DEBIT,10465.13,INR,,REVERSED,REF305094266
TXN000001512,A00000347,C000125,2026-07-01 17:43:30,POS,ATM,DEBIT,6920.64,INR,Zomato,SUCCESS,REF964783242
TXN000001513,A00000224,C000434,2026-07-22 23:00:53,NEFT,Branch,DEBIT,3262.9,INR,,SUCCESS,REF135148462
TXN000001514,A00000367,C000311,2026-08-03 17:25:10,IMPS,UPI,DEBIT,6454.89,INR,,SUCCESS,REF863332016
TXN000001515,A00000287,C000203,2026-08-02 19:33:57,ATM_WITHDRAWAL,Mobile App,DEBIT,7669.07,INR,,FAILED,REF434323820
TXN000001516,A00000066,C000392,2026-08-11 03:43:42,ATM_WITHDRAWAL,Mobile App,DEBIT,19043.99,INR,,FAILED,REF951776628
TXN000001517,A00000331,C000473,2026-08-04 16:09:51,UPI,Branch,DEBIT,2024.6,INR,Uber,SUCCESS,REF933700785
TXN000001518,A00000547,C000124,2026-08-07 23:15:37,NEFT,ATM,CREDIT,7449.36,INR,,SUCCESS,REF677379805
TXN000001519,A00000055,C000245,2026-07-20 22:50:55,IMPS,Internet Banking,DEBIT,2359.6,INR,,SUCCESS,REF413449429
TXN000001520,A00000270,C000074,2026-08-06 10:41:02,CASH_DEPOSIT,Branch,DEBIT,9764.45,INR,,SUCCESS,REF554470281
TXN000001521,A00000438,C000374,2026-07-14 04:54:17,ATM_WITHDRAWAL,UPI,DEBIT,1794.68,INR,,SUCCESS,REF914307019
TXN000001522,A00000511,C000385,2026-08-30 18:08:22,RTGS,Internet Banking,CREDIT,209780.26,INR,,SUCCESS,REF271977961
TXN000001523,A00000616,C000290,2026-07-15 03:48:11,IMPS,UPI,CREDIT,6642.34,INR,,FAILED,REF931101079
TXN000001524,A00000214,C000263,2026-08-23 03:13:49,UPI,Internet Banking,DEBIT,1410.22,INR,Apollo Pharmacy,SUCCESS,REF982235154
TXN000001525,A00000233,C000059,2026-08-24 13:34:29,RTGS,Branch,DEBIT,90711.61,INR,,SUCCESS,REF373041260
TXN000001526,A00000551,C000293,2026-07-02 16:59:13,RTGS,Mobile App,DEBIT,408693.64,INR,,SUCCESS,REF512639684
TXN000001527,A00000483,C000457,2026-07-23 23:01:02,ATM_WITHDRAWAL,UPI,DEBIT,14679.53,INR,,SUCCESS,REF798256177
TXN000001528,A00000085,C000386,2026-08-29 22:12:02,CASH_WITHDRAWAL,Branch,CREDIT,18671.88,INR,,SUCCESS,REF103153993
TXN000001529,A00000345,C000328,2026-08-27 06:01:43,UPI,Branch,DEBIT,9485.63,INR,Uber,SUCCESS,REF177100343
TXN000001530,A00000294,C000015,2026-08-18 10:55:02,NEFT,Internet Banking,CREDIT,2317.87,INR,,SUCCESS,REF162892945
TXN000001531,A00000605,C000021,2026-08-01 16:22:29,ATM_WITHDRAWAL,Internet Banking,DEBIT,4466.22,INR,,SUCCESS,REF237934469
TXN000001532,A00000606,C000339,2026-07-19 23:11:22,IMPS,Mobile App,DEBIT,5383.34,INR,,SUCCESS,REF130786111
TXN000001533,A00000156,C000264,2026-08-10 12:39:57,CASH_DEPOSIT,Corporate Banking,DEBIT,9619.34,INR,,SUCCESS,REF793432826
TXN000001534,A00000600,C000106,2026-07-12 04:14:39,CASH_DEPOSIT,UPI,DEBIT,7085.45,INR,,SUCCESS,REF585782154
TXN000001535,A00000471,C000133,2026-07-25 15:07:38,NEFT,ATM,CREDIT,6017.84,INR,,FAILED,REF101605955
TXN000001536,A00000143,C000143,2026-08-28 08:45:24,POS,Internet Banking,DEBIT,7478.72,INR,Flipkart,SUCCESS,REF237445335
TXN000001537,A00000137,C000064,2026-07-03 02:38:05,RTGS,Mobile App,CREDIT,314772.39,INR,,FAILED,REF694559557
TXN000001538,A00000227,C000481,2026-08-09 00:35:16,CASH_DEPOSIT,Branch,CREDIT,4907.81,INR,,SUCCESS,REF759565446
TXN000001539,A00000074,C000255,2026-07-20 10:03:06,POS,ATM,DEBIT,1539.71,INR,DMart,SUCCESS,REF762263984
TXN000001540,A00000169,C000282,2026-07-05 16:40:20,RTGS,Internet Banking,CREDIT,436256.07,INR,,FAILED,REF566305670
TXN000001541,A00000315,C000126,2026-07-25 01:54:47,IMPS,Branch,CREDIT,8692.11,INR,,SUCCESS,REF907032845
TXN000001542,A00000132,C000342,2026-08-06 21:16:58,CASH_DEPOSIT,Internet Banking,CREDIT,2220.94,INR,,SUCCESS,REF780436295
TXN000001543,A00000343,C000466,2026-07-11 23:16:42,POS,Mobile App,CREDIT,5847.35,INR,BookMyShow,SUCCESS,REF382080773
TXN000001544,A00000095,C000485,2026-08-29 19:56:11,ATM_WITHDRAWAL,Internet Banking,DEBIT,1013.35,INR,,FAILED,REF897737670
TXN000001545,A00000343,C000466,2026-08-16 07:35:00,POS,Internet Banking,DEBIT,682.28,INR,DMart,SUCCESS,REF528777535
TXN000001546,A00000493,C000171,2026-08-28 19:30:47,IMPS,Mobile App,DEBIT,1846.65,INR,,SUCCESS,REF910705458
TXN000001547,A00000247,C000048,2026-07-18 13:45:41,RTGS,Corporate Banking,DEBIT,466318.15,INR,,SUCCESS,REF617760172
TXN000001548,A00000300,C000056,2026-07-17 21:25:17,RTGS,ATM,CREDIT,91757.75,INR,,SUCCESS,REF440177701
TXN000001549,A00000219,C000236,2026-08-14 00:17:38,NEFT,Internet Banking,DEBIT,1383.43,INR,,SUCCESS,REF406461916
TXN000001550,A00000250,C000230,2026-07-07 18:42:29,CASH_WITHDRAWAL,Mobile App,DEBIT,8991.21,INR,,SUCCESS,REF963708439
TXN000001551,A00000383,C000226,2026-08-16 19:30:43,UPI,ATM,DEBIT,644.76,INR,Swiggy,SUCCESS,REF725236759
TXN000001552,A00000087,C000500,2026-07-05 09:06:30,POS,Mobile App,CREDIT,966.39,INR,MakeMyTrip,SUCCESS,REF283427576
TXN000001553,A00000647,C000011,2026-07-01 17:41:25,NEFT,UPI,DEBIT,9455.62,INR,,SUCCESS,REF204494207
TXN000001554,A00000047,C000099,2026-07-21 15:24:35,CASH_DEPOSIT,Internet Banking,DEBIT,6327.07,INR,,SUCCESS,REF587630738
TXN000001555,A00000055,C000245,2026-08-11 00:05:01,CASH_DEPOSIT,Mobile App,CREDIT,6441.03,INR,,SUCCESS,REF804960582
TXN000001556,A00000203,C000429,2026-07-24 09:35:08,RTGS,Mobile App,DEBIT,374668.71,INR,,SUCCESS,REF135691579
TXN000001557,A00000055,C000245,2026-07-12 18:17:04,IMPS,ATM,DEBIT,1992.61,INR,,FAILED,REF842366270
TXN000001558,A00000344,C000259,2026-08-28 05:01:41,UPI,Mobile App,DEBIT,6769.04,INR,Zomato,SUCCESS,REF946389170
TXN000001559,A00000158,C000174,2026-07-31 01:20:06,UPI,Branch,DEBIT,4066.97,INR,Swiggy,SUCCESS,REF892996284
TXN000001560,A00000603,C000148,2026-08-25 14:37:44,IMPS,ATM,DEBIT,239.98,INR,,SUCCESS,REF894771417
TXN000001561,A00000532,C000422,2026-08-24 04:58:28,IMPS,Internet Banking,DEBIT,1330.81,INR,,SUCCESS,REF443077817
TXN000001562,A00000238,C000063,2026-07-12 01:43:05,IMPS,Internet Banking,CREDIT,1882.68,INR,,SUCCESS,REF129561511
TXN000001563,A00000098,C000011,2026-07-08 07:33:48,UPI,Internet Banking,DEBIT,8510.85,INR,BigBasket,SUCCESS,REF208478792
TXN000001564,A00000198,C000326,2026-08-03 13:47:34,RTGS,Branch,DEBIT,213627.74,INR,,SUCCESS,REF886985545
TXN000001565,A00000613,C000046,2026-08-13 10:18:53,ATM_WITHDRAWAL,Internet Banking,DEBIT,17268.41,INR,,SUCCESS,REF299362146
TXN000001566,A00000513,C000041,2026-08-21 10:50:52,CASH_DEPOSIT,UPI,CREDIT,3019.09,INR,,SUCCESS,REF105343504
TXN000001567,A00000178,C000475,2026-07-13 09:44:37,ATM_WITHDRAWAL,Mobile App,DEBIT,8885.94,INR,,SUCCESS,REF726360040
TXN000001568,A00000366,C000260,2026-08-12 17:14:29,RTGS,Corporate Banking,DEBIT,254217.68,INR,,SUCCESS,REF715091298
TXN000001569,A00000564,C000424,2026-07-31 08:26:55,POS,Internet Banking,CREDIT,1814.6,INR,Swiggy,SUCCESS,REF290657505
TXN000001570,A00000393,C000402,2026-07-22 20:29:16,CASH_DEPOSIT,Branch,DEBIT,3740.72,INR,,SUCCESS,REF518852428
TXN000001571,A00000162,C000277,2026-08-25 23:17:11,POS,UPI,DEBIT,7885.97,INR,Ola,SUCCESS,REF212985973
TXN000001572,A00000273,C000487,2026-07-16 14:43:15,CASH_WITHDRAWAL,UPI,DEBIT,7704.74,INR,,SUCCESS,REF574090777
TXN000001573,A00000278,C000129,2026-07-21 08:29:42,CASH_DEPOSIT,Internet Banking,DEBIT,4371.31,INR,,SUCCESS,REF850268628
TXN000001574,A00000418,C000095,2026-08-26 20:59:34,IMPS,UPI,DEBIT,7630.8,INR,,SUCCESS,REF265459293
TXN000001575,A00000297,C000034,2026-07-25 17:58:50,RTGS,UPI,DEBIT,368183.34,INR,,SUCCESS,REF463735153
TXN000001576,A00000487,C000040,2026-07-30 23:28:43,NEFT,Corporate Banking,CREDIT,1608.71,INR,,FAILED,REF899880385
TXN000001577,A00000641,C000039,2026-08-12 10:26:07,RTGS,ATM,DEBIT,145626.12,INR,,SUCCESS,REF560813379
TXN000001578,A00000253,C000422,2026-07-07 14:19:10,UPI,Corporate Banking,DEBIT,4158.94,INR,Apollo Pharmacy,SUCCESS,REF733762907
TXN000001579,A00000243,C000366,2026-07-23 08:10:39,NEFT,Corporate Banking,DEBIT,4182.04,INR,,SUCCESS,REF939248992
TXN000001580,A00000528,C000028,2026-07-16 00:50:30,RTGS,ATM,DEBIT,89773.02,INR,,SUCCESS,REF507527532
TXN000001581,A00000061,C000495,2026-08-19 00:08:53,CASH_WITHDRAWAL,Branch,DEBIT,15612.8,INR,,SUCCESS,REF554850228
TXN000001582,A00000494,C000274,2026-07-09 14:04:32,UPI,Corporate Banking,DEBIT,5581.52,INR,BigBasket,SUCCESS,REF231518435
TXN000001583,A00000293,C000414,2026-08-07 10:50:39,CASH_DEPOSIT,ATM,CREDIT,7848.36,INR,,SUCCESS,REF789819294
TXN000001584,A00000285,C000349,2026-08-23 23:02:26,IMPS,Mobile App,CREDIT,7499.22,INR,,SUCCESS,REF418404981
TXN000001585,A00000353,C000086,2026-08-22 06:57:48,CASH_DEPOSIT,UPI,DEBIT,2090.89,INR,,SUCCESS,REF903213869
TXN000001586,A00000600,C000106,2026-08-06 09:32:55,ATM_WITHDRAWAL,UPI,DEBIT,8210.53,INR,,REVERSED,REF217936900
TXN000001587,A00000186,C000026,2026-07-25 10:38:10,CASH_DEPOSIT,UPI,CREDIT,7040.03,INR,,SUCCESS,REF540232016
TXN000001588,A00000463,C000108,2026-08-26 20:03:01,UPI,Mobile App,DEBIT,4146.35,INR,Airtel,SUCCESS,REF219118290
TXN000001589,A00000034,C000384,2026-07-07 06:10:57,NEFT,Internet Banking,DEBIT,9561.53,INR,,SUCCESS,REF933299526
TXN000001590,A00000253,C000422,2026-08-18 02:57:36,ATM_WITHDRAWAL,Mobile App,DEBIT,1160.8,INR,,SUCCESS,REF391947019
TXN000001591,A00000221,C000124,2026-07-31 23:54:46,CASH_WITHDRAWAL,Mobile App,DEBIT,8675.61,INR,,SUCCESS,REF207793876
TXN000001592,A00000289,C000439,2026-08-04 09:39:33,UPI,Branch,DEBIT,8263.97,INR,Swiggy,SUCCESS,REF630024523
TXN000001593,A00000615,C000236,2026-08-28 19:49:16,RTGS,Branch,DEBIT,497288.98,INR,,SUCCESS,REF403789239
TXN000001594,A00000593,C000073,2026-07-04 11:20:35,NEFT,Corporate Banking,DEBIT,7728.01,INR,,SUCCESS,REF141502816
TXN000001595,A00000155,C000059,2026-08-29 04:20:06,CASH_DEPOSIT,ATM,DEBIT,8539.5,INR,,SUCCESS,REF177689213
TXN000001596,A00000636,C000045,2026-07-10 04:26:29,UPI,Mobile App,DEBIT,2502.16,INR,Croma,SUCCESS,REF453397017
TXN000001597,A00000310,C000285,2026-07-14 11:37:24,ATM_WITHDRAWAL,Mobile App,DEBIT,19930.06,INR,,SUCCESS,REF846635979
TXN000001598,A00000490,C000409,2026-08-30 21:32:32,NEFT,Branch,DEBIT,4882.35,INR,,FAILED,REF510338581
TXN000001599,A00000061,C000495,2026-07-31 03:36:00,NEFT,Corporate Banking,DEBIT,3273.06,INR,,SUCCESS,REF224560633
TXN000001600,A00000209,C000103,2026-07-07 21:13:30,IMPS,Corporate Banking,DEBIT,7837.77,INR,,FAILED,REF977154054
TXN000001601,A00000017,C000303,2026-07-30 00:09:24,IMPS,Mobile App,DEBIT,3069.38,INR,,SUCCESS,REF228023421
TXN000001602,A00000136,C000428,2026-07-09 17:38:34,CASH_WITHDRAWAL,Corporate Banking,DEBIT,6331.94,INR,,SUCCESS,REF752375453
TXN000001603,A00000219,C000236,2026-08-02 13:25:00,CASH_DEPOSIT,ATM,CREDIT,4790.55,INR,,SUCCESS,REF560316655
TXN000001604,A00000193,C000481,2026-08-20 02:54:05,NEFT,Branch,CREDIT,2426.48,INR,,SUCCESS,REF219398750
TXN000001605,A00000389,C000189,2026-07-19 06:09:53,NEFT,Mobile App,DEBIT,7835.45,INR,,SUCCESS,REF404898529
TXN000001606,A00000050,C000395,2026-07-06 12:12:56,NEFT,Mobile App,DEBIT,7114.37,INR,,SUCCESS,REF740821972
TXN000001607,A00000444,C000154,2026-07-27 19:56:50,IMPS,Internet Banking,DEBIT,3915.93,INR,,SUCCESS,REF447006489
TXN000001608,A00000180,C000368,2026-07-01 05:03:29,CASH_WITHDRAWAL,Corporate Banking,DEBIT,17921.71,INR,,SUCCESS,REF873807006
TXN000001609,A00000067,C000357,2026-08-09 10:02:45,CASH_WITHDRAWAL,UPI,DEBIT,12145.61,INR,,SUCCESS,REF749086625
TXN000001610,A00000290,C000315,2026-07-07 21:30:43,RTGS,Corporate Banking,DEBIT,63781.48,INR,,SUCCESS,REF473520526
TXN000001611,A00000412,C000431,2026-07-19 05:18:09,RTGS,Mobile App,CREDIT,400233.62,INR,,SUCCESS,REF192794938
TXN000001612,A00000467,C000269,2026-07-09 23:47:23,IMPS,Internet Banking,CREDIT,3927.68,INR,,SUCCESS,REF378088986
TXN000001613,A00000392,C000338,2026-08-12 01:33:34,UPI,Branch,DEBIT,4790.29,INR,DMart,SUCCESS,REF338888536
TXN000001614,A00000006,C000491,2026-08-31 15:19:38,CASH_DEPOSIT,Mobile App,DEBIT,5116.98,INR,,SUCCESS,REF852084948
TXN000001615,A00000525,C000394,2026-07-01 00:07:29,CASH_WITHDRAWAL,Corporate Banking,CREDIT,2500.84,INR,,SUCCESS,REF743713656
TXN000001616,A00000061,C000495,2026-07-07 17:41:22,ATM_WITHDRAWAL,Mobile App,DEBIT,16182.04,INR,,SUCCESS,REF537704234
TXN000001617,A00000173,C000413,2026-07-23 05:52:26,RTGS,Mobile App,DEBIT,100094.3,INR,,SUCCESS,REF259003151
TXN000001618,A00000186,C000026,2026-07-19 00:28:46,IMPS,UPI,DEBIT,5582.86,INR,,SUCCESS,REF267014814
TXN000001619,A00000539,C000268,2026-08-08 10:49:09,RTGS,Branch,DEBIT,322698.06,INR,,SUCCESS,REF141890667
TXN000001620,A00000568,C000388,2026-07-15 13:34:53,ATM_WITHDRAWAL,Branch,DEBIT,16149.41,INR,,FAILED,REF472619843
TXN000001621,A00000031,C000239,2026-08-31 16:07:44,POS,Mobile App,DEBIT,1982.69,INR,Croma,SUCCESS,REF986526385
TXN000001622,A00000008,C000026,2026-08-10 13:05:05,CASH_DEPOSIT,ATM,DEBIT,2928.22,INR,,SUCCESS,REF598604109
TXN000001623,A00000537,C000296,2026-07-02 02:39:00,RTGS,Branch,DEBIT,466985.41,INR,,SUCCESS,REF408913843
TXN000001624,A00000338,C000235,2026-08-25 04:35:47,RTGS,UPI,DEBIT,325968.99,INR,,FAILED,REF382004346
TXN000001625,A00000295,C000123,2026-07-19 22:53:39,CASH_WITHDRAWAL,Mobile App,DEBIT,16097.42,INR,,SUCCESS,REF788869169
TXN000001626,A00000523,C000292,2026-07-23 18:07:17,RTGS,UPI,DEBIT,149905.86,INR,,SUCCESS,REF344109289
TXN000001627,A00000476,C000485,2026-07-07 08:04:47,NEFT,Corporate Banking,CREDIT,6692.96,INR,,SUCCESS,REF357215696
TXN000001628,A00000413,C000061,2026-07-22 20:07:03,UPI,Internet Banking,DEBIT,3223.42,INR,MakeMyTrip,SUCCESS,REF736037933
TXN000001629,A00000586,C000221,2026-08-18 10:07:51,ATM_WITHDRAWAL,Mobile App,DEBIT,906.69,INR,,SUCCESS,REF747190187
TXN000001630,A00000441,C000351,2026-07-23 05:34:43,UPI,UPI,CREDIT,6910.23,INR,Amazon,SUCCESS,REF881563500
TXN000001631,A00000050,C000395,2026-07-30 08:45:34,CASH_DEPOSIT,Mobile App,CREDIT,3349.02,INR,,SUCCESS,REF498631646
TXN000001632,A00000455,C000443,2026-07-21 05:14:21,UPI,ATM,CREDIT,875.79,INR,Swiggy,FAILED,REF549097560
TXN000001633,A00000574,C000015,2026-08-27 20:05:30,NEFT,Branch,DEBIT,3023.47,INR,,SUCCESS,REF781845686
TXN000001634,A00000021,C000463,2026-08-09 22:20:49,ATM_WITHDRAWAL,Mobile App,CREDIT,14596.28,INR,,SUCCESS,REF423511951
TXN000001635,A00000471,C000133,2026-08-21 00:19:59,CASH_WITHDRAWAL,UPI,DEBIT,4016.83,INR,,SUCCESS,REF358114953
TXN000001636,A00000145,C000322,2026-07-01 01:09:42,ATM_WITHDRAWAL,Internet Banking,DEBIT,6378.89,INR,,SUCCESS,REF235311908
TXN000001637,A00000316,C000028,2026-07-22 08:58:42,NEFT,ATM,DEBIT,7215.46,INR,,SUCCESS,REF462964007
TXN000001638,A00000323,C000227,2026-08-29 01:02:54,CASH_WITHDRAWAL,ATM,DEBIT,19155.42,INR,,SUCCESS,REF704623578
TXN000001639,A00000388,C000234,2026-07-11 13:25:55,UPI,ATM,DEBIT,1663.41,INR,Reliance Digital,REVERSED,REF328594177
TXN000001640,A00000227,C000481,2026-07-22 21:50:14,IMPS,Internet Banking,DEBIT,6224.8,INR,,SUCCESS,REF338629623
TXN000001641,A00000085,C000386,2026-08-28 05:04:18,POS,UPI,CREDIT,6418.36,INR,Reliance Digital,SUCCESS,REF121749497
TXN000001642,A00000144,C000249,2026-08-27 22:28:22,CASH_DEPOSIT,UPI,DEBIT,3953.48,INR,,SUCCESS,REF206524607
TXN000001643,A00000498,C000361,2026-08-23 04:46:13,ATM_WITHDRAWAL,Branch,DEBIT,12204.66,INR,,SUCCESS,REF598227721
TXN000001644,A00000555,C000040,2026-07-23 08:45:54,IMPS,UPI,DEBIT,9056.47,INR,,SUCCESS,REF510652273
TXN000001645,A00000619,C000059,2026-07-01 14:25:32,RTGS,Mobile App,DEBIT,495732.99,INR,,SUCCESS,REF906943035
TXN000001646,A00000034,C000384,2026-07-11 18:12:30,RTGS,Branch,DEBIT,153782.66,INR,,SUCCESS,REF981889514
TXN000001647,A00000367,C000311,2026-07-03 15:13:06,UPI,Branch,DEBIT,1890.22,INR,Zomato,SUCCESS,REF790401984
TXN000001648,A00000250,C000230,2026-08-08 17:44:20,RTGS,Branch,DEBIT,151561.82,INR,,SUCCESS,REF793774286
TXN000001649,A00000023,C000469,2026-08-11 12:26:13,IMPS,ATM,DEBIT,7101.9,INR,,SUCCESS,REF297789539
TXN000001650,A00000349,C000092,2026-08-13 10:13:21,CASH_DEPOSIT,Corporate Banking,CREDIT,7169.64,INR,,SUCCESS,REF894528092
TXN000001651,A00000378,C000338,2026-07-20 00:05:22,POS,Corporate Banking,CREDIT,9699.78,INR,IRCTC,SUCCESS,REF406719360
TXN000001652,A00000353,C000086,2026-08-31 14:01:11,RTGS,Corporate Banking,CREDIT,155449.77,INR,,SUCCESS,REF939494253
TXN000001653,A00000548,C000373,2026-07-25 10:32:41,NEFT,ATM,DEBIT,2884.4,INR,,SUCCESS,REF576674680
TXN000001654,A00000014,C000394,2026-08-30 12:50:34,NEFT,Mobile App,DEBIT,6168.64,INR,,FAILED,REF819492928
TXN000001655,A00000463,C000108,2026-07-28 12:22:42,CASH_WITHDRAWAL,Branch,DEBIT,8704.04,INR,,SUCCESS,REF605658736
TXN000001656,A00000429,C000162,2026-08-20 20:57:11,NEFT,Mobile App,DEBIT,1293.97,INR,,SUCCESS,REF795787915
TXN000001657,A00000329,C000157,2026-07-05 22:45:13,CASH_WITHDRAWAL,Branch,DEBIT,8432.2,INR,,SUCCESS,REF174353909
TXN000001658,A00000117,C000079,2026-08-05 16:05:07,CASH_DEPOSIT,Branch,CREDIT,4810.68,INR,,SUCCESS,REF613058933
TXN000001659,A00000648,C000247,2026-07-16 04:55:58,CASH_DEPOSIT,Mobile App,DEBIT,2084.75,INR,,SUCCESS,REF232182114
TXN000001660,A00000553,C000327,2026-07-05 05:01:35,POS,ATM,DEBIT,5878.45,INR,Croma,SUCCESS,REF336942857
TXN000001661,A00000510,C000024,2026-08-24 05:32:32,NEFT,UPI,DEBIT,877.11,INR,,SUCCESS,REF142995194
TXN000001662,A00000030,C000189,2026-08-28 08:56:38,RTGS,UPI,DEBIT,201493.42,INR,,SUCCESS,REF854882391
TXN000001663,A00000075,C000023,2026-08-08 23:58:57,RTGS,Corporate Banking,CREDIT,246809.19,INR,,SUCCESS,REF324081095
TXN000001664,A00000130,C000114,2026-07-17 03:45:37,CASH_WITHDRAWAL,ATM,DEBIT,10939.77,INR,,SUCCESS,REF633577000
TXN000001665,A00000423,C000338,2026-08-26 12:24:32,POS,Mobile App,DEBIT,5722.74,INR,Flipkart,SUCCESS,REF936383929
TXN000001666,A00000282,C000285,2026-08-21 12:51:21,UPI,Mobile App,CREDIT,8154.52,INR,Uber,SUCCESS,REF562871399
TXN000001667,A00000456,C000097,2026-08-21 05:15:39,RTGS,ATM,DEBIT,215960.11,INR,,REVERSED,REF439219391
TXN000001668,A00000354,C000107,2026-08-01 13:18:17,RTGS,Corporate Banking,CREDIT,459314.24,INR,,SUCCESS,REF906778395
TXN000001669,A00000396,C000083,2026-07-29 18:36:58,CASH_WITHDRAWAL,Internet Banking,CREDIT,5573.47,INR,,SUCCESS,REF399232586
TXN000001670,A00000592,C000319,2026-07-02 11:10:16,ATM_WITHDRAWAL,ATM,DEBIT,16693.99,INR,,SUCCESS,REF543751428
TXN000001671,A00000593,C000073,2026-07-27 11:54:19,IMPS,ATM,DEBIT,9708.41,INR,,SUCCESS,REF253539203
TXN000001672,A00000056,C000419,2026-08-18 16:17:09,CASH_DEPOSIT,ATM,CREDIT,7670.86,INR,,SUCCESS,REF348480008
TXN000001673,A00000328,C000214,2026-08-07 07:50:47,UPI,Internet Banking,DEBIT,6158.2,INR,IRCTC,SUCCESS,REF717968512
TXN000001674,A00000113,C000374,2026-07-24 00:09:32,ATM_WITHDRAWAL,Mobile App,DEBIT,15760.32,INR,,SUCCESS,REF414292188
TXN000001675,A00000506,C000240,2026-08-29 00:13:39,CASH_WITHDRAWAL,Internet Banking,DEBIT,17212.1,INR,,FAILED,REF876357815
TXN000001676,A00000581,C000240,2026-07-08 18:55:24,CASH_WITHDRAWAL,Internet Banking,DEBIT,3170.34,INR,,SUCCESS,REF318626496
TXN000001677,A00000236,C000401,2026-07-29 20:13:30,IMPS,Corporate Banking,DEBIT,981.39,INR,,SUCCESS,REF307305046
TXN000001678,A00000456,C000097,2026-08-29 20:39:28,IMPS,Corporate Banking,DEBIT,6949.48,INR,,SUCCESS,REF870697234
TXN000001679,A00000405,C000245,2026-07-01 14:23:49,CASH_WITHDRAWAL,Mobile App,CREDIT,14731.96,INR,,SUCCESS,REF820375912
TXN000001680,A00000144,C000249,2026-07-08 02:27:09,CASH_DEPOSIT,Mobile App,DEBIT,2044.59,INR,,SUCCESS,REF152624468
TXN000001681,A00000531,C000244,2026-07-25 09:12:57,ATM_WITHDRAWAL,UPI,DEBIT,5734.22,INR,,SUCCESS,REF908246350
TXN000001682,A00000218,C000133,2026-08-13 20:58:51,CASH_DEPOSIT,ATM,DEBIT,8498.7,INR,,FAILED,REF647080927
TXN000001683,A00000171,C000204,2026-08-17 23:14:01,CASH_DEPOSIT,Branch,DEBIT,5012.72,INR,,SUCCESS,REF460313580
TXN000001684,A00000260,C000480,2026-08-08 04:50:43,ATM_WITHDRAWAL,Branch,DEBIT,17595.81,INR,,FAILED,REF400574412
TXN000001685,A00000582,C000440,2026-07-13 05:18:00,UPI,Internet Banking,DEBIT,1181.56,INR,Swiggy,FAILED,REF331014448
TXN000001686,A00000384,C000033,2026-08-26 00:01:59,UPI,Branch,DEBIT,8257.46,INR,Airtel,SUCCESS,REF217815720
TXN000001687,A00000487,C000040,2026-08-03 23:23:05,POS,Branch,DEBIT,7881.48,INR,BigBasket,FAILED,REF887856332
TXN000001688,A00000522,C000231,2026-08-10 02:28:50,UPI,Branch,DEBIT,2894.12,INR,Flipkart,SUCCESS,REF168584592
TXN000001689,A00000357,C000406,2026-08-02 12:22:35,CASH_DEPOSIT,Branch,DEBIT,3880.37,INR,,SUCCESS,REF305011870
TXN000001690,A00000535,C000325,2026-08-11 07:54:34,NEFT,ATM,DEBIT,2780.68,INR,,SUCCESS,REF478240172
TXN000001691,A00000518,C000479,2026-08-09 23:16:16,UPI,Branch,DEBIT,2011.0,INR,Uber,SUCCESS,REF441193441
TXN000001692,A00000391,C000228,2026-08-22 16:24:47,ATM_WITHDRAWAL,UPI,DEBIT,9997.64,INR,,SUCCESS,REF753048081
TXN000001693,A00000039,C000429,2026-08-20 23:55:21,IMPS,Branch,CREDIT,8891.34,INR,,SUCCESS,REF665985718
TXN000001694,A00000573,C000202,2026-07-06 03:53:05,RTGS,Internet Banking,CREDIT,96273.82,INR,,SUCCESS,REF957740558
TXN000001695,A00000530,C000095,2026-08-06 20:47:59,CASH_DEPOSIT,ATM,CREDIT,1172.59,INR,,SUCCESS,REF721849498
TXN000001696,A00000534,C000256,2026-07-05 17:20:54,RTGS,Branch,DEBIT,121924.11,INR,,SUCCESS,REF457383647
TXN000001697,A00000550,C000105,2026-08-11 19:37:43,RTGS,Branch,DEBIT,165012.54,INR,,SUCCESS,REF572158255
TXN000001698,A00000154,C000339,2026-08-30 08:43:00,POS,Mobile App,DEBIT,2506.79,INR,Apollo Pharmacy,SUCCESS,REF529689726
TXN000001699,A00000146,C000168,2026-08-19 17:32:53,NEFT,Internet Banking,DEBIT,4707.84,INR,,SUCCESS,REF454604182
TXN000001700,A00000553,C000327,2026-08-01 22:01:06,ATM_WITHDRAWAL,Mobile App,DEBIT,8841.26,INR,,SUCCESS,REF933618594
TXN000001701,A00000208,C000377,2026-08-02 12:24:51,UPI,Mobile App,DEBIT,1558.67,INR,BookMyShow,SUCCESS,REF909547419
TXN000001702,A00000394,C000448,2026-08-21 23:34:09,CASH_DEPOSIT,Mobile App,DEBIT,5945.64,INR,,SUCCESS,REF785016512
TXN000001703,A00000380,C000418,2026-07-09 18:51:16,UPI,Internet Banking,DEBIT,1687.83,INR,Ola,SUCCESS,REF356144513
TXN000001704,A00000005,C000273,2026-07-01 19:29:05,CASH_WITHDRAWAL,UPI,CREDIT,18856.85,INR,,SUCCESS,REF875306346
TXN000001705,A00000009,C000457,2026-08-25 06:04:38,CASH_WITHDRAWAL,ATM,CREDIT,4863.33,INR,,SUCCESS,REF901972909
TXN000001706,A00000119,C000497,2026-08-02 10:38:57,NEFT,Mobile App,DEBIT,8794.26,INR,,SUCCESS,REF886502751
TXN000001707,A00000493,C000171,2026-08-19 21:56:16,CASH_DEPOSIT,Branch,DEBIT,2024.27,INR,,SUCCESS,REF189060646
TXN000001708,A00000150,C000200,2026-07-10 10:08:44,NEFT,Mobile App,DEBIT,528.1,INR,,SUCCESS,REF411672240
TXN000001709,A00000501,C000486,2026-07-23 23:58:50,RTGS,ATM,CREDIT,483940.39,INR,,REVERSED,REF200862648
TXN000001710,A00000634,C000231,2026-08-13 21:06:12,CASH_DEPOSIT,UPI,CREDIT,9350.02,INR,,SUCCESS,REF491662987
TXN000001711,A00000625,C000298,2026-07-26 14:39:34,CASH_DEPOSIT,ATM,CREDIT,3531.18,INR,,SUCCESS,REF752035795
TXN000001712,A00000625,C000298,2026-07-16 07:05:29,CASH_DEPOSIT,Internet Banking,DEBIT,5263.95,INR,,SUCCESS,REF760343984
TXN000001713,A00000376,C000131,2026-08-22 10:15:03,IMPS,Mobile App,CREDIT,1656.69,INR,,SUCCESS,REF491410337
TXN000001714,A00000201,C000300,2026-07-12 04:37:50,CASH_WITHDRAWAL,Branch,DEBIT,19165.17,INR,,SUCCESS,REF361861195
TXN000001715,A00000639,C000401,2026-07-24 10:21:31,UPI,ATM,DEBIT,4613.61,INR,Ola,SUCCESS,REF222425531
TXN000001716,A00000343,C000466,2026-07-06 11:58:10,CASH_WITHDRAWAL,Branch,DEBIT,11941.5,INR,,SUCCESS,REF526238382
TXN000001717,A00000156,C000264,2026-08-02 01:11:25,CASH_DEPOSIT,Mobile App,CREDIT,138.69,INR,,SUCCESS,REF713987691
TXN000001718,A00000214,C000263,2026-08-08 16:35:31,ATM_WITHDRAWAL,UPI,DEBIT,18239.83,INR,,SUCCESS,REF410335417
TXN000001719,A00000520,C000482,2026-08-08 06:48:16,RTGS,Branch,DEBIT,452493.9,INR,,SUCCESS,REF606799338
TXN000001720,A00000584,C000097,2026-07-25 08:49:40,NEFT,Corporate Banking,CREDIT,8191.11,INR,,REVERSED,REF515901668
TXN000001721,A00000291,C000027,2026-07-14 03:20:08,RTGS,ATM,DEBIT,60325.59,INR,,SUCCESS,REF537730349
TXN000001722,A00000434,C000245,2026-08-03 05:10:10,POS,Internet Banking,CREDIT,1505.21,INR,Decathlon,SUCCESS,REF735917832
TXN000001723,A00000171,C000204,2026-07-03 01:15:06,CASH_WITHDRAWAL,Corporate Banking,DEBIT,6156.92,INR,,SUCCESS,REF519965089
TXN000001724,A00000051,C000031,2026-08-17 13:43:32,NEFT,Branch,DEBIT,3076.73,INR,,SUCCESS,REF125864012
TXN000001725,A00000573,C000202,2026-08-22 05:12:54,POS,ATM,DEBIT,2834.04,INR,Uber,FAILED,REF317881772
TXN000001726,A00000059,C000250,2026-07-27 23:51:51,RTGS,Mobile App,CREDIT,194120.71,INR,,SUCCESS,REF918864684
TXN000001727,A00000206,C000131,2026-07-04 02:04:13,UPI,Corporate Banking,DEBIT,939.62,INR,Flipkart,SUCCESS,REF739078945
TXN000001728,A00000603,C000148,2026-07-08 00:07:45,RTGS,Internet Banking,DEBIT,249515.27,INR,,SUCCESS,REF791164594
TXN000001729,A00000237,C000363,2026-07-18 02:20:50,POS,Internet Banking,DEBIT,7005.25,INR,Flipkart,SUCCESS,REF347084246
TXN000001730,A00000051,C000031,2026-07-27 15:27:45,ATM_WITHDRAWAL,Branch,DEBIT,12850.47,INR,,SUCCESS,REF522955609
TXN000001731,A00000175,C000127,2026-08-21 02:59:53,UPI,Mobile App,DEBIT,5142.86,INR,Ola,SUCCESS,REF474510539
TXN000001732,A00000586,C000221,2026-07-17 16:40:30,ATM_WITHDRAWAL,Branch,DEBIT,17935.52,INR,,FAILED,REF336532420
TXN000001733,A00000076,C000215,2026-07-23 19:58:10,NEFT,Mobile App,DEBIT,411.54,INR,,SUCCESS,REF758067306
TXN000001734,A00000444,C000154,2026-08-09 18:20:39,CASH_WITHDRAWAL,Internet Banking,DEBIT,12290.88,INR,,SUCCESS,REF727633816
TXN000001735,A00000128,C000420,2026-07-15 17:16:16,ATM_WITHDRAWAL,ATM,DEBIT,8732.72,INR,,SUCCESS,REF913325187
TXN000001736,A00000107,C000461,2026-07-28 17:26:15,CASH_DEPOSIT,Corporate Banking,DEBIT,8132.33,INR,,SUCCESS,REF614017645
TXN000001737,A00000408,C000373,2026-08-04 07:53:29,IMPS,ATM,DEBIT,6599.11,INR,,SUCCESS,REF664750192
TXN000001738,A00000367,C000311,2026-08-11 14:26:11,UPI,Corporate Banking,DEBIT,923.43,INR,BookMyShow,FAILED,REF284573605
TXN000001739,A00000607,C000074,2026-07-28 15:50:13,IMPS,ATM,DEBIT,1881.55,INR,,SUCCESS,REF838505209
TXN000001740,A00000200,C000064,2026-07-26 11:49:40,CASH_WITHDRAWAL,Mobile App,DEBIT,2169.69,INR,,SUCCESS,REF788079363
TXN000001741,A00000617,C000028,2026-08-07 21:15:10,UPI,Mobile App,DEBIT,4664.81,INR,Decathlon,SUCCESS,REF447311290
TXN000001742,A00000350,C000340,2026-07-21 21:57:50,CASH_WITHDRAWAL,ATM,CREDIT,3469.73,INR,,SUCCESS,REF689532168
TXN000001743,A00000193,C000481,2026-08-04 00:53:49,POS,Internet Banking,DEBIT,9597.94,INR,Swiggy,FAILED,REF412360952
TXN000001744,A00000128,C000420,2026-07-25 12:00:09,CASH_WITHDRAWAL,ATM,DEBIT,18970.88,INR,,SUCCESS,REF983651753
TXN000001745,A00000143,C000143,2026-07-23 03:22:45,POS,UPI,CREDIT,8680.66,INR,Swiggy,SUCCESS,REF431109618
TXN000001746,A00000539,C000268,2026-08-25 23:43:11,CASH_DEPOSIT,Internet Banking,DEBIT,441.81,INR,,SUCCESS,REF747969968
TXN000001747,A00000189,C000308,2026-07-12 19:02:11,ATM_WITHDRAWAL,ATM,CREDIT,14228.12,INR,,SUCCESS,REF597202093
TXN000001748,A00000051,C000031,2026-08-07 07:08:33,RTGS,Branch,DEBIT,398273.64,INR,,SUCCESS,REF260981266
TXN000001749,A00000349,C000092,2026-08-02 14:15:04,UPI,Corporate Banking,DEBIT,684.89,INR,MakeMyTrip,SUCCESS,REF713773008
TXN000001750,A00000024,C000496,2026-08-08 12:32:51,CASH_DEPOSIT,Mobile App,DEBIT,6632.6,INR,,SUCCESS,REF302972197
TXN000001751,A00000418,C000095,2026-07-02 13:59:49,RTGS,Mobile App,DEBIT,335294.57,INR,,SUCCESS,REF635233264
TXN000001752,A00000201,C000300,2026-08-21 09:31:38,UPI,Mobile App,CREDIT,9407.18,INR,Ola,SUCCESS,REF853497266
TXN000001753,A00000588,C000305,2026-08-20 23:07:18,CASH_WITHDRAWAL,Internet Banking,DEBIT,9656.68,INR,,SUCCESS,REF450717961
TXN000001754,A00000507,C000218,2026-08-18 10:05:18,NEFT,Internet Banking,CREDIT,8077.26,INR,,FAILED,REF741626788
TXN000001755,A00000377,C000266,2026-08-28 18:03:36,CASH_DEPOSIT,Internet Banking,DEBIT,6798.98,INR,,SUCCESS,REF682773536
TXN000001756,A00000505,C000206,2026-08-30 13:34:07,RTGS,Mobile App,DEBIT,186768.0,INR,,SUCCESS,REF170419722
TXN000001757,A00000288,C000345,2026-08-27 19:59:14,CASH_DEPOSIT,UPI,CREDIT,6570.4,INR,,SUCCESS,REF652024999
TXN000001758,A00000204,C000003,2026-08-05 08:19:28,ATM_WITHDRAWAL,Corporate Banking,DEBIT,15837.7,INR,,SUCCESS,REF560591776
TXN000001759,A00000646,C000054,2026-08-23 18:00:18,IMPS,Mobile App,CREDIT,8554.03,INR,,FAILED,REF991066547
TXN000001760,A00000307,C000215,2026-07-02 16:46:27,POS,ATM,DEBIT,2441.36,INR,Croma,SUCCESS,REF645345460
TXN000001761,A00000624,C000238,2026-08-11 14:52:24,ATM_WITHDRAWAL,UPI,DEBIT,15576.22,INR,,SUCCESS,REF796673655
TXN000001762,A00000258,C000190,2026-07-28 21:44:18,ATM_WITHDRAWAL,Corporate Banking,DEBIT,19520.24,INR,,SUCCESS,REF134009445
TXN000001763,A00000365,C000073,2026-08-20 11:07:35,UPI,Internet Banking,DEBIT,7643.43,INR,Jio,REVERSED,REF134232063
TXN000001764,A00000611,C000050,2026-07-26 16:52:29,IMPS,Mobile App,DEBIT,5343.52,INR,,SUCCESS,REF311606308
TXN000001765,A00000288,C000345,2026-08-18 21:58:23,IMPS,Mobile App,DEBIT,9181.77,INR,,SUCCESS,REF579787128
TXN000001766,A00000233,C000059,2026-08-07 11:27:32,CASH_WITHDRAWAL,Internet Banking,DEBIT,16968.46,INR,,SUCCESS,REF836184335
TXN000001767,A00000005,C000273,2026-07-27 05:00:49,RTGS,Internet Banking,DEBIT,62859.81,INR,,SUCCESS,REF141287038
TXN000001768,A00000136,C000428,2026-07-22 00:50:35,UPI,Corporate Banking,DEBIT,3033.98,INR,Decathlon,SUCCESS,REF325182695
TXN000001769,A00000352,C000008,2026-07-30 21:43:20,RTGS,Internet Banking,DEBIT,112671.13,INR,,SUCCESS,REF905947165
TXN000001770,A00000504,C000477,2026-08-21 03:39:41,POS,Branch,DEBIT,1921.5,INR,Reliance Digital,SUCCESS,REF718587449
TXN000001771,A00000030,C000189,2026-07-23 06:43:22,ATM_WITHDRAWAL,ATM,DEBIT,3753.96,INR,,SUCCESS,REF566144752
TXN000001772,A00000390,C000327,2026-07-23 04:02:30,IMPS,Corporate Banking,DEBIT,8070.94,INR,,SUCCESS,REF632479507
TXN000001773,A00000229,C000337,2026-07-23 10:39:05,RTGS,Internet Banking,DEBIT,354603.68,INR,,SUCCESS,REF912391968
TXN000001774,A00000442,C000463,2026-08-22 22:47:06,UPI,Branch,DEBIT,7991.95,INR,Airtel,SUCCESS,REF611784511
TXN000001775,A00000312,C000126,2026-07-21 08:00:25,POS,Corporate Banking,CREDIT,8296.53,INR,Flipkart,FAILED,REF548694184
TXN000001776,A00000139,C000284,2026-07-27 16:35:20,CASH_WITHDRAWAL,Mobile App,DEBIT,16981.42,INR,,SUCCESS,REF513681853
TXN000001777,A00000098,C000011,2026-08-12 11:33:30,IMPS,ATM,DEBIT,8466.27,INR,,FAILED,REF872172620
TXN000001778,A00000171,C000204,2026-07-07 06:19:40,CASH_DEPOSIT,ATM,DEBIT,2610.41,INR,,SUCCESS,REF664486546
TXN000001779,A00000122,C000326,2026-08-09 02:09:20,CASH_WITHDRAWAL,ATM,DEBIT,775.25,INR,,SUCCESS,REF993630305
TXN000001780,A00000442,C000463,2026-08-29 22:31:03,RTGS,UPI,DEBIT,429837.06,INR,,FAILED,REF567965247
TXN000001781,A00000506,C000240,2026-07-03 12:00:44,UPI,Corporate Banking,DEBIT,3142.11,INR,IRCTC,FAILED,REF855805594
TXN000001782,A00000429,C000162,2026-08-30 06:18:27,CASH_WITHDRAWAL,Mobile App,DEBIT,16174.67,INR,,SUCCESS,REF988827004
TXN000001783,A00000544,C000402,2026-07-23 03:17:35,UPI,Corporate Banking,DEBIT,3120.34,INR,IRCTC,SUCCESS,REF496529993
TXN000001784,A00000623,C000342,2026-08-24 05:16:13,RTGS,UPI,DEBIT,214820.5,INR,,SUCCESS,REF355063540
TXN000001785,A00000110,C000163,2026-08-19 13:30:38,RTGS,ATM,CREDIT,262121.29,INR,,SUCCESS,REF751093986
TXN000001786,A00000625,C000298,2026-07-22 10:39:38,NEFT,UPI,DEBIT,1146.48,INR,,SUCCESS,REF775073069
TXN000001787,A00000265,C000159,2026-08-15 07:23:43,RTGS,Corporate Banking,DEBIT,284601.78,INR,,SUCCESS,REF760391005
TXN000001788,A00000382,C000103,2026-07-03 23:46:52,RTGS,Mobile App,CREDIT,88050.39,INR,,SUCCESS,REF828215641
TXN000001789,A00000110,C000163,2026-07-10 21:16:57,POS,Branch,CREDIT,207.21,INR,IRCTC,SUCCESS,REF939944482
TXN000001790,A00000348,C000274,2026-07-14 05:53:17,NEFT,UPI,DEBIT,9101.53,INR,,SUCCESS,REF251670952
TXN000001791,A00000630,C000179,2026-08-16 18:19:44,NEFT,ATM,DEBIT,7449.21,INR,,SUCCESS,REF267095480
TXN000001792,A00000161,C000244,2026-07-16 14:27:24,NEFT,UPI,DEBIT,5957.35,INR,,SUCCESS,REF575295669
TXN000001793,A00000224,C000434,2026-08-19 00:58:46,CASH_WITHDRAWAL,Internet Banking,DEBIT,9938.9,INR,,SUCCESS,REF832769359
TXN000001794,A00000463,C000108,2026-07-23 21:39:29,CASH_WITHDRAWAL,Corporate Banking,DEBIT,13047.65,INR,,SUCCESS,REF310986781
TXN000001795,A00000058,C000332,2026-08-21 06:27:55,ATM_WITHDRAWAL,Branch,DEBIT,1496.81,INR,,SUCCESS,REF505105319
TXN000001796,A00000534,C000256,2026-07-03 07:45:24,RTGS,Corporate Banking,DEBIT,299728.2,INR,,SUCCESS,REF159367421
TXN000001797,A00000175,C000127,2026-07-29 14:26:23,POS,Branch,DEBIT,5054.84,INR,Flipkart,SUCCESS,REF749170321
TXN000001798,A00000211,C000347,2026-08-13 12:40:11,ATM_WITHDRAWAL,Internet Banking,DEBIT,13950.59,INR,,SUCCESS,REF876961069
TXN000001799,A00000150,C000200,2026-07-07 01:37:32,RTGS,Branch,DEBIT,293766.59,INR,,SUCCESS,REF814071368
TXN000001800,A00000136,C000428,2026-08-18 11:25:00,CASH_WITHDRAWAL,Branch,DEBIT,1445.13,INR,,SUCCESS,REF502972038
TXN000001801,A00000062,C000019,2026-07-11 05:25:16,NEFT,Branch,DEBIT,5477.65,INR,,SUCCESS,REF806021687
TXN000001802,A00000561,C000129,2026-07-16 06:19:41,IMPS,Branch,DEBIT,3648.54,INR,,SUCCESS,REF182460537
TXN000001803,A00000397,C000070,2026-08-10 14:58:00,NEFT,Mobile App,CREDIT,7250.47,INR,,SUCCESS,REF355077060
TXN000001804,A00000551,C000293,2026-08-14 17:26:08,NEFT,Mobile App,CREDIT,6502.7,INR,,SUCCESS,REF600209747
TXN000001805,A00000523,C000292,2026-07-12 01:40:51,ATM_WITHDRAWAL,Branch,DEBIT,8854.01,INR,,SUCCESS,REF186750293
TXN000001806,A00000264,C000277,2026-08-31 17:15:13,NEFT,Branch,CREDIT,7816.41,INR,,SUCCESS,REF359248723
TXN000001807,A00000276,C000277,2026-07-02 23:49:08,POS,Corporate Banking,DEBIT,8720.05,INR,Zomato,SUCCESS,REF592608918
TXN000001808,A00000007,C000483,2026-07-08 21:16:04,POS,Branch,DEBIT,855.22,INR,Apollo Pharmacy,SUCCESS,REF490164092
TXN000001809,A00000431,C000006,2026-07-22 14:10:50,CASH_WITHDRAWAL,Branch,DEBIT,8210.84,INR,,SUCCESS,REF635277800
TXN000001810,A00000081,C000045,2026-08-21 04:14:07,RTGS,Corporate Banking,CREDIT,380462.7,INR,,SUCCESS,REF557045781
TXN000001811,A00000247,C000048,2026-07-09 14:37:34,POS,ATM,CREDIT,4037.88,INR,Decathlon,SUCCESS,REF127122080
TXN000001812,A00000382,C000103,2026-07-30 03:35:03,POS,Mobile App,CREDIT,4969.47,INR,Apollo Pharmacy,SUCCESS,REF149970088
TXN000001813,A00000170,C000161,2026-08-11 10:30:39,IMPS,Corporate Banking,CREDIT,2213.28,INR,,FAILED,REF424190481
TXN000001814,A00000305,C000500,2026-07-12 17:59:40,CASH_DEPOSIT,ATM,DEBIT,8863.18,INR,,SUCCESS,REF100911043
TXN000001815,A00000304,C000348,2026-07-30 15:08:58,NEFT,Branch,DEBIT,762.6,INR,,SUCCESS,REF820418839
TXN000001816,A00000105,C000486,2026-08-02 08:15:22,POS,Branch,CREDIT,1896.41,INR,Decathlon,SUCCESS,REF322488904
TXN000001817,A00000426,C000131,2026-07-25 11:24:10,ATM_WITHDRAWAL,ATM,CREDIT,16913.52,INR,,SUCCESS,REF618656232
TXN000001818,A00000023,C000469,2026-08-31 08:25:20,RTGS,Branch,DEBIT,301429.71,INR,,SUCCESS,REF336104362
TXN000001819,A00000499,C000298,2026-08-23 02:52:02,RTGS,Internet Banking,DEBIT,152155.93,INR,,SUCCESS,REF255656968
TXN000001820,A00000609,C000348,2026-07-11 17:34:09,NEFT,Branch,CREDIT,6630.14,INR,,SUCCESS,REF339502626
TXN000001821,A00000287,C000203,2026-07-17 01:48:57,NEFT,ATM,DEBIT,484.63,INR,,SUCCESS,REF187999597
TXN000001822,A00000557,C000248,2026-07-18 17:28:10,CASH_WITHDRAWAL,Branch,DEBIT,10514.48,INR,,SUCCESS,REF676034101
TXN000001823,A00000117,C000079,2026-08-30 14:34:51,CASH_WITHDRAWAL,Corporate Banking,DEBIT,15567.2,INR,,SUCCESS,REF615888352
TXN000001824,A00000343,C000466,2026-08-23 18:57:21,CASH_WITHDRAWAL,Corporate Banking,DEBIT,14717.42,INR,,SUCCESS,REF612243896
TXN000001825,A00000292,C000453,2026-07-11 04:54:31,CASH_WITHDRAWAL,Branch,CREDIT,1609.16,INR,,SUCCESS,REF399745070
TXN000001826,A00000560,C000334,2026-07-27 12:57:34,CASH_DEPOSIT,UPI,DEBIT,7915.75,INR,,SUCCESS,REF673954902
TXN000001827,A00000105,C000486,2026-08-01 07:41:30,UPI,Corporate Banking,DEBIT,4355.05,INR,Ola,SUCCESS,REF201697194
TXN000001828,A00000418,C000095,2026-07-30 13:20:40,RTGS,Internet Banking,CREDIT,125673.33,INR,,SUCCESS,REF899772748
TXN000001829,A00000425,C000439,2026-07-20 22:09:56,NEFT,ATM,DEBIT,4214.6,INR,,SUCCESS,REF701889966
TXN000001830,A00000520,C000482,2026-08-23 07:41:30,NEFT,UPI,DEBIT,932.37,INR,,SUCCESS,REF278981663
TXN000001831,A00000049,C000339,2026-08-11 00:28:19,NEFT,ATM,DEBIT,7647.92,INR,,SUCCESS,REF630161773
TXN000001832,A00000357,C000406,2026-07-08 14:09:49,RTGS,Mobile App,DEBIT,363023.3,INR,,SUCCESS,REF229422754
TXN000001833,A00000248,C000304,2026-08-25 19:10:59,NEFT,Internet Banking,DEBIT,4728.55,INR,,SUCCESS,REF909937390
TXN000001834,A00000047,C000099,2026-07-16 17:20:19,ATM_WITHDRAWAL,Corporate Banking,DEBIT,16778.48,INR,,SUCCESS,REF905021918
TXN000001835,A00000303,C000076,2026-07-22 18:19:57,POS,Mobile App,DEBIT,5183.09,INR,Ola,FAILED,REF980821441
TXN000001836,A00000241,C000488,2026-08-24 10:08:17,NEFT,Corporate Banking,DEBIT,1573.83,INR,,SUCCESS,REF265492770
TXN000001837,A00000149,C000236,2026-08-27 12:27:09,POS,Branch,CREDIT,7783.1,INR,DMart,SUCCESS,REF744458646
TXN000001838,A00000189,C000308,2026-08-26 02:25:51,POS,Corporate Banking,DEBIT,5598.63,INR,MakeMyTrip,SUCCESS,REF292741111
TXN000001839,A00000109,C000012,2026-07-26 01:21:31,IMPS,Branch,CREDIT,7081.35,INR,,SUCCESS,REF742349010
TXN000001840,A00000268,C000165,2026-08-22 07:34:11,POS,Corporate Banking,DEBIT,2619.17,INR,Airtel,SUCCESS,REF437102611
TXN000001841,A00000399,C000414,2026-07-01 17:07:22,RTGS,UPI,CREDIT,321398.49,INR,,SUCCESS,REF891217136
TXN000001842,A00000346,C000364,2026-07-28 11:08:08,UPI,Internet Banking,CREDIT,6523.59,INR,IRCTC,SUCCESS,REF883165585
TXN000001843,A00000033,C000294,2026-07-30 17:36:07,IMPS,Corporate Banking,DEBIT,7041.05,INR,,SUCCESS,REF916510520
TXN000001844,A00000096,C000085,2026-07-05 02:25:21,CASH_DEPOSIT,Mobile App,DEBIT,4034.58,INR,,FAILED,REF605161747
TXN000001845,A00000197,C000265,2026-07-31 04:57:16,CASH_DEPOSIT,Branch,CREDIT,4555.57,INR,,SUCCESS,REF858719317
TXN000001846,A00000301,C000216,2026-07-12 11:07:39,UPI,Mobile App,DEBIT,7078.15,INR,Myntra,SUCCESS,REF390310623
TXN000001847,A00000097,C000012,2026-08-13 08:56:35,RTGS,Mobile App,DEBIT,77598.91,INR,,SUCCESS,REF431293531
TXN000001848,A00000015,C000167,2026-07-07 23:37:21,NEFT,Internet Banking,DEBIT,8921.02,INR,,SUCCESS,REF418397613
TXN000001849,A00000567,C000109,2026-07-02 05:43:43,ATM_WITHDRAWAL,Corporate Banking,DEBIT,19712.37,INR,,SUCCESS,REF998490017
TXN000001850,A00000377,C000266,2026-07-20 15:59:29,UPI,ATM,DEBIT,6992.18,INR,Swiggy,SUCCESS,REF890100698
TXN000001851,A00000528,C000028,2026-07-22 15:09:55,CASH_DEPOSIT,Internet Banking,DEBIT,6590.83,INR,,SUCCESS,REF718430341
TXN000001852,A00000292,C000453,2026-07-23 07:00:18,NEFT,UPI,DEBIT,3123.85,INR,,SUCCESS,REF601929317
TXN000001853,A00000040,C000086,2026-08-10 04:53:14,POS,Internet Banking,DEBIT,3144.91,INR,Swiggy,SUCCESS,REF769573796
TXN000001854,A00000058,C000332,2026-07-05 02:34:13,IMPS,Branch,DEBIT,3886.16,INR,,SUCCESS,REF443087332
TXN000001855,A00000632,C000054,2026-07-12 01:16:58,ATM_WITHDRAWAL,Corporate Banking,DEBIT,11769.19,INR,,SUCCESS,REF510417471
TXN000001856,A00000391,C000228,2026-08-29 15:24:59,CASH_DEPOSIT,UPI,DEBIT,5851.71,INR,,SUCCESS,REF711868984
TXN000001857,A00000356,C000454,2026-08-06 09:06:14,RTGS,Branch,DEBIT,222675.51,INR,,SUCCESS,REF681716771
TXN000001858,A00000197,C000265,2026-08-20 08:23:31,UPI,Internet Banking,DEBIT,8365.96,INR,DMart,SUCCESS,REF259768794
TXN000001859,A00000302,C000160,2026-08-13 06:28:08,UPI,UPI,DEBIT,3816.54,INR,DMart,SUCCESS,REF316436018
TXN000001860,A00000308,C000115,2026-07-31 13:30:18,RTGS,Branch,CREDIT,165809.42,INR,,SUCCESS,REF757445727
TXN000001861,A00000261,C000446,2026-08-19 13:10:44,UPI,Internet Banking,DEBIT,5101.92,INR,Apollo Pharmacy,SUCCESS,REF703464381
TXN000001862,A00000181,C000378,2026-08-30 04:51:44,CASH_DEPOSIT,UPI,DEBIT,9440.58,INR,,SUCCESS,REF582933420
TXN000001863,A00000276,C000277,2026-08-06 12:38:53,RTGS,Mobile App,DEBIT,424788.73,INR,,SUCCESS,REF614971107
TXN000001864,A00000647,C000011,2026-07-28 22:01:45,UPI,ATM,DEBIT,2524.95,INR,Airtel,SUCCESS,REF745254104
TXN000001865,A00000099,C000249,2026-07-30 04:32:11,CASH_WITHDRAWAL,UPI,DEBIT,1373.63,INR,,SUCCESS,REF918215023
TXN000001866,A00000607,C000074,2026-08-05 18:31:10,POS,ATM,DEBIT,2775.99,INR,DMart,REVERSED,REF894109265
TXN000001867,A00000626,C000142,2026-08-03 15:47:17,CASH_DEPOSIT,ATM,CREDIT,6686.27,INR,,SUCCESS,REF756368209
TXN000001868,A00000594,C000088,2026-07-07 16:39:35,ATM_WITHDRAWAL,Corporate Banking,DEBIT,8467.37,INR,,SUCCESS,REF565177461
TXN000001869,A00000599,C000338,2026-07-17 22:37:05,UPI,ATM,DEBIT,895.79,INR,Swiggy,SUCCESS,REF914666750
TXN000001870,A00000221,C000124,2026-08-29 16:18:44,ATM_WITHDRAWAL,Branch,DEBIT,19046.28,INR,,SUCCESS,REF990421111
TXN000001871,A00000368,C000487,2026-07-21 00:00:06,CASH_DEPOSIT,Corporate Banking,DEBIT,4349.74,INR,,SUCCESS,REF881653263
TXN000001872,A00000518,C000479,2026-08-13 03:29:32,CASH_DEPOSIT,ATM,CREDIT,9439.64,INR,,SUCCESS,REF379988321
TXN000001873,A00000577,C000299,2026-08-14 07:33:15,IMPS,Internet Banking,CREDIT,2083.88,INR,,SUCCESS,REF451828923
TXN000001874,A00000020,C000395,2026-08-11 12:12:05,ATM_WITHDRAWAL,ATM,CREDIT,18231.96,INR,,SUCCESS,REF719134721
TXN000001875,A00000235,C000343,2026-08-22 09:37:21,CASH_WITHDRAWAL,Mobile App,CREDIT,1388.44,INR,,SUCCESS,REF992750586
TXN000001876,A00000550,C000105,2026-08-21 16:13:39,IMPS,Branch,DEBIT,9000.11,INR,,FAILED,REF239643419
TXN000001877,A00000339,C000236,2026-08-13 08:45:51,UPI,UPI,DEBIT,9804.36,INR,MakeMyTrip,SUCCESS,REF285144943
TXN000001878,A00000386,C000478,2026-08-10 14:58:26,ATM_WITHDRAWAL,Mobile App,DEBIT,15896.92,INR,,SUCCESS,REF914691870
TXN000001879,A00000417,C000223,2026-07-13 11:45:46,UPI,UPI,DEBIT,6728.17,INR,Reliance Digital,SUCCESS,REF190817227
TXN000001880,A00000023,C000469,2026-07-10 15:59:36,NEFT,UPI,CREDIT,8509.03,INR,,SUCCESS,REF190257839
TXN000001881,A00000626,C000142,2026-08-28 18:20:22,RTGS,Internet Banking,DEBIT,182275.64,INR,,FAILED,REF860330588
TXN000001882,A00000502,C000057,2026-07-31 01:46:32,CASH_WITHDRAWAL,Mobile App,CREDIT,7832.93,INR,,SUCCESS,REF257497519
TXN000001883,A00000053,C000330,2026-07-20 10:14:25,RTGS,Mobile App,DEBIT,147034.38,INR,,SUCCESS,REF938466759
TXN000001884,A00000613,C000046,2026-08-15 08:54:20,CASH_DEPOSIT,Mobile App,DEBIT,7484.72,INR,,SUCCESS,REF823986776
TXN000001885,A00000155,C000059,2026-07-27 03:13:56,RTGS,ATM,DEBIT,247884.99,INR,,SUCCESS,REF336052307
TXN000001886,A00000128,C000420,2026-07-30 16:48:16,CASH_WITHDRAWAL,ATM,DEBIT,17394.55,INR,,SUCCESS,REF245926740
TXN000001887,A00000398,C000034,2026-07-21 01:29:52,RTGS,UPI,CREDIT,250023.28,INR,,SUCCESS,REF384505193
TXN000001888,A00000508,C000123,2026-08-13 10:26:38,POS,Corporate Banking,DEBIT,6152.09,INR,Apollo Pharmacy,SUCCESS,REF865429893
TXN000001889,A00000343,C000466,2026-08-24 06:55:37,IMPS,ATM,CREDIT,5894.96,INR,,SUCCESS,REF986725251
TXN000001890,A00000029,C000138,2026-08-05 17:18:21,RTGS,Internet Banking,DEBIT,259578.93,INR,,SUCCESS,REF261380876
TXN000001891,A00000024,C000496,2026-07-20 21:43:40,CASH_WITHDRAWAL,ATM,DEBIT,7416.48,INR,,SUCCESS,REF194775843
TXN000001892,A00000078,C000233,2026-08-19 07:33:43,POS,Corporate Banking,DEBIT,7556.09,INR,Flipkart,SUCCESS,REF162479796
TXN000001893,A00000034,C000384,2026-07-18 01:13:10,UPI,ATM,DEBIT,5731.21,INR,Uber,SUCCESS,REF643571747
TXN000001894,A00000154,C000339,2026-07-22 08:53:23,RTGS,UPI,DEBIT,375058.17,INR,,SUCCESS,REF553834625
TXN000001895,A00000375,C000347,2026-07-13 04:44:16,RTGS,ATM,CREDIT,131132.02,INR,,REVERSED,REF777850879
TXN000001896,A00000014,C000394,2026-07-02 20:46:32,UPI,Corporate Banking,DEBIT,2639.27,INR,Swiggy,SUCCESS,REF363619558
TXN000001897,A00000316,C000028,2026-07-05 02:51:50,POS,UPI,CREDIT,8253.49,INR,Airtel,REVERSED,REF193161747
TXN000001898,A00000561,C000129,2026-07-21 18:17:28,NEFT,Mobile App,CREDIT,6844.33,INR,,SUCCESS,REF397084844
TXN000001899,A00000412,C000431,2026-08-16 11:09:22,CASH_DEPOSIT,ATM,CREDIT,811.18,INR,,SUCCESS,REF199868088
TXN000001900,A00000523,C000292,2026-08-12 00:00:07,CASH_DEPOSIT,Internet Banking,CREDIT,5135.66,INR,,SUCCESS,REF541961521
TXN000001901,A00000410,C000357,2026-07-10 22:21:32,CASH_DEPOSIT,Branch,DEBIT,5498.22,INR,,SUCCESS,REF496060524
TXN000001902,A00000414,C000408,2026-08-07 13:39:02,POS,Branch,DEBIT,9780.61,INR,DMart,SUCCESS,REF853104946
TXN000001903,A00000239,C000147,2026-08-15 06:46:10,RTGS,ATM,CREDIT,131216.3,INR,,FAILED,REF118628435
TXN000001904,A00000324,C000330,2026-08-09 19:28:47,ATM_WITHDRAWAL,ATM,DEBIT,13767.98,INR,,FAILED,REF172032329
TXN000001905,A00000260,C000480,2026-07-14 03:12:45,UPI,UPI,CREDIT,3577.81,INR,Uber,SUCCESS,REF620285341
TXN000001906,A00000315,C000126,2026-08-07 03:17:14,CASH_WITHDRAWAL,Internet Banking,CREDIT,4657.67,INR,,SUCCESS,REF637238907
TXN000001907,A00000348,C000274,2026-07-20 11:00:42,IMPS,Mobile App,DEBIT,2648.44,INR,,SUCCESS,REF750373616
TXN000001908,A00000269,C000441,2026-08-17 06:03:41,ATM_WITHDRAWAL,Corporate Banking,DEBIT,18635.45,INR,,SUCCESS,REF616309652
TXN000001909,A00000232,C000156,2026-08-04 14:47:32,POS,ATM,DEBIT,9921.52,INR,MakeMyTrip,SUCCESS,REF202555271
TXN000001910,A00000209,C000103,2026-08-28 13:20:33,NEFT,Branch,DEBIT,9695.28,INR,,SUCCESS,REF481545031
TXN000001911,A00000527,C000110,2026-08-27 15:14:01,POS,Internet Banking,DEBIT,1996.17,INR,Jio,SUCCESS,REF767868236
TXN000001912,A00000540,C000278,2026-08-14 04:19:48,POS,ATM,DEBIT,6395.07,INR,Airtel,SUCCESS,REF966220986
TXN000001913,A00000635,C000348,2026-08-03 11:03:11,UPI,Corporate Banking,DEBIT,8098.02,INR,Myntra,FAILED,REF694853574
TXN000001914,A00000385,C000341,2026-08-03 04:01:36,POS,ATM,CREDIT,3642.01,INR,Jio,SUCCESS,REF290926893
TXN000001915,A00000221,C000124,2026-07-15 11:19:29,RTGS,UPI,DEBIT,93695.4,INR,,SUCCESS,REF869311084
TXN000001916,A00000043,C000148,2026-08-31 19:24:04,UPI,Branch,DEBIT,9927.89,INR,Uber,SUCCESS,REF236510459
TXN000001917,A00000622,C000420,2026-07-11 03:44:33,IMPS,Corporate Banking,DEBIT,3151.98,INR,,SUCCESS,REF899468230
TXN000001918,A00000248,C000304,2026-08-17 03:41:57,UPI,Mobile App,DEBIT,8412.14,INR,Croma,SUCCESS,REF607001451
TXN000001919,A00000198,C000326,2026-08-16 14:37:15,ATM_WITHDRAWAL,Branch,DEBIT,2199.54,INR,,SUCCESS,REF456847519
TXN000001920,A00000365,C000073,2026-07-04 02:17:07,POS,Internet Banking,DEBIT,1997.98,INR,Flipkart,SUCCESS,REF968085215
TXN000001921,A00000315,C000126,2026-07-06 03:38:02,ATM_WITHDRAWAL,Branch,CREDIT,9098.55,INR,,SUCCESS,REF689516020
TXN000001922,A00000311,C000102,2026-07-27 15:44:03,POS,Mobile App,DEBIT,3231.68,INR,Airtel,REVERSED,REF425962070
TXN000001923,A00000123,C000392,2026-07-07 05:08:48,IMPS,ATM,DEBIT,5996.48,INR,,SUCCESS,REF159137825
TXN000001924,A00000427,C000218,2026-08-28 03:44:57,ATM_WITHDRAWAL,Branch,CREDIT,18731.24,INR,,FAILED,REF846008575
TXN000001925,A00000392,C000338,2026-07-06 00:37:43,CASH_DEPOSIT,Branch,DEBIT,6915.72,INR,,SUCCESS,REF368498504
TXN000001926,A00000138,C000060,2026-07-10 15:11:49,NEFT,UPI,DEBIT,4074.75,INR,,SUCCESS,REF189892241
TXN000001927,A00000649,C000060,2026-07-11 23:40:47,CASH_WITHDRAWAL,ATM,CREDIT,12941.71,INR,,FAILED,REF132724417
TXN000001928,A00000542,C000413,2026-08-21 03:08:38,RTGS,Corporate Banking,DEBIT,273456.21,INR,,SUCCESS,REF710640269
TXN000001929,A00000236,C000401,2026-08-10 23:03:34,IMPS,Corporate Banking,DEBIT,6637.38,INR,,SUCCESS,REF916111825
TXN000001930,A00000136,C000428,2026-07-10 01:06:38,CASH_WITHDRAWAL,Branch,CREDIT,4424.12,INR,,FAILED,REF387044869
TXN000001931,A00000573,C000202,2026-08-17 04:41:24,POS,Internet Banking,DEBIT,6176.06,INR,Decathlon,SUCCESS,REF231100258
TXN000001932,A00000149,C000236,2026-07-22 06:46:54,POS,Corporate Banking,DEBIT,929.3,INR,Airtel,SUCCESS,REF649454789
TXN000001933,A00000024,C000496,2026-08-30 18:47:14,IMPS,ATM,DEBIT,9139.6,INR,,SUCCESS,REF147156400
TXN000001934,A00000295,C000123,2026-08-29 06:37:25,UPI,Internet Banking,DEBIT,1776.35,INR,Ola,SUCCESS,REF422590594
TXN000001935,A00000489,C000320,2026-08-14 22:05:59,ATM_WITHDRAWAL,Internet Banking,DEBIT,16190.55,INR,,SUCCESS,REF125011506
TXN000001936,A00000264,C000277,2026-08-16 21:16:41,NEFT,UPI,DEBIT,6363.91,INR,,SUCCESS,REF838531118
TXN000001937,A00000266,C000388,2026-07-22 22:49:42,RTGS,Internet Banking,CREDIT,455261.02,INR,,SUCCESS,REF336821900
TXN000001938,A00000528,C000028,2026-07-29 13:52:07,CASH_WITHDRAWAL,Internet Banking,CREDIT,18571.55,INR,,SUCCESS,REF758571408
TXN000001939,A00000639,C000401,2026-08-31 01:54:36,RTGS,ATM,DEBIT,225208.77,INR,,SUCCESS,REF248232294
TXN000001940,A00000606,C000339,2026-07-07 07:02:46,UPI,UPI,CREDIT,8852.97,INR,Amazon,FAILED,REF617537545
TXN000001941,A00000604,C000320,2026-08-26 02:53:58,ATM_WITHDRAWAL,UPI,DEBIT,9220.72,INR,,SUCCESS,REF117906064
TXN000001942,A00000213,C000463,2026-08-16 09:20:00,POS,UPI,DEBIT,1256.47,INR,Reliance Digital,SUCCESS,REF871223779
TXN000001943,A00000584,C000097,2026-08-18 04:26:35,ATM_WITHDRAWAL,Internet Banking,CREDIT,11987.87,INR,,SUCCESS,REF884987950
TXN000001944,A00000049,C000339,2026-07-29 04:39:56,POS,UPI,DEBIT,2371.92,INR,Jio,SUCCESS,REF889647519
TXN000001945,A00000419,C000276,2026-08-06 12:03:54,CASH_WITHDRAWAL,Corporate Banking,DEBIT,1597.76,INR,,SUCCESS,REF883996589
TXN000001946,A00000404,C000146,2026-08-25 18:35:16,CASH_WITHDRAWAL,UPI,CREDIT,11353.57,INR,,SUCCESS,REF667709348
TXN000001947,A00000424,C000311,2026-08-12 05:26:02,POS,UPI,DEBIT,3830.98,INR,Jio,SUCCESS,REF811276402
TXN000001948,A00000548,C000373,2026-07-11 19:08:03,IMPS,Mobile App,DEBIT,8732.74,INR,,SUCCESS,REF218952404
TXN000001949,A00000540,C000278,2026-07-03 15:54:10,RTGS,UPI,DEBIT,218082.48,INR,,SUCCESS,REF881139745
TXN000001950,A00000306,C000355,2026-07-27 23:16:13,CASH_DEPOSIT,ATM,DEBIT,4875.34,INR,,SUCCESS,REF528663149
TXN000001951,A00000286,C000019,2026-07-15 17:27:46,POS,Internet Banking,DEBIT,8027.02,INR,Airtel,SUCCESS,REF609967119
TXN000001952,A00000343,C000466,2026-07-23 23:09:45,IMPS,Mobile App,DEBIT,839.53,INR,,FAILED,REF446149901
TXN000001953,A00000353,C000086,2026-07-11 18:18:42,POS,Corporate Banking,CREDIT,6017.02,INR,DMart,SUCCESS,REF591080119
TXN000001954,A00000284,C000005,2026-07-05 23:09:36,NEFT,Internet Banking,CREDIT,9671.33,INR,,SUCCESS,REF268030171
TXN000001955,A00000439,C000478,2026-08-17 23:44:07,CASH_WITHDRAWAL,Branch,CREDIT,2845.86,INR,,SUCCESS,REF459322523
TXN000001956,A00000230,C000335,2026-07-21 02:37:09,ATM_WITHDRAWAL,Internet Banking,CREDIT,7434.06,INR,,SUCCESS,REF219821381
TXN000001957,A00000627,C000200,2026-08-08 15:32:17,CASH_DEPOSIT,Mobile App,DEBIT,4433.97,INR,,FAILED,REF153494223
TXN000001958,A00000580,C000338,2026-07-12 02:13:18,RTGS,Branch,CREDIT,276942.57,INR,,SUCCESS,REF998854636
TXN000001959,A00000039,C000429,2026-07-21 20:57:25,NEFT,ATM,DEBIT,7598.08,INR,,SUCCESS,REF401487225
TXN000001960,A00000149,C000236,2026-08-18 19:42:48,IMPS,Corporate Banking,DEBIT,5267.04,INR,,SUCCESS,REF811695954
TXN000001961,A00000615,C000236,2026-07-27 20:08:41,IMPS,Branch,DEBIT,4821.99,INR,,SUCCESS,REF845346306
TXN000001962,A00000051,C000031,2026-08-25 18:25:42,NEFT,Branch,DEBIT,8054.42,INR,,SUCCESS,REF319023229
TXN000001963,A00000202,C000347,2026-08-24 12:08:51,ATM_WITHDRAWAL,Mobile App,CREDIT,1903.79,INR,,SUCCESS,REF502361074
TXN000001964,A00000540,C000278,2026-08-17 17:41:37,CASH_DEPOSIT,Branch,DEBIT,4032.44,INR,,SUCCESS,REF392665118
TXN000001965,A00000427,C000218,2026-08-07 05:36:56,UPI,ATM,DEBIT,3483.25,INR,Ola,SUCCESS,REF387036404
TXN000001966,A00000413,C000061,2026-07-04 22:54:20,IMPS,Internet Banking,DEBIT,4982.94,INR,,SUCCESS,REF848144577
TXN000001967,A00000307,C000215,2026-08-14 05:34:34,NEFT,Corporate Banking,DEBIT,1115.5,INR,,SUCCESS,REF893372662
TXN000001968,A00000642,C000358,2026-07-24 01:33:00,IMPS,Mobile App,DEBIT,8040.04,INR,,SUCCESS,REF483773375
TXN000001969,A00000329,C000157,2026-08-13 18:05:59,RTGS,ATM,DEBIT,437402.91,INR,,SUCCESS,REF689508469
TXN000001970,A00000143,C000143,2026-07-25 06:38:26,NEFT,ATM,DEBIT,9146.15,INR,,SUCCESS,REF752126276
TXN000001971,A00000380,C000418,2026-08-02 09:43:15,CASH_DEPOSIT,Internet Banking,CREDIT,4803.04,INR,,SUCCESS,REF702561002
TXN000001972,A00000625,C000298,2026-08-23 12:30:09,UPI,Branch,DEBIT,8320.34,INR,Croma,SUCCESS,REF618912026
TXN000001973,A00000384,C000033,2026-08-06 10:05:51,POS,Internet Banking,DEBIT,731.79,INR,Apollo Pharmacy,SUCCESS,REF277394348
TXN000001974,A00000348,C000274,2026-07-18 22:34:13,RTGS,UPI,DEBIT,243249.82,INR,,SUCCESS,REF822589434
TXN000001975,A00000251,C000290,2026-07-31 09:54:26,POS,ATM,CREDIT,6646.49,INR,Ola,SUCCESS,REF937660316
TXN000001976,A00000327,C000388,2026-07-24 11:52:28,UPI,Internet Banking,DEBIT,4840.02,INR,BigBasket,SUCCESS,REF428476531
TXN000001977,A00000228,C000225,2026-08-12 17:56:09,CASH_DEPOSIT,Branch,DEBIT,5393.58,INR,,SUCCESS,REF959748394
TXN000001978,A00000578,C000327,2026-08-16 00:05:50,IMPS,UPI,DEBIT,9509.96,INR,,SUCCESS,REF157733140
TXN000001979,A00000499,C000298,2026-08-14 08:46:27,CASH_DEPOSIT,Internet Banking,DEBIT,9468.76,INR,,SUCCESS,REF486484788
TXN000001980,A00000608,C000128,2026-08-12 01:44:17,CASH_WITHDRAWAL,Branch,DEBIT,19885.13,INR,,FAILED,REF790898108
TXN000001981,A00000259,C000079,2026-07-19 22:22:31,CASH_WITHDRAWAL,Internet Banking,DEBIT,4959.97,INR,,SUCCESS,REF979015729
TXN000001982,A00000269,C000441,2026-07-24 17:03:00,CASH_WITHDRAWAL,UPI,DEBIT,7371.75,INR,,SUCCESS,REF211521396
TXN000001983,A00000229,C000337,2026-08-31 23:04:43,POS,ATM,DEBIT,2740.12,INR,Zomato,SUCCESS,REF453045244
TXN000001984,A00000384,C000033,2026-07-10 08:39:27,CASH_WITHDRAWAL,Mobile App,DEBIT,13471.23,INR,,FAILED,REF475292209
TXN000001985,A00000566,C000169,2026-08-13 21:11:33,UPI,Internet Banking,CREDIT,8348.2,INR,Apollo Pharmacy,SUCCESS,REF488829155
TXN000001986,A00000514,C000083,2026-07-26 01:36:47,NEFT,Mobile App,DEBIT,6553.53,INR,,SUCCESS,REF226226714
TXN000001987,A00000199,C000021,2026-07-14 23:51:18,CASH_DEPOSIT,Corporate Banking,DEBIT,1718.06,INR,,SUCCESS,REF422748556
TXN000001988,A00000019,C000285,2026-08-07 16:11:13,CASH_WITHDRAWAL,Corporate Banking,DEBIT,8308.72,INR,,SUCCESS,REF629032641
TXN000001989,A00000605,C000021,2026-08-14 08:56:25,CASH_WITHDRAWAL,Internet Banking,DEBIT,16229.42,INR,,SUCCESS,REF866269878
TXN000001990,A00000328,C000214,2026-08-03 07:53:30,POS,ATM,DEBIT,9947.21,INR,Jio,SUCCESS,REF532097294
TXN000001991,A00000038,C000093,2026-07-13 22:09:15,NEFT,ATM,DEBIT,4641.72,INR,,SUCCESS,REF594047230
TXN000001992,A00000357,C000406,2026-07-03 03:49:04,UPI,ATM,DEBIT,6607.58,INR,Uber,SUCCESS,REF948876258
TXN000001993,A00000277,C000001,2026-07-28 21:45:00,UPI,Mobile App,DEBIT,4914.37,INR,Airtel,SUCCESS,REF527208012
TXN000001994,A00000160,C000320,2026-07-24 21:03:19,NEFT,Mobile App,CREDIT,7505.15,INR,,SUCCESS,REF826768508
TXN000001995,A00000256,C000375,2026-08-20 15:35:56,POS,ATM,DEBIT,9982.23,INR,Jio,SUCCESS,REF954251421
TXN000001996,A00000365,C000073,2026-07-04 16:32:46,CASH_DEPOSIT,Mobile App,DEBIT,502.48,INR,,SUCCESS,REF330208899
TXN000001997,A00000277,C000001,2026-07-15 12:34:33,NEFT,Branch,DEBIT,9672.03,INR,,SUCCESS,REF179897839
TXN000001998,A00000279,C000358,2026-08-24 11:16:57,RTGS,Mobile App,CREDIT,260642.99,INR,,SUCCESS,REF759799861
TXN000001999,A00000233,C000059,2026-08-13 08:11:33,CASH_DEPOSIT,Internet Banking,CREDIT,4081.63,INR,,SUCCESS,REF880803549
TXN000002000,A00000582,C000440,2026-08-22 02:16:39,CASH_DEPOSIT,Corporate Banking,DEBIT,4444.21,INR,,SUCCESS,REF123994565
TXN000002001,A00000201,C000300,2026-08-28 16:36:45,UPI,Corporate Banking,DEBIT,6658.72,INR,Jio,SUCCESS,REF569174612
TXN000002002,A00000374,C000189,2026-07-02 18:42:07,IMPS,Mobile App,DEBIT,3928.83,INR,,SUCCESS,REF818750379
TXN000002003,A00000426,C000131,2026-08-07 09:37:37,RTGS,Corporate Banking,DEBIT,261894.0,INR,,SUCCESS,REF643936013
TXN000002004,A00000536,C000357,2026-08-07 03:46:30,CASH_DEPOSIT,Branch,DEBIT,4320.18,INR,,SUCCESS,REF310586614
TXN000002005,A00000171,C000204,2026-08-12 06:03:29,NEFT,Internet Banking,DEBIT,2675.35,INR,,SUCCESS,REF188700059
TXN000002006,A00000111,C000190,2026-08-21 05:20:34,CASH_WITHDRAWAL,Internet Banking,DEBIT,11157.81,INR,,SUCCESS,REF914136036
TXN000002007,A00000327,C000388,2026-07-18 13:44:45,CASH_WITHDRAWAL,Internet Banking,DEBIT,12768.95,INR,,SUCCESS,REF837060198
TXN000002008,A00000325,C000098,2026-08-03 03:33:06,ATM_WITHDRAWAL,Corporate Banking,DEBIT,1990.01,INR,,SUCCESS,REF510219331
TXN000002009,A00000461,C000187,2026-07-22 05:15:24,RTGS,Branch,DEBIT,58230.64,INR,,SUCCESS,REF795857633
TXN000002010,A00000553,C000327,2026-07-14 16:11:09,NEFT,Corporate Banking,CREDIT,6915.67,INR,,SUCCESS,REF937865413
TXN000002011,A00000103,C000095,2026-07-17 13:54:29,ATM_WITHDRAWAL,Corporate Banking,DEBIT,18812.44,INR,,SUCCESS,REF179994634
TXN000002012,A00000268,C000165,2026-07-04 03:32:52,RTGS,Branch,DEBIT,195639.43,INR,,SUCCESS,REF681648804
TXN000002013,A00000213,C000463,2026-07-01 18:30:05,CASH_DEPOSIT,ATM,CREDIT,163.61,INR,,FAILED,REF603276564
TXN000002014,A00000495,C000296,2026-07-01 15:21:24,UPI,Corporate Banking,CREDIT,7336.53,INR,Ola,SUCCESS,REF683539043
TXN000002015,A00000243,C000366,2026-07-24 00:05:38,CASH_WITHDRAWAL,ATM,CREDIT,14939.02,INR,,SUCCESS,REF839854158
TXN000002016,A00000068,C000314,2026-07-07 18:10:03,CASH_DEPOSIT,Mobile App,DEBIT,1896.14,INR,,SUCCESS,REF662160324
TXN000002017,A00000529,C000042,2026-08-12 10:54:55,CASH_DEPOSIT,Branch,CREDIT,5631.1,INR,,SUCCESS,REF338768340
TXN000002018,A00000046,C000267,2026-07-25 10:49:37,RTGS,Corporate Banking,DEBIT,352078.82,INR,,SUCCESS,REF375632325
TXN000002019,A00000630,C000179,2026-07-07 21:26:18,CASH_DEPOSIT,UPI,DEBIT,4699.32,INR,,SUCCESS,REF446712607
TXN000002020,A00000237,C000363,2026-08-28 09:06:30,UPI,UPI,DEBIT,3899.69,INR,MakeMyTrip,SUCCESS,REF346389450
TXN000002021,A00000306,C000355,2026-08-12 04:10:06,IMPS,Corporate Banking,CREDIT,3396.12,INR,,SUCCESS,REF232481302
TXN000002022,A00000566,C000169,2026-07-24 20:20:23,NEFT,UPI,DEBIT,7387.06,INR,,SUCCESS,REF685005875
TXN000002023,A00000146,C000168,2026-07-01 16:50:03,CASH_DEPOSIT,Internet Banking,DEBIT,4672.24,INR,,SUCCESS,REF456604520
TXN000002024,A00000253,C000422,2026-08-10 14:29:23,NEFT,Corporate Banking,DEBIT,6003.69,INR,,SUCCESS,REF466068764
TXN000002025,A00000176,C000018,2026-07-09 06:20:36,CASH_DEPOSIT,Branch,CREDIT,7969.11,INR,,SUCCESS,REF912533997
TXN000002026,A00000026,C000431,2026-07-01 05:09:15,CASH_WITHDRAWAL,UPI,DEBIT,5888.72,INR,,SUCCESS,REF495198428
TXN000002027,A00000559,C000071,2026-07-13 22:37:48,RTGS,Corporate Banking,DEBIT,422400.24,INR,,SUCCESS,REF488788775
TXN000002028,A00000460,C000382,2026-07-06 17:28:36,RTGS,Internet Banking,DEBIT,196822.14,INR,,FAILED,REF505210603
TXN000002029,A00000588,C000305,2026-07-08 00:56:47,RTGS,Mobile App,DEBIT,367708.3,INR,,SUCCESS,REF967376347
TXN000002030,A00000091,C000035,2026-07-16 06:53:44,IMPS,Branch,DEBIT,9113.28,INR,,SUCCESS,REF781596264
TXN000002031,A00000597,C000235,2026-07-15 12:20:16,CASH_WITHDRAWAL,UPI,CREDIT,732.72,INR,,SUCCESS,REF629294829
TXN000002032,A00000084,C000272,2026-07-23 14:57:25,CASH_WITHDRAWAL,UPI,CREDIT,4248.79,INR,,FAILED,REF715393034
TXN000002033,A00000311,C000102,2026-08-28 13:54:27,NEFT,Branch,DEBIT,1339.22,INR,,SUCCESS,REF521079032
TXN000002034,A00000260,C000480,2026-08-07 11:40:42,RTGS,Mobile App,DEBIT,334038.54,INR,,SUCCESS,REF699808902
TXN000002035,A00000266,C000388,2026-07-30 14:41:55,NEFT,ATM,CREDIT,7572.74,INR,,SUCCESS,REF567703891
TXN000002036,A00000063,C000089,2026-07-15 11:17:33,UPI,Internet Banking,CREDIT,3908.35,INR,Reliance Digital,SUCCESS,REF786177667
TXN000002037,A00000484,C000137,2026-07-17 21:07:20,RTGS,ATM,CREDIT,151609.23,INR,,SUCCESS,REF910599978
TXN000002038,A00000512,C000414,2026-08-19 00:00:42,ATM_WITHDRAWAL,Internet Banking,DEBIT,7135.57,INR,,SUCCESS,REF146374038
TXN000002039,A00000601,C000136,2026-08-16 07:54:31,ATM_WITHDRAWAL,Branch,DEBIT,19672.77,INR,,REVERSED,REF515556038
TXN000002040,A00000021,C000463,2026-07-11 17:36:32,POS,Branch,CREDIT,8459.0,INR,Jio,SUCCESS,REF871074443
TXN000002041,A00000307,C000215,2026-07-07 01:51:54,CASH_WITHDRAWAL,ATM,CREDIT,2788.66,INR,,SUCCESS,REF582727473
TXN000002042,A00000371,C000288,2026-07-22 16:47:48,ATM_WITHDRAWAL,Mobile App,CREDIT,7346.32,INR,,SUCCESS,REF515968822
TXN000002043,A00000591,C000178,2026-08-30 00:54:01,RTGS,Mobile App,DEBIT,202034.01,INR,,SUCCESS,REF376833320
TXN000002044,A00000390,C000327,2026-07-01 15:47:48,POS,ATM,DEBIT,7429.35,INR,Ola,SUCCESS,REF657704688
TXN000002045,A00000136,C000428,2026-07-31 01:13:46,CASH_DEPOSIT,UPI,CREDIT,7828.79,INR,,SUCCESS,REF589857352
TXN000002046,A00000450,C000462,2026-08-18 23:49:14,POS,Mobile App,CREDIT,4710.45,INR,IRCTC,SUCCESS,REF633652270
TXN000002047,A00000480,C000233,2026-08-21 16:10:01,IMPS,Branch,DEBIT,8799.45,INR,,SUCCESS,REF570089369
TXN000002048,A00000245,C000320,2026-08-05 21:44:19,POS,ATM,DEBIT,1275.87,INR,Myntra,SUCCESS,REF134877309
TXN000002049,A00000417,C000223,2026-07-11 08:26:26,IMPS,Mobile App,DEBIT,2909.83,INR,,SUCCESS,REF253649806
TXN000002050,A00000221,C000124,2026-08-20 14:36:17,RTGS,Corporate Banking,DEBIT,220588.35,INR,,SUCCESS,REF505708913
TXN000002051,A00000580,C000338,2026-07-01 14:31:15,ATM_WITHDRAWAL,UPI,DEBIT,13760.99,INR,,SUCCESS,REF304793911
TXN000002052,A00000350,C000340,2026-08-19 05:07:05,CASH_WITHDRAWAL,UPI,DEBIT,8139.86,INR,,SUCCESS,REF643150489
TXN000002053,A00000352,C000008,2026-07-03 13:55:40,RTGS,Internet Banking,DEBIT,425589.94,INR,,SUCCESS,REF989088290
TXN000002054,A00000570,C000146,2026-07-31 12:24:08,POS,Mobile App,DEBIT,2908.32,INR,Zomato,FAILED,REF778337659
TXN000002055,A00000533,C000075,2026-07-24 12:44:43,UPI,Internet Banking,DEBIT,2596.45,INR,Croma,SUCCESS,REF447874612
TXN000002056,A00000254,C000218,2026-07-09 13:17:42,CASH_WITHDRAWAL,Internet Banking,DEBIT,19870.48,INR,,SUCCESS,REF555563637
TXN000002057,A00000564,C000424,2026-07-12 01:31:50,CASH_WITHDRAWAL,Mobile App,DEBIT,1034.55,INR,,SUCCESS,REF367475998
TXN000002058,A00000077,C000193,2026-08-09 11:52:13,CASH_WITHDRAWAL,UPI,CREDIT,18037.0,INR,,FAILED,REF324248317
TXN000002059,A00000607,C000074,2026-07-31 20:36:08,IMPS,UPI,CREDIT,5422.46,INR,,SUCCESS,REF657695689
TXN000002060,A00000509,C000097,2026-07-17 05:44:04,RTGS,Internet Banking,DEBIT,364850.52,INR,,SUCCESS,REF286488707
TXN000002061,A00000591,C000178,2026-08-12 21:01:25,NEFT,ATM,DEBIT,4765.2,INR,,SUCCESS,REF558606186
TXN000002062,A00000009,C000457,2026-08-05 18:26:35,RTGS,Branch,CREDIT,132238.08,INR,,SUCCESS,REF448087126
TXN000002063,A00000081,C000045,2026-08-01 11:22:03,UPI,Internet Banking,DEBIT,1829.03,INR,IRCTC,FAILED,REF257989915
TXN000002064,A00000164,C000138,2026-08-26 17:48:27,UPI,Internet Banking,DEBIT,868.58,INR,Jio,FAILED,REF171750905
TXN000002065,A00000408,C000373,2026-08-12 02:28:52,ATM_WITHDRAWAL,Branch,DEBIT,12580.52,INR,,SUCCESS,REF241313055
TXN000002066,A00000478,C000189,2026-07-02 03:33:22,POS,Internet Banking,DEBIT,6519.83,INR,Uber,SUCCESS,REF713270104
TXN000002067,A00000459,C000057,2026-07-15 14:29:58,ATM_WITHDRAWAL,Branch,CREDIT,16592.11,INR,,SUCCESS,REF923562283
TXN000002068,A00000350,C000340,2026-08-21 06:52:05,ATM_WITHDRAWAL,Mobile App,DEBIT,18674.09,INR,,SUCCESS,REF499929211
TXN000002069,A00000520,C000482,2026-08-05 07:52:13,CASH_WITHDRAWAL,ATM,DEBIT,5139.2,INR,,SUCCESS,REF954291507
TXN000002070,A00000091,C000035,2026-07-10 08:20:31,ATM_WITHDRAWAL,Mobile App,CREDIT,19567.55,INR,,SUCCESS,REF387645874
TXN000002071,A00000545,C000136,2026-07-07 22:36:30,POS,Corporate Banking,CREDIT,5026.67,INR,Amazon,SUCCESS,REF147550454
TXN000002072,A00000110,C000163,2026-08-24 17:35:58,CASH_DEPOSIT,Corporate Banking,DEBIT,4988.7,INR,,SUCCESS,REF238648605
TXN000002073,A00000359,C000361,2026-07-03 04:20:18,NEFT,UPI,DEBIT,5736.0,INR,,SUCCESS,REF874028813
TXN000002074,A00000362,C000163,2026-08-15 05:26:21,IMPS,UPI,CREDIT,2420.84,INR,,SUCCESS,REF992645294
TXN000002075,A00000276,C000277,2026-08-02 05:52:51,RTGS,UPI,DEBIT,313470.76,INR,,SUCCESS,REF778210562
TXN000002076,A00000381,C000096,2026-07-05 15:37:56,POS,Mobile App,CREDIT,8115.01,INR,Swiggy,SUCCESS,REF277031767
TXN000002077,A00000020,C000395,2026-07-20 04:01:49,CASH_WITHDRAWAL,Internet Banking,DEBIT,18758.24,INR,,SUCCESS,REF970485379
TXN000002078,A00000479,C000332,2026-07-09 12:35:28,RTGS,UPI,DEBIT,121303.09,INR,,SUCCESS,REF685633399
TXN000002079,A00000244,C000466,2026-08-11 20:56:20,NEFT,ATM,CREDIT,1819.28,INR,,SUCCESS,REF793383880
TXN000002080,A00000445,C000264,2026-07-17 10:48:57,CASH_WITHDRAWAL,Mobile App,DEBIT,17696.44,INR,,SUCCESS,REF467872376
TXN000002081,A00000312,C000126,2026-08-25 13:42:14,CASH_WITHDRAWAL,Internet Banking,CREDIT,3713.42,INR,,SUCCESS,REF536047200
TXN000002082,A00000315,C000126,2026-08-11 01:33:57,RTGS,Mobile App,DEBIT,439947.05,INR,,SUCCESS,REF343089152
TXN000002083,A00000277,C000001,2026-07-09 10:40:05,UPI,ATM,CREDIT,6425.04,INR,Flipkart,SUCCESS,REF874162472
TXN000002084,A00000052,C000313,2026-08-14 12:54:03,ATM_WITHDRAWAL,ATM,DEBIT,1783.4,INR,,SUCCESS,REF236842815
TXN000002085,A00000295,C000123,2026-08-14 05:02:23,IMPS,Mobile App,DEBIT,4084.9,INR,,SUCCESS,REF265130452
TXN000002086,A00000034,C000384,2026-07-04 21:40:44,RTGS,Branch,DEBIT,319817.91,INR,,FAILED,REF775951674
TXN000002087,A00000061,C000495,2026-07-10 16:59:39,NEFT,Mobile App,DEBIT,6803.76,INR,,FAILED,REF222029565
TXN000002088,A00000472,C000274,2026-07-26 11:18:49,IMPS,Branch,DEBIT,8204.94,INR,,SUCCESS,REF452465217
TXN000002089,A00000432,C000302,2026-08-10 02:23:41,UPI,UPI,DEBIT,8794.08,INR,IRCTC,FAILED,REF955971089
TXN000002090,A00000229,C000337,2026-08-17 09:56:09,RTGS,ATM,DEBIT,324868.74,INR,,SUCCESS,REF717625490
TXN000002091,A00000552,C000372,2026-08-11 11:45:41,RTGS,UPI,CREDIT,483272.23,INR,,SUCCESS,REF844682433
TXN000002092,A00000493,C000171,2026-07-23 09:04:22,CASH_WITHDRAWAL,UPI,DEBIT,2107.19,INR,,SUCCESS,REF278417333
TXN000002093,A00000442,C000463,2026-07-30 08:36:09,IMPS,ATM,DEBIT,7430.45,INR,,SUCCESS,REF872775112
TXN000002094,A00000208,C000377,2026-07-02 20:55:20,IMPS,Branch,DEBIT,6070.88,INR,,SUCCESS,REF586708505
TXN000002095,A00000417,C000223,2026-08-11 11:21:03,NEFT,Internet Banking,DEBIT,8653.42,INR,,SUCCESS,REF624942192
TXN000002096,A00000256,C000375,2026-08-12 01:54:40,POS,Corporate Banking,DEBIT,3215.08,INR,Myntra,SUCCESS,REF234154312
TXN000002097,A00000411,C000005,2026-08-17 02:13:37,CASH_WITHDRAWAL,Corporate Banking,CREDIT,14620.31,INR,,SUCCESS,REF490503529
TXN000002098,A00000275,C000156,2026-07-15 20:55:09,RTGS,ATM,DEBIT,187599.66,INR,,SUCCESS,REF327645802
TXN000002099,A00000605,C000021,2026-08-14 12:37:30,IMPS,Mobile App,CREDIT,7922.29,INR,,SUCCESS,REF338834639
TXN000002100,A00000343,C000466,2026-08-22 18:36:10,CASH_WITHDRAWAL,Branch,DEBIT,16631.09,INR,,SUCCESS,REF616901348
TXN000002101,A00000239,C000147,2026-08-23 07:34:48,ATM_WITHDRAWAL,Branch,DEBIT,12766.89,INR,,REVERSED,REF554300802
TXN000002102,A00000318,C000165,2026-07-10 10:40:19,NEFT,ATM,DEBIT,8459.08,INR,,SUCCESS,REF712093929
TXN000002103,A00000552,C000372,2026-08-22 16:41:54,POS,Mobile App,DEBIT,1949.23,INR,Reliance Digital,SUCCESS,REF148127667
TXN000002104,A00000332,C000486,2026-07-09 09:02:56,NEFT,Mobile App,DEBIT,4027.62,INR,,SUCCESS,REF130426960
TXN000002105,A00000500,C000126,2026-07-23 11:48:22,NEFT,UPI,CREDIT,3688.09,INR,,SUCCESS,REF731101007
TXN000002106,A00000274,C000325,2026-07-10 23:34:46,UPI,Corporate Banking,DEBIT,2770.16,INR,Airtel,SUCCESS,REF176457313
TXN000002107,A00000081,C000045,2026-07-24 03:11:22,IMPS,Mobile App,DEBIT,3744.79,INR,,SUCCESS,REF959835682
TXN000002108,A00000037,C000310,2026-07-06 09:04:58,CASH_WITHDRAWAL,Corporate Banking,DEBIT,1969.67,INR,,FAILED,REF475054281
TXN000002109,A00000229,C000337,2026-08-18 02:29:22,ATM_WITHDRAWAL,UPI,CREDIT,5451.6,INR,,SUCCESS,REF843036351
TXN000002110,A00000510,C000024,2026-08-30 04:24:55,POS,ATM,CREDIT,3611.53,INR,Reliance Digital,SUCCESS,REF652903055
TXN000002111,A00000647,C000011,2026-07-27 08:57:27,IMPS,Branch,CREDIT,9807.58,INR,,SUCCESS,REF540789630
TXN000002112,A00000138,C000060,2026-08-25 19:31:53,NEFT,Corporate Banking,DEBIT,6729.94,INR,,SUCCESS,REF868926861
TXN000002113,A00000443,C000254,2026-08-19 00:01:41,RTGS,ATM,CREDIT,54166.16,INR,,FAILED,REF435717032
TXN000002114,A00000043,C000148,2026-08-05 14:01:56,ATM_WITHDRAWAL,UPI,DEBIT,6630.65,INR,,SUCCESS,REF551000460
TXN000002115,A00000610,C000155,2026-07-13 07:51:21,CASH_WITHDRAWAL,Corporate Banking,CREDIT,2008.26,INR,,SUCCESS,REF642439744
TXN000002116,A00000044,C000327,2026-07-06 10:21:33,UPI,ATM,DEBIT,1137.58,INR,Flipkart,SUCCESS,REF744133120
TXN000002117,A00000153,C000179,2026-08-05 03:34:26,CASH_WITHDRAWAL,UPI,DEBIT,10726.68,INR,,SUCCESS,REF958186737
TXN000002118,A00000401,C000296,2026-07-16 20:12:06,NEFT,UPI,DEBIT,3889.44,INR,,SUCCESS,REF645735907
TXN000002119,A00000485,C000468,2026-08-22 12:51:37,POS,ATM,DEBIT,931.52,INR,Jio,SUCCESS,REF809569787
TXN000002120,A00000606,C000339,2026-07-26 20:16:21,CASH_DEPOSIT,UPI,DEBIT,3374.01,INR,,SUCCESS,REF289082936
TXN000002121,A00000537,C000296,2026-08-30 05:40:58,UPI,Corporate Banking,CREDIT,169.71,INR,Myntra,SUCCESS,REF877391710
TXN000002122,A00000568,C000388,2026-08-30 10:34:21,NEFT,ATM,DEBIT,6748.63,INR,,SUCCESS,REF591882626
TXN000002123,A00000216,C000403,2026-07-02 16:58:13,POS,UPI,DEBIT,4228.75,INR,Amazon,FAILED,REF338311748
TXN000002124,A00000051,C000031,2026-08-30 18:56:53,CASH_DEPOSIT,UPI,DEBIT,6056.42,INR,,SUCCESS,REF374129771
TXN000002125,A00000355,C000008,2026-07-30 02:53:31,ATM_WITHDRAWAL,Internet Banking,CREDIT,4486.18,INR,,SUCCESS,REF705911066
TXN000002126,A00000037,C000310,2026-08-02 15:12:49,CASH_DEPOSIT,ATM,DEBIT,3820.24,INR,,SUCCESS,REF702569666
TXN000002127,A00000346,C000364,2026-07-20 12:54:01,CASH_WITHDRAWAL,ATM,DEBIT,2138.02,INR,,SUCCESS,REF752427139
TXN000002128,A00000375,C000347,2026-07-20 09:03:49,CASH_DEPOSIT,Branch,DEBIT,2111.92,INR,,FAILED,REF804182553
TXN000002129,A00000450,C000462,2026-08-16 01:10:43,RTGS,Mobile App,DEBIT,115947.34,INR,,SUCCESS,REF471623279
TXN000002130,A00000439,C000478,2026-07-14 08:44:46,POS,ATM,CREDIT,7596.3,INR,MakeMyTrip,SUCCESS,REF119787476
TXN000002131,A00000205,C000145,2026-08-14 20:17:14,NEFT,ATM,DEBIT,3816.35,INR,,SUCCESS,REF272752469
TXN000002132,A00000426,C000131,2026-08-05 17:29:38,NEFT,Corporate Banking,DEBIT,3743.21,INR,,SUCCESS,REF211128437
TXN000002133,A00000148,C000280,2026-07-24 10:33:40,ATM_WITHDRAWAL,Internet Banking,DEBIT,3200.67,INR,,SUCCESS,REF162066023
TXN000002134,A00000351,C000393,2026-08-17 01:19:41,ATM_WITHDRAWAL,Corporate Banking,DEBIT,1111.34,INR,,SUCCESS,REF632549609
TXN000002135,A00000412,C000431,2026-07-09 11:16:53,CASH_WITHDRAWAL,ATM,DEBIT,10445.04,INR,,SUCCESS,REF114162216
TXN000002136,A00000208,C000377,2026-08-12 02:09:50,ATM_WITHDRAWAL,Branch,DEBIT,4785.3,INR,,SUCCESS,REF412512232
TXN000002137,A00000229,C000337,2026-07-20 22:31:02,POS,Mobile App,DEBIT,1616.02,INR,MakeMyTrip,SUCCESS,REF866511556
TXN000002138,A00000285,C000349,2026-08-06 20:37:18,NEFT,Corporate Banking,CREDIT,4404.94,INR,,SUCCESS,REF391488572
TXN000002139,A00000424,C000311,2026-08-09 18:04:41,CASH_DEPOSIT,Corporate Banking,DEBIT,1568.41,INR,,SUCCESS,REF660352520
TXN000002140,A00000621,C000349,2026-07-22 05:39:02,CASH_DEPOSIT,ATM,DEBIT,1609.78,INR,,SUCCESS,REF159793243
TXN000002141,A00000005,C000273,2026-07-03 04:43:12,IMPS,Mobile App,DEBIT,1317.58,INR,,SUCCESS,REF510428839
TXN000002142,A00000480,C000233,2026-07-07 06:42:56,CASH_WITHDRAWAL,Internet Banking,DEBIT,19524.08,INR,,SUCCESS,REF656903813
TXN000002143,A00000578,C000327,2026-07-07 18:48:29,UPI,Corporate Banking,DEBIT,8269.35,INR,Croma,SUCCESS,REF112855235
TXN000002144,A00000345,C000328,2026-07-28 01:34:54,NEFT,Corporate Banking,DEBIT,4157.54,INR,,SUCCESS,REF333549461
TXN000002145,A00000594,C000088,2026-08-05 10:42:03,IMPS,Internet Banking,CREDIT,4903.58,INR,,SUCCESS,REF136126550
TXN000002146,A00000598,C000248,2026-07-27 03:01:05,CASH_DEPOSIT,Internet Banking,DEBIT,8006.59,INR,,SUCCESS,REF756591953
TXN000002147,A00000331,C000473,2026-07-10 05:49:40,ATM_WITHDRAWAL,Internet Banking,DEBIT,3528.21,INR,,SUCCESS,REF684351597
TXN000002148,A00000403,C000162,2026-07-30 08:32:43,RTGS,ATM,DEBIT,159942.37,INR,,SUCCESS,REF144616526
TXN000002149,A00000232,C000156,2026-08-25 04:00:01,NEFT,UPI,DEBIT,8384.1,INR,,SUCCESS,REF508300030
TXN000002150,A00000390,C000327,2026-08-20 04:25:28,NEFT,UPI,DEBIT,9204.86,INR,,SUCCESS,REF538907227
TXN000002151,A00000007,C000483,2026-07-17 16:32:12,CASH_DEPOSIT,Branch,DEBIT,898.43,INR,,SUCCESS,REF974651521
TXN000002152,A00000595,C000291,2026-08-24 13:46:33,IMPS,Corporate Banking,DEBIT,7349.7,INR,,SUCCESS,REF879838395
TXN000002153,A00000498,C000361,2026-08-12 07:41:51,CASH_DEPOSIT,Internet Banking,DEBIT,5623.98,INR,,FAILED,REF336700428
TXN000002154,A00000269,C000441,2026-07-13 02:32:23,NEFT,UPI,DEBIT,2844.99,INR,,SUCCESS,REF703832627
TXN000002155,A00000649,C000060,2026-08-30 12:26:41,NEFT,Branch,DEBIT,3154.9,INR,,SUCCESS,REF783094030
TXN000002156,A00000119,C000497,2026-07-20 11:21:10,CASH_WITHDRAWAL,ATM,DEBIT,13536.07,INR,,SUCCESS,REF544604817
TXN000002157,A00000002,C000347,2026-08-27 14:04:05,ATM_WITHDRAWAL,ATM,DEBIT,16230.11,INR,,SUCCESS,REF977814232
TXN000002158,A00000516,C000199,2026-07-13 03:48:25,CASH_WITHDRAWAL,Internet Banking,DEBIT,1849.57,INR,,SUCCESS,REF518464564
TXN000002159,A00000279,C000358,2026-08-30 05:33:04,POS,ATM,DEBIT,4764.32,INR,MakeMyTrip,SUCCESS,REF948856783
TXN000002160,A00000056,C000419,2026-07-14 16:22:27,CASH_WITHDRAWAL,Internet Banking,DEBIT,1032.77,INR,,SUCCESS,REF723440756
TXN000002161,A00000629,C000475,2026-07-16 22:09:11,CASH_WITHDRAWAL,Branch,DEBIT,18880.08,INR,,SUCCESS,REF760212309
TXN000002162,A00000296,C000321,2026-08-10 14:43:41,NEFT,Internet Banking,DEBIT,1898.93,INR,,SUCCESS,REF513721665
TXN000002163,A00000018,C000343,2026-07-29 12:45:52,RTGS,Mobile App,DEBIT,391584.89,INR,,SUCCESS,REF697560110
TXN000002164,A00000047,C000099,2026-08-30 14:26:20,POS,Mobile App,DEBIT,4914.66,INR,Flipkart,SUCCESS,REF673179940
TXN000002165,A00000618,C000437,2026-07-19 14:49:06,CASH_DEPOSIT,Branch,DEBIT,6457.87,INR,,SUCCESS,REF525378726
TXN000002166,A00000039,C000429,2026-07-02 02:14:12,CASH_DEPOSIT,Internet Banking,CREDIT,9313.66,INR,,SUCCESS,REF659477101
TXN000002167,A00000410,C000357,2026-07-25 23:08:26,CASH_WITHDRAWAL,Corporate Banking,DEBIT,17597.87,INR,,SUCCESS,REF654871652
TXN000002168,A00000072,C000099,2026-07-26 03:52:42,CASH_WITHDRAWAL,Branch,DEBIT,13167.81,INR,,FAILED,REF589620796
TXN000002169,A00000480,C000233,2026-07-29 17:42:18,UPI,Mobile App,CREDIT,7547.26,INR,Airtel,SUCCESS,REF432798029
TXN000002170,A00000610,C000155,2026-08-29 01:20:46,RTGS,ATM,DEBIT,417142.98,INR,,SUCCESS,REF179332742
TXN000002171,A00000453,C000027,2026-08-18 15:24:19,NEFT,Branch,DEBIT,5758.66,INR,,SUCCESS,REF125368280
TXN000002172,A00000175,C000127,2026-07-19 03:08:09,NEFT,Internet Banking,DEBIT,2717.09,INR,,SUCCESS,REF554057568
TXN000002173,A00000459,C000057,2026-08-12 18:53:44,ATM_WITHDRAWAL,Internet Banking,CREDIT,5049.22,INR,,REVERSED,REF467695545
TXN000002174,A00000384,C000033,2026-07-07 17:28:40,IMPS,Corporate Banking,DEBIT,2326.68,INR,,SUCCESS,REF880495122
TXN000002175,A00000240,C000386,2026-07-01 02:01:01,POS,Internet Banking,DEBIT,2475.84,INR,Uber,SUCCESS,REF473644589
TXN000002176,A00000220,C000203,2026-08-31 22:20:02,CASH_DEPOSIT,ATM,CREDIT,7190.45,INR,,SUCCESS,REF587940452
TXN000002177,A00000222,C000086,2026-07-10 09:56:28,ATM_WITHDRAWAL,UPI,CREDIT,14042.18,INR,,SUCCESS,REF263462688
TXN000002178,A00000201,C000300,2026-07-25 11:59:57,POS,Corporate Banking,DEBIT,8465.69,INR,IRCTC,SUCCESS,REF807438097
TXN000002179,A00000398,C000034,2026-07-06 08:47:24,CASH_WITHDRAWAL,Internet Banking,DEBIT,5585.1,INR,,SUCCESS,REF921526464
TXN000002180,A00000494,C000274,2026-07-03 15:40:16,CASH_DEPOSIT,Branch,DEBIT,4431.17,INR,,SUCCESS,REF788358600
TXN000002181,A00000104,C000277,2026-07-30 22:07:09,CASH_WITHDRAWAL,Mobile App,DEBIT,16582.75,INR,,SUCCESS,REF230390007
TXN000002182,A00000398,C000034,2026-07-26 21:23:17,IMPS,UPI,DEBIT,3423.06,INR,,FAILED,REF498352238
TXN000002183,A00000270,C000074,2026-07-14 21:34:24,CASH_DEPOSIT,UPI,CREDIT,3057.48,INR,,SUCCESS,REF417796049
TXN000002184,A00000644,C000474,2026-07-01 08:24:08,POS,UPI,DEBIT,3638.16,INR,DMart,SUCCESS,REF610495616
TXN000002185,A00000102,C000355,2026-08-17 21:14:00,CASH_DEPOSIT,Mobile App,DEBIT,4005.45,INR,,SUCCESS,REF748901638
TXN000002186,A00000057,C000324,2026-08-29 06:19:18,POS,ATM,DEBIT,287.34,INR,Amazon,SUCCESS,REF186118770
TXN000002187,A00000114,C000172,2026-07-21 15:26:31,UPI,Branch,CREDIT,877.48,INR,Swiggy,SUCCESS,REF593570246
TXN000002188,A00000198,C000326,2026-08-17 22:42:01,ATM_WITHDRAWAL,Corporate Banking,DEBIT,19374.89,INR,,SUCCESS,REF194188663
TXN000002189,A00000237,C000363,2026-08-17 20:14:41,UPI,UPI,DEBIT,516.44,INR,BigBasket,SUCCESS,REF425295791
TXN000002190,A00000385,C000341,2026-08-13 20:24:49,UPI,ATM,CREDIT,7653.41,INR,IRCTC,SUCCESS,REF334130786
TXN000002191,A00000076,C000215,2026-07-17 19:16:06,UPI,Branch,CREDIT,2673.78,INR,BookMyShow,FAILED,REF363079664
TXN000002192,A00000644,C000474,2026-08-30 13:12:33,CASH_DEPOSIT,Internet Banking,CREDIT,8567.98,INR,,SUCCESS,REF248716328
TXN000002193,A00000130,C000114,2026-08-03 19:54:49,NEFT,Mobile App,DEBIT,7732.4,INR,,SUCCESS,REF329053698
TXN000002194,A00000084,C000272,2026-07-08 17:30:05,CASH_DEPOSIT,ATM,DEBIT,8228.38,INR,,SUCCESS,REF773642494
TXN000002195,A00000229,C000337,2026-07-27 09:31:54,UPI,Branch,CREDIT,1597.63,INR,Reliance Digital,SUCCESS,REF303231607
TXN000002196,A00000325,C000098,2026-07-30 15:49:16,NEFT,Internet Banking,DEBIT,4167.58,INR,,SUCCESS,REF258207194
TXN000002197,A00000231,C000342,2026-08-16 08:18:19,NEFT,Corporate Banking,DEBIT,7144.52,INR,,FAILED,REF250229352
TXN000002198,A00000547,C000124,2026-08-10 14:38:52,IMPS,ATM,DEBIT,8860.84,INR,,SUCCESS,REF746932629
TXN000002199,A00000247,C000048,2026-08-09 20:40:05,CASH_WITHDRAWAL,Internet Banking,DEBIT,12297.76,INR,,FAILED,REF436104080
TXN000002200,A00000190,C000121,2026-07-17 10:58:09,CASH_DEPOSIT,Corporate Banking,DEBIT,7628.02,INR,,SUCCESS,REF366623584
TXN000002201,A00000645,C000178,2026-08-16 19:44:17,CASH_DEPOSIT,ATM,DEBIT,7679.1,INR,,SUCCESS,REF224711664
TXN000002202,A00000077,C000193,2026-07-03 15:30:47,ATM_WITHDRAWAL,Internet Banking,DEBIT,4839.98,INR,,SUCCESS,REF658063616
TXN000002203,A00000026,C000431,2026-07-31 03:06:03,POS,Internet Banking,DEBIT,5641.19,INR,Jio,SUCCESS,REF808590220
TXN000002204,A00000058,C000332,2026-07-11 17:31:48,CASH_DEPOSIT,UPI,CREDIT,7001.07,INR,,FAILED,REF155974685
TXN000002205,A00000176,C000018,2026-08-14 05:31:55,POS,Branch,DEBIT,5792.42,INR,Uber,FAILED,REF602470450
TXN000002206,A00000173,C000413,2026-08-26 14:26:54,NEFT,ATM,DEBIT,4153.94,INR,,SUCCESS,REF304292057
TXN000002207,A00000332,C000486,2026-07-12 22:39:50,ATM_WITHDRAWAL,Internet Banking,DEBIT,16027.93,INR,,SUCCESS,REF732903414
TXN000002208,A00000582,C000440,2026-07-30 20:47:54,CASH_WITHDRAWAL,Mobile App,DEBIT,4933.88,INR,,FAILED,REF721555886
TXN000002209,A00000324,C000330,2026-08-31 23:25:44,POS,Mobile App,DEBIT,721.11,INR,BookMyShow,SUCCESS,REF191631417
TXN000002210,A00000076,C000215,2026-07-14 14:15:16,NEFT,ATM,DEBIT,4820.87,INR,,SUCCESS,REF666620059
TXN000002211,A00000436,C000409,2026-07-26 23:46:21,IMPS,ATM,CREDIT,9614.94,INR,,SUCCESS,REF272134431
TXN000002212,A00000374,C000189,2026-07-14 01:06:54,ATM_WITHDRAWAL,Branch,DEBIT,3627.17,INR,,SUCCESS,REF367624478
TXN000002213,A00000033,C000294,2026-07-11 22:52:29,IMPS,Internet Banking,DEBIT,5801.46,INR,,SUCCESS,REF339628711
TXN000002214,A00000176,C000018,2026-07-31 18:59:40,NEFT,UPI,DEBIT,441.19,INR,,SUCCESS,REF783626405
TXN000002215,A00000452,C000257,2026-08-18 10:34:50,RTGS,UPI,DEBIT,491715.44,INR,,SUCCESS,REF102866218
TXN000002216,A00000484,C000137,2026-08-09 16:21:16,IMPS,Branch,DEBIT,115.51,INR,,SUCCESS,REF604616023
TXN000002217,A00000260,C000480,2026-08-15 05:49:53,NEFT,ATM,CREDIT,4396.69,INR,,SUCCESS,REF324777774
TXN000002218,A00000645,C000178,2026-07-11 22:44:41,CASH_DEPOSIT,Corporate Banking,DEBIT,3296.16,INR,,SUCCESS,REF198112525
TXN000002219,A00000020,C000395,2026-08-26 02:56:25,UPI,Branch,DEBIT,9572.1,INR,Apollo Pharmacy,SUCCESS,REF925260253
TXN000002220,A00000263,C000444,2026-08-26 06:17:44,IMPS,Mobile App,DEBIT,1331.77,INR,,SUCCESS,REF549190859
TXN000002221,A00000011,C000050,2026-07-03 05:35:24,CASH_WITHDRAWAL,Corporate Banking,DEBIT,5192.23,INR,,SUCCESS,REF304441152
TXN000002222,A00000279,C000358,2026-08-10 09:59:59,IMPS,Mobile App,CREDIT,8777.7,INR,,SUCCESS,REF319807171
TXN000002223,A00000589,C000491,2026-08-19 20:52:00,NEFT,Mobile App,DEBIT,9807.08,INR,,SUCCESS,REF220105773
TXN000002224,A00000426,C000131,2026-07-28 15:31:12,CASH_DEPOSIT,UPI,CREDIT,2250.08,INR,,SUCCESS,REF605995936
TXN000002225,A00000313,C000071,2026-08-24 00:03:08,UPI,Internet Banking,DEBIT,2524.86,INR,DMart,FAILED,REF169017556
TXN000002226,A00000020,C000395,2026-07-26 09:36:30,CASH_DEPOSIT,UPI,CREDIT,1040.92,INR,,SUCCESS,REF836344492
TXN000002227,A00000560,C000334,2026-08-05 01:00:00,ATM_WITHDRAWAL,Branch,DEBIT,14820.43,INR,,SUCCESS,REF201987965
TXN000002228,A00000502,C000057,2026-08-07 15:01:56,CASH_DEPOSIT,Corporate Banking,DEBIT,3028.27,INR,,SUCCESS,REF729586949
TXN000002229,A00000133,C000180,2026-07-21 00:39:40,ATM_WITHDRAWAL,Corporate Banking,CREDIT,7493.96,INR,,SUCCESS,REF857072989
TXN000002230,A00000426,C000131,2026-08-19 07:06:17,NEFT,Branch,DEBIT,7321.54,INR,,SUCCESS,REF860583176
TXN000002231,A00000340,C000359,2026-07-16 05:55:18,POS,Mobile App,DEBIT,1639.98,INR,Airtel,SUCCESS,REF688676945
TXN000002232,A00000198,C000326,2026-07-16 12:44:14,CASH_WITHDRAWAL,Internet Banking,DEBIT,12901.24,INR,,FAILED,REF865694547
TXN000002233,A00000314,C000190,2026-07-22 07:13:34,CASH_WITHDRAWAL,UPI,DEBIT,3899.96,INR,,SUCCESS,REF214360946
TXN000002234,A00000090,C000264,2026-08-19 05:47:41,NEFT,Internet Banking,DEBIT,9150.62,INR,,SUCCESS,REF567509269
TXN000002235,A00000186,C000026,2026-08-04 06:27:01,CASH_WITHDRAWAL,ATM,DEBIT,11094.31,INR,,SUCCESS,REF577967803
TXN000002236,A00000283,C000228,2026-07-02 09:16:27,UPI,Internet Banking,DEBIT,9695.23,INR,MakeMyTrip,SUCCESS,REF683652331
TXN000002237,A00000443,C000254,2026-08-24 11:16:06,NEFT,Mobile App,DEBIT,8002.76,INR,,SUCCESS,REF336422165
TXN000002238,A00000377,C000266,2026-08-19 10:44:28,POS,Corporate Banking,DEBIT,9598.26,INR,Myntra,SUCCESS,REF890759554
TXN000002239,A00000362,C000163,2026-07-29 18:03:21,CASH_DEPOSIT,UPI,DEBIT,4457.4,INR,,SUCCESS,REF302257428
TXN000002240,A00000460,C000382,2026-07-22 17:01:47,RTGS,ATM,DEBIT,187452.58,INR,,SUCCESS,REF368557996
TXN000002241,A00000333,C000328,2026-07-25 00:01:13,NEFT,UPI,DEBIT,923.24,INR,,FAILED,REF712505435
TXN000002242,A00000476,C000485,2026-07-07 12:41:35,UPI,Corporate Banking,DEBIT,7990.02,INR,Myntra,SUCCESS,REF320230912
TXN000002243,A00000207,C000199,2026-08-08 13:41:17,CASH_DEPOSIT,Branch,DEBIT,7107.73,INR,,FAILED,REF310193054
TXN000002244,A00000279,C000358,2026-07-09 18:28:50,CASH_WITHDRAWAL,Corporate Banking,DEBIT,15092.5,INR,,SUCCESS,REF632406354
TXN000002245,A00000288,C000345,2026-08-17 04:15:13,CASH_DEPOSIT,Corporate Banking,DEBIT,9029.91,INR,,SUCCESS,REF714443350
TXN000002246,A00000619,C000059,2026-08-08 04:36:39,CASH_WITHDRAWAL,ATM,DEBIT,17275.85,INR,,SUCCESS,REF452573649
TXN000002247,A00000404,C000146,2026-08-24 08:01:18,UPI,Mobile App,CREDIT,9128.04,INR,Decathlon,SUCCESS,REF826521773
TXN000002248,A00000362,C000163,2026-08-16 23:24:01,IMPS,UPI,CREDIT,5157.97,INR,,SUCCESS,REF212649895
TXN000002249,A00000560,C000334,2026-07-30 14:24:54,ATM_WITHDRAWAL,Corporate Banking,DEBIT,19398.51,INR,,SUCCESS,REF710393117
TXN000002250,A00000009,C000457,2026-08-01 21:23:09,UPI,Internet Banking,DEBIT,4729.13,INR,DMart,SUCCESS,REF834429782
TXN000002251,A00000259,C000079,2026-07-03 16:27:11,ATM_WITHDRAWAL,ATM,DEBIT,17074.98,INR,,SUCCESS,REF245425147
TXN000002252,A00000395,C000109,2026-07-15 10:50:22,POS,ATM,DEBIT,2883.85,INR,Zomato,SUCCESS,REF133278013
TXN000002253,A00000266,C000388,2026-08-02 07:37:13,RTGS,UPI,DEBIT,343516.74,INR,,FAILED,REF783791444
TXN000002254,A00000582,C000440,2026-08-08 20:50:12,UPI,ATM,DEBIT,4647.51,INR,Croma,SUCCESS,REF583655693
TXN000002255,A00000520,C000482,2026-07-27 20:06:13,RTGS,Branch,CREDIT,273595.67,INR,,SUCCESS,REF432247966
TXN000002256,A00000224,C000434,2026-08-31 07:39:52,ATM_WITHDRAWAL,Branch,CREDIT,10031.71,INR,,SUCCESS,REF205078176
TXN000002257,A00000478,C000189,2026-08-28 23:11:09,CASH_WITHDRAWAL,Mobile App,DEBIT,2331.43,INR,,SUCCESS,REF789254873
TXN000002258,A00000642,C000358,2026-08-04 07:56:02,UPI,ATM,DEBIT,4944.7,INR,IRCTC,SUCCESS,REF868258569
TXN000002259,A00000514,C000083,2026-07-16 06:53:04,POS,ATM,DEBIT,2861.09,INR,IRCTC,FAILED,REF457588944
TXN000002260,A00000045,C000131,2026-08-18 05:01:59,IMPS,Corporate Banking,CREDIT,2280.87,INR,,SUCCESS,REF270319091
TXN000002261,A00000470,C000112,2026-07-22 04:19:41,RTGS,Internet Banking,CREDIT,351937.29,INR,,SUCCESS,REF738055543
TXN000002262,A00000055,C000245,2026-07-18 17:33:06,RTGS,ATM,DEBIT,107581.51,INR,,SUCCESS,REF950629699
TXN000002263,A00000628,C000143,2026-08-07 08:50:53,POS,Corporate Banking,DEBIT,8867.99,INR,Airtel,SUCCESS,REF846100995
TXN000002264,A00000463,C000108,2026-07-10 01:20:16,UPI,Branch,CREDIT,9136.81,INR,Zomato,SUCCESS,REF179073471
TXN000002265,A00000200,C000064,2026-07-17 13:07:25,CASH_DEPOSIT,UPI,DEBIT,9745.03,INR,,SUCCESS,REF958129549
TXN000002266,A00000402,C000395,2026-07-07 20:03:42,NEFT,UPI,DEBIT,7671.41,INR,,FAILED,REF741094140
TXN000002267,A00000096,C000085,2026-08-16 00:31:10,IMPS,ATM,DEBIT,4802.21,INR,,SUCCESS,REF889138945
TXN000002268,A00000415,C000063,2026-07-11 05:26:25,NEFT,UPI,DEBIT,9065.96,INR,,SUCCESS,REF778948887
TXN000002269,A00000028,C000116,2026-07-19 15:15:51,POS,UPI,DEBIT,3892.72,INR,Reliance Digital,SUCCESS,REF375597206
TXN000002270,A00000380,C000418,2026-08-30 12:22:58,POS,UPI,DEBIT,3272.23,INR,Flipkart,SUCCESS,REF537968479
TXN000002271,A00000218,C000133,2026-08-01 18:08:48,POS,ATM,DEBIT,4315.6,INR,BigBasket,SUCCESS,REF246993605
TXN000002272,A00000500,C000126,2026-07-13 20:59:30,CASH_DEPOSIT,Corporate Banking,DEBIT,8585.37,INR,,SUCCESS,REF984205528
TXN000002273,A00000421,C000045,2026-07-12 08:53:27,UPI,ATM,CREDIT,340.86,INR,IRCTC,FAILED,REF555361948
TXN000002274,A00000577,C000299,2026-08-13 06:41:25,UPI,Mobile App,DEBIT,1878.23,INR,BookMyShow,SUCCESS,REF462021397
TXN000002275,A00000024,C000496,2026-08-19 22:02:43,CASH_DEPOSIT,Branch,CREDIT,1086.63,INR,,SUCCESS,REF596312727
TXN000002276,A00000025,C000280,2026-08-13 03:55:31,NEFT,Mobile App,DEBIT,9564.05,INR,,SUCCESS,REF727085213
TXN000002277,A00000214,C000263,2026-07-28 21:48:49,ATM_WITHDRAWAL,ATM,DEBIT,1146.71,INR,,FAILED,REF510590875
TXN000002278,A00000187,C000061,2026-07-13 08:39:11,NEFT,Corporate Banking,DEBIT,5534.77,INR,,SUCCESS,REF782033398
TXN000002279,A00000075,C000023,2026-07-25 23:37:19,IMPS,UPI,DEBIT,5801.01,INR,,SUCCESS,REF462038916
TXN000002280,A00000230,C000335,2026-07-11 06:18:39,UPI,ATM,DEBIT,4829.82,INR,Flipkart,SUCCESS,REF235209152
TXN000002281,A00000149,C000236,2026-07-18 06:37:12,RTGS,ATM,DEBIT,250012.15,INR,,SUCCESS,REF766195088
TXN000002282,A00000574,C000015,2026-08-04 19:29:42,POS,ATM,DEBIT,4935.41,INR,Decathlon,FAILED,REF166721791
TXN000002283,A00000410,C000357,2026-08-03 00:56:20,RTGS,Branch,DEBIT,361836.29,INR,,SUCCESS,REF719464706
TXN000002284,A00000567,C000109,2026-07-17 15:08:40,UPI,Corporate Banking,CREDIT,9020.29,INR,Jio,SUCCESS,REF447939567
TXN000002285,A00000141,C000074,2026-08-06 15:10:51,ATM_WITHDRAWAL,Corporate Banking,DEBIT,756.25,INR,,SUCCESS,REF991543818
TXN000002286,A00000272,C000458,2026-08-28 12:28:30,CASH_WITHDRAWAL,Mobile App,DEBIT,12738.73,INR,,SUCCESS,REF586457193
TXN000002287,A00000564,C000424,2026-08-05 19:31:39,CASH_WITHDRAWAL,Internet Banking,DEBIT,9650.83,INR,,SUCCESS,REF970228567
TXN000002288,A00000621,C000349,2026-07-30 01:55:28,ATM_WITHDRAWAL,ATM,DEBIT,9831.75,INR,,SUCCESS,REF760159756
TXN000002289,A00000527,C000110,2026-07-20 05:38:44,CASH_WITHDRAWAL,ATM,DEBIT,3486.49,INR,,SUCCESS,REF246384139
TXN000002290,A00000525,C000394,2026-08-13 02:35:32,IMPS,Corporate Banking,CREDIT,8941.13,INR,,SUCCESS,REF569812347
TXN000002291,A00000028,C000116,2026-08-25 17:56:18,UPI,Branch,CREDIT,3448.92,INR,Flipkart,SUCCESS,REF882366720
TXN000002292,A00000408,C000373,2026-07-05 23:20:51,UPI,ATM,CREDIT,7959.24,INR,Apollo Pharmacy,REVERSED,REF719794377
TXN000002293,A00000377,C000266,2026-08-07 19:04:01,NEFT,Mobile App,DEBIT,1486.24,INR,,SUCCESS,REF917084755
TXN000002294,A00000269,C000441,2026-07-24 08:40:24,IMPS,Internet Banking,DEBIT,5588.61,INR,,SUCCESS,REF528325882
TXN000002295,A00000019,C000285,2026-07-06 22:27:25,NEFT,UPI,DEBIT,5789.17,INR,,SUCCESS,REF660814797
TXN000002296,A00000451,C000216,2026-07-08 17:09:31,UPI,Branch,CREDIT,9313.07,INR,MakeMyTrip,SUCCESS,REF210350301
TXN000002297,A00000376,C000131,2026-07-30 23:37:27,IMPS,Branch,DEBIT,442.13,INR,,SUCCESS,REF406265441
TXN000002298,A00000060,C000123,2026-08-05 21:04:48,ATM_WITHDRAWAL,Internet Banking,CREDIT,8780.65,INR,,SUCCESS,REF586417614
TXN000002299,A00000156,C000264,2026-07-21 02:27:10,ATM_WITHDRAWAL,Branch,DEBIT,13558.97,INR,,FAILED,REF712730673
TXN000002300,A00000001,C000098,2026-07-04 03:51:51,UPI,ATM,DEBIT,6779.04,INR,Amazon,SUCCESS,REF112692325
TXN000002301,A00000382,C000103,2026-08-12 10:31:27,UPI,UPI,CREDIT,1528.54,INR,Myntra,SUCCESS,REF772933041
TXN000002302,A00000236,C000401,2026-07-01 06:16:03,IMPS,UPI,CREDIT,376.08,INR,,SUCCESS,REF770412502
TXN000002303,A00000618,C000437,2026-08-14 23:48:34,CASH_WITHDRAWAL,Corporate Banking,DEBIT,9483.89,INR,,SUCCESS,REF743328230
TXN000002304,A00000433,C000051,2026-08-17 16:25:53,POS,Corporate Banking,DEBIT,5970.28,INR,DMart,SUCCESS,REF279313048
TXN000002305,A00000355,C000008,2026-08-13 22:24:38,IMPS,Corporate Banking,DEBIT,3866.6,INR,,SUCCESS,REF277987202
TXN000002306,A00000058,C000332,2026-07-23 07:41:20,ATM_WITHDRAWAL,ATM,DEBIT,6042.16,INR,,SUCCESS,REF951847913
TXN000002307,A00000376,C000131,2026-07-13 08:40:41,NEFT,ATM,DEBIT,9009.54,INR,,SUCCESS,REF947627611
TXN000002308,A00000434,C000245,2026-08-19 22:08:01,CASH_DEPOSIT,ATM,CREDIT,7428.51,INR,,SUCCESS,REF898372491
TXN000002309,A00000386,C000478,2026-07-21 12:30:23,UPI,ATM,DEBIT,8382.95,INR,BookMyShow,SUCCESS,REF805769648
TXN000002310,A00000048,C000337,2026-08-09 14:14:07,POS,UPI,DEBIT,5233.6,INR,DMart,SUCCESS,REF757424711
TXN000002311,A00000036,C000436,2026-08-22 12:17:04,UPI,UPI,CREDIT,2153.82,INR,Myntra,SUCCESS,REF148460931
TXN000002312,A00000365,C000073,2026-08-06 22:28:17,CASH_WITHDRAWAL,UPI,CREDIT,6948.67,INR,,SUCCESS,REF377494675
TXN000002313,A00000383,C000226,2026-08-17 21:31:24,RTGS,Branch,DEBIT,488306.43,INR,,FAILED,REF197204959
TXN000002314,A00000059,C000250,2026-08-25 02:34:42,POS,UPI,DEBIT,8016.77,INR,Ola,SUCCESS,REF649410704
TXN000002315,A00000625,C000298,2026-08-22 06:02:30,POS,Branch,DEBIT,5984.72,INR,Jio,SUCCESS,REF542435192
TXN000002316,A00000121,C000075,2026-08-16 07:13:45,RTGS,Corporate Banking,DEBIT,346585.81,INR,,SUCCESS,REF671094643
TXN000002317,A00000009,C000457,2026-07-10 23:54:27,UPI,ATM,DEBIT,8853.26,INR,IRCTC,SUCCESS,REF631867365
TXN000002318,A00000138,C000060,2026-07-22 10:47:43,UPI,UPI,DEBIT,3382.72,INR,Croma,SUCCESS,REF619980604
TXN000002319,A00000562,C000217,2026-07-10 02:20:19,NEFT,Internet Banking,CREDIT,7196.7,INR,,FAILED,REF374217331
TXN000002320,A00000624,C000238,2026-07-19 06:21:12,ATM_WITHDRAWAL,UPI,DEBIT,8038.63,INR,,FAILED,REF211340208
TXN000002321,A00000494,C000274,2026-08-26 06:33:44,ATM_WITHDRAWAL,Branch,DEBIT,19740.0,INR,,SUCCESS,REF591785784
TXN000002322,A00000188,C000366,2026-07-18 12:31:46,CASH_WITHDRAWAL,Mobile App,DEBIT,1424.68,INR,,SUCCESS,REF559408494
TXN000002323,A00000635,C000348,2026-07-30 17:08:07,CASH_WITHDRAWAL,Internet Banking,DEBIT,11064.28,INR,,SUCCESS,REF650530039
TXN000002324,A00000265,C000159,2026-07-16 10:06:30,CASH_WITHDRAWAL,Branch,DEBIT,19346.29,INR,,FAILED,REF246235673
TXN000002325,A00000596,C000156,2026-07-01 11:57:10,RTGS,UPI,CREDIT,450734.5,INR,,SUCCESS,REF587133504
TXN000002326,A00000341,C000376,2026-08-07 07:36:07,NEFT,Internet Banking,CREDIT,9879.32,INR,,SUCCESS,REF653978289
TXN000002327,A00000618,C000437,2026-08-23 10:09:02,UPI,UPI,DEBIT,1153.26,INR,Apollo Pharmacy,SUCCESS,REF360276232
TXN000002328,A00000433,C000051,2026-08-28 02:32:42,POS,Internet Banking,CREDIT,4100.88,INR,Decathlon,SUCCESS,REF246139635
TXN000002329,A00000136,C000428,2026-08-30 16:56:32,RTGS,Branch,CREDIT,77946.11,INR,,SUCCESS,REF370929966
TXN000002330,A00000531,C000244,2026-08-31 08:26:57,UPI,Branch,CREDIT,8670.57,INR,Flipkart,SUCCESS,REF240162317
TXN000002331,A00000461,C000187,2026-08-23 16:01:10,ATM_WITHDRAWAL,Corporate Banking,DEBIT,1530.72,INR,,SUCCESS,REF798541955
TXN000002332,A00000504,C000477,2026-08-10 23:37:06,NEFT,Mobile App,DEBIT,5392.11,INR,,SUCCESS,REF478111648
TXN000002333,A00000429,C000162,2026-07-07 04:44:07,RTGS,Corporate Banking,DEBIT,409910.34,INR,,SUCCESS,REF850039273
TXN000002334,A00000015,C000167,2026-08-27 17:46:38,CASH_WITHDRAWAL,UPI,DEBIT,4127.16,INR,,FAILED,REF546887504
TXN000002335,A00000080,C000113,2026-07-20 12:37:24,POS,UPI,DEBIT,6984.7,INR,Croma,SUCCESS,REF348728849
TXN000002336,A00000363,C000176,2026-08-23 10:47:36,CASH_DEPOSIT,Branch,DEBIT,3294.73,INR,,SUCCESS,REF691605250
TXN000002337,A00000535,C000325,2026-07-05 06:14:19,IMPS,Corporate Banking,CREDIT,3418.96,INR,,SUCCESS,REF144564169
TXN000002338,A00000324,C000330,2026-08-08 19:09:00,ATM_WITHDRAWAL,Internet Banking,DEBIT,18485.68,INR,,SUCCESS,REF267846357
TXN000002339,A00000546,C000431,2026-07-10 01:37:06,ATM_WITHDRAWAL,Mobile App,DEBIT,1202.07,INR,,SUCCESS,REF824251519
TXN000002340,A00000172,C000487,2026-08-25 06:06:05,CASH_WITHDRAWAL,Mobile App,DEBIT,14804.94,INR,,FAILED,REF323322360
TXN000002341,A00000443,C000254,2026-07-19 04:36:56,CASH_DEPOSIT,ATM,CREDIT,5253.4,INR,,SUCCESS,REF246226482
TXN000002342,A00000438,C000374,2026-07-10 19:16:01,POS,ATM,CREDIT,1902.22,INR,Amazon,SUCCESS,REF260570819
TXN000002343,A00000007,C000483,2026-07-18 15:56:01,CASH_WITHDRAWAL,Branch,DEBIT,4916.69,INR,,SUCCESS,REF814938199
TXN000002344,A00000550,C000105,2026-08-10 12:37:56,RTGS,Corporate Banking,DEBIT,169681.91,INR,,SUCCESS,REF467351911
TXN000002345,A00000436,C000409,2026-08-11 04:41:56,IMPS,ATM,CREDIT,1969.13,INR,,SUCCESS,REF923671061
TXN000002346,A00000038,C000093,2026-07-14 12:21:59,UPI,UPI,DEBIT,2584.16,INR,MakeMyTrip,SUCCESS,REF235105839
TXN000002347,A00000474,C000136,2026-07-09 06:11:50,RTGS,UPI,DEBIT,351137.31,INR,,SUCCESS,REF969845293
TXN000002348,A00000459,C000057,2026-07-11 09:16:07,UPI,Branch,DEBIT,3156.12,INR,Airtel,SUCCESS,REF411764980
TXN000002349,A00000421,C000045,2026-08-27 16:40:51,RTGS,Corporate Banking,DEBIT,408093.71,INR,,SUCCESS,REF211668024
TXN000002350,A00000426,C000131,2026-08-31 02:31:03,CASH_WITHDRAWAL,Internet Banking,CREDIT,10980.02,INR,,SUCCESS,REF406541662
TXN000002351,A00000410,C000357,2026-08-20 12:29:53,CASH_WITHDRAWAL,ATM,DEBIT,8124.0,INR,,SUCCESS,REF399077338
TXN000002352,A00000528,C000028,2026-08-17 08:18:39,ATM_WITHDRAWAL,Mobile App,DEBIT,8909.07,INR,,SUCCESS,REF769585048
TXN000002353,A00000073,C000338,2026-08-08 12:01:32,IMPS,Internet Banking,CREDIT,2870.06,INR,,FAILED,REF569980318
TXN000002354,A00000030,C000189,2026-07-28 05:53:11,UPI,Mobile App,DEBIT,6609.39,INR,Airtel,SUCCESS,REF736540607
TXN000002355,A00000286,C000019,2026-07-03 17:46:28,IMPS,ATM,DEBIT,4246.37,INR,,SUCCESS,REF738489672
TXN000002356,A00000331,C000473,2026-08-15 01:43:06,RTGS,Mobile App,DEBIT,107948.09,INR,,SUCCESS,REF131069635
TXN000002357,A00000121,C000075,2026-07-06 13:41:12,RTGS,Mobile App,DEBIT,277049.54,INR,,SUCCESS,REF555586900
TXN000002358,A00000563,C000181,2026-08-26 19:57:22,UPI,Branch,DEBIT,3238.66,INR,Decathlon,SUCCESS,REF225593408
TXN000002359,A00000375,C000347,2026-08-21 07:11:56,RTGS,Internet Banking,CREDIT,176091.58,INR,,SUCCESS,REF238835263
TXN000002360,A00000461,C000187,2026-07-05 11:36:21,CASH_WITHDRAWAL,ATM,DEBIT,15455.46,INR,,SUCCESS,REF808723555
TXN000002361,A00000636,C000045,2026-08-28 21:10:00,POS,Corporate Banking,DEBIT,4653.67,INR,Jio,FAILED,REF465745031
TXN000002362,A00000582,C000440,2026-07-24 13:23:34,POS,Branch,DEBIT,6135.47,INR,Airtel,SUCCESS,REF357687828
TXN000002363,A00000645,C000178,2026-08-15 22:59:37,CASH_DEPOSIT,Branch,CREDIT,1383.34,INR,,SUCCESS,REF651845399
TXN000002364,A00000374,C000189,2026-08-09 12:33:36,ATM_WITHDRAWAL,Mobile App,DEBIT,11403.44,INR,,SUCCESS,REF811680549
TXN000002365,A00000376,C000131,2026-07-04 16:29:52,IMPS,Corporate Banking,DEBIT,8099.6,INR,,SUCCESS,REF179785360
TXN000002366,A00000404,C000146,2026-07-05 22:13:07,POS,Corporate Banking,DEBIT,1007.99,INR,Swiggy,SUCCESS,REF501859547
TXN000002367,A00000504,C000477,2026-07-04 07:26:45,ATM_WITHDRAWAL,Branch,DEBIT,6733.55,INR,,SUCCESS,REF514160791
TXN000002368,A00000638,C000437,2026-08-16 19:54:46,ATM_WITHDRAWAL,Mobile App,DEBIT,1001.55,INR,,FAILED,REF302457073
TXN000002369,A00000372,C000007,2026-08-20 06:08:09,RTGS,Corporate Banking,DEBIT,471736.45,INR,,SUCCESS,REF406801200
TXN000002370,A00000010,C000366,2026-08-19 15:53:33,IMPS,Mobile App,DEBIT,5848.36,INR,,SUCCESS,REF952871917
TXN000002371,A00000023,C000469,2026-07-06 20:05:09,ATM_WITHDRAWAL,Branch,DEBIT,16045.73,INR,,SUCCESS,REF808706746
TXN000002372,A00000169,C000282,2026-07-21 21:13:34,POS,UPI,DEBIT,4808.04,INR,Amazon,SUCCESS,REF977568599
TXN000002373,A00000490,C000409,2026-08-11 08:37:00,ATM_WITHDRAWAL,Mobile App,DEBIT,16109.31,INR,,SUCCESS,REF108762888
TXN000002374,A00000089,C000485,2026-08-20 04:08:42,NEFT,Mobile App,DEBIT,9550.38,INR,,SUCCESS,REF883682170
TXN000002375,A00000239,C000147,2026-07-31 02:29:59,ATM_WITHDRAWAL,Mobile App,DEBIT,14346.02,INR,,SUCCESS,REF836177013
TXN000002376,A00000639,C000401,2026-08-27 16:48:33,CASH_DEPOSIT,ATM,CREDIT,6934.45,INR,,SUCCESS,REF629965483
TXN000002377,A00000245,C000320,2026-07-08 05:29:17,ATM_WITHDRAWAL,Branch,DEBIT,2761.5,INR,,SUCCESS,REF847115468
TXN000002378,A00000209,C000103,2026-07-03 03:21:33,NEFT,Internet Banking,DEBIT,9939.62,INR,,SUCCESS,REF274763458
TXN000002379,A00000633,C000059,2026-08-11 19:14:04,UPI,Corporate Banking,DEBIT,5582.78,INR,Uber,SUCCESS,REF424289971
TXN000002380,A00000370,C000276,2026-08-22 20:50:09,IMPS,Branch,DEBIT,1923.15,INR,,SUCCESS,REF175273206
TXN000002381,A00000223,C000125,2026-08-16 07:31:58,RTGS,Branch,CREDIT,483901.53,INR,,FAILED,REF350723630
TXN000002382,A00000442,C000463,2026-07-20 02:31:10,CASH_DEPOSIT,ATM,DEBIT,4916.11,INR,,SUCCESS,REF803509884
TXN000002383,A00000223,C000125,2026-08-26 18:25:45,NEFT,ATM,DEBIT,6202.89,INR,,SUCCESS,REF973102904
TXN000002384,A00000031,C000239,2026-07-14 05:47:05,NEFT,Branch,DEBIT,2429.82,INR,,SUCCESS,REF957933675
TXN000002385,A00000270,C000074,2026-08-31 17:57:10,POS,Branch,DEBIT,4327.08,INR,Croma,SUCCESS,REF519661837
TXN000002386,A00000354,C000107,2026-08-01 16:31:18,UPI,Internet Banking,DEBIT,8272.44,INR,Jio,SUCCESS,REF801173589
TXN000002387,A00000471,C000133,2026-08-22 13:44:16,IMPS,Corporate Banking,DEBIT,2299.63,INR,,SUCCESS,REF128021957
TXN000002388,A00000201,C000300,2026-07-05 03:22:46,CASH_WITHDRAWAL,Corporate Banking,DEBIT,10324.66,INR,,SUCCESS,REF840910379
TXN000002389,A00000451,C000216,2026-08-18 20:52:27,UPI,UPI,CREDIT,9543.36,INR,BigBasket,SUCCESS,REF528355751
TXN000002390,A00000473,C000329,2026-08-08 22:07:10,UPI,Internet Banking,CREDIT,185.96,INR,Uber,SUCCESS,REF749180071
TXN000002391,A00000252,C000294,2026-07-16 07:56:39,IMPS,Corporate Banking,CREDIT,9868.81,INR,,SUCCESS,REF629518218
TXN000002392,A00000111,C000190,2026-07-01 00:57:43,POS,UPI,CREDIT,5253.0,INR,Swiggy,SUCCESS,REF152136785
TXN000002393,A00000573,C000202,2026-07-12 07:52:18,CASH_DEPOSIT,Internet Banking,DEBIT,2019.11,INR,,SUCCESS,REF958007157
TXN000002394,A00000416,C000246,2026-08-19 17:52:25,POS,Internet Banking,DEBIT,8901.05,INR,Decathlon,SUCCESS,REF692769282
TXN000002395,A00000198,C000326,2026-07-22 21:50:14,IMPS,Corporate Banking,DEBIT,2471.89,INR,,SUCCESS,REF629233933
TXN000002396,A00000191,C000241,2026-08-26 11:50:01,IMPS,UPI,DEBIT,5269.76,INR,,SUCCESS,REF690997836
TXN000002397,A00000346,C000364,2026-07-08 07:42:11,ATM_WITHDRAWAL,UPI,DEBIT,19979.26,INR,,SUCCESS,REF551863363
TXN000002398,A00000025,C000280,2026-07-11 08:33:49,RTGS,ATM,CREDIT,283721.11,INR,,SUCCESS,REF321396713
TXN000002399,A00000561,C000129,2026-08-23 23:06:58,CASH_WITHDRAWAL,Mobile App,DEBIT,17621.67,INR,,FAILED,REF671111556
TXN000002400,A00000018,C000343,2026-07-16 14:58:16,UPI,Internet Banking,CREDIT,2618.07,INR,Jio,SUCCESS,REF543772357
TXN000002401,A00000432,C000302,2026-08-30 09:40:32,ATM_WITHDRAWAL,Branch,CREDIT,14892.06,INR,,SUCCESS,REF923263556
TXN000002402,A00000091,C000035,2026-07-15 03:50:47,IMPS,ATM,DEBIT,433.98,INR,,SUCCESS,REF281094025
TXN000002403,A00000589,C000491,2026-07-17 13:02:49,CASH_WITHDRAWAL,UPI,DEBIT,1227.67,INR,,SUCCESS,REF211066366
TXN000002404,A00000114,C000172,2026-07-29 06:29:25,ATM_WITHDRAWAL,UPI,DEBIT,2049.69,INR,,SUCCESS,REF863794729
TXN000002405,A00000220,C000203,2026-07-05 15:04:33,CASH_DEPOSIT,UPI,CREDIT,8921.74,INR,,SUCCESS,REF429548258
TXN000002406,A00000396,C000083,2026-08-26 13:39:18,UPI,Branch,DEBIT,8604.49,INR,Croma,SUCCESS,REF529140922
TXN000002407,A00000023,C000469,2026-08-15 22:57:33,POS,Internet Banking,CREDIT,3449.87,INR,Jio,FAILED,REF288387941
TXN000002408,A00000408,C000373,2026-08-29 08:25:39,RTGS,ATM,CREDIT,388876.82,INR,,SUCCESS,REF386600440
TXN000002409,A00000028,C000116,2026-07-18 23:00:22,RTGS,Corporate Banking,DEBIT,409683.13,INR,,SUCCESS,REF462884487
TXN000002410,A00000581,C000240,2026-08-20 15:26:13,POS,Branch,DEBIT,6761.94,INR,Reliance Digital,REVERSED,REF192592004
TXN000002411,A00000095,C000485,2026-07-09 05:32:27,CASH_DEPOSIT,ATM,DEBIT,6453.11,INR,,FAILED,REF661201193
TXN000002412,A00000386,C000478,2026-08-14 03:36:14,CASH_WITHDRAWAL,Corporate Banking,CREDIT,13896.29,INR,,SUCCESS,REF962130427
TXN000002413,A00000213,C000463,2026-07-15 19:28:53,CASH_DEPOSIT,Internet Banking,DEBIT,7988.53,INR,,FAILED,REF448798700
TXN000002414,A00000647,C000011,2026-07-13 09:25:00,CASH_WITHDRAWAL,Branch,DEBIT,15904.87,INR,,SUCCESS,REF487310853
TXN000002415,A00000034,C000384,2026-07-27 09:27:09,NEFT,Branch,DEBIT,742.85,INR,,SUCCESS,REF666602999
TXN000002416,A00000644,C000474,2026-08-17 17:15:09,ATM_WITHDRAWAL,ATM,DEBIT,4181.98,INR,,SUCCESS,REF550941961
TXN000002417,A00000177,C000491,2026-08-12 20:59:10,CASH_WITHDRAWAL,Internet Banking,DEBIT,6949.03,INR,,SUCCESS,REF294607514
TXN000002418,A00000609,C000348,2026-08-09 14:05:50,POS,ATM,DEBIT,2588.08,INR,Apollo Pharmacy,SUCCESS,REF190777907
TXN000002419,A00000488,C000220,2026-07-09 17:16:53,POS,Internet Banking,DEBIT,8455.17,INR,Croma,SUCCESS,REF112864321
TXN000002420,A00000115,C000213,2026-08-17 02:26:00,CASH_DEPOSIT,Corporate Banking,CREDIT,9670.09,INR,,SUCCESS,REF428600406
TXN000002421,A00000473,C000329,2026-07-12 08:31:41,ATM_WITHDRAWAL,Internet Banking,DEBIT,6719.02,INR,,SUCCESS,REF864073397
TXN000002422,A00000218,C000133,2026-08-28 18:43:41,RTGS,UPI,CREDIT,240153.17,INR,,SUCCESS,REF837501242
TXN000002423,A00000048,C000337,2026-07-01 16:56:04,UPI,UPI,DEBIT,950.45,INR,IRCTC,SUCCESS,REF768900884
TXN000002424,A00000291,C000027,2026-08-30 02:43:36,POS,Corporate Banking,DEBIT,4512.29,INR,Flipkart,SUCCESS,REF935570841
TXN000002425,A00000580,C000338,2026-08-28 10:30:03,ATM_WITHDRAWAL,Mobile App,DEBIT,2252.31,INR,,SUCCESS,REF476458822
TXN000002426,A00000154,C000339,2026-08-13 19:28:27,RTGS,ATM,DEBIT,267526.96,INR,,SUCCESS,REF806989127
TXN000002427,A00000504,C000477,2026-07-04 05:02:36,NEFT,ATM,DEBIT,6612.47,INR,,SUCCESS,REF784202990
TXN000002428,A00000468,C000490,2026-08-03 20:24:08,CASH_WITHDRAWAL,Mobile App,DEBIT,2114.36,INR,,SUCCESS,REF603309832
TXN000002429,A00000039,C000429,2026-07-01 17:45:16,ATM_WITHDRAWAL,Corporate Banking,DEBIT,14569.89,INR,,SUCCESS,REF547236945
TXN000002430,A00000123,C000392,2026-07-26 09:23:09,NEFT,Internet Banking,CREDIT,3041.93,INR,,SUCCESS,REF187752502
TXN000002431,A00000106,C000459,2026-07-24 11:02:51,RTGS,Mobile App,DEBIT,309453.06,INR,,SUCCESS,REF625567351
TXN000002432,A00000218,C000133,2026-07-12 08:46:51,POS,ATM,CREDIT,9702.18,INR,Apollo Pharmacy,SUCCESS,REF881693722
TXN000002433,A00000508,C000123,2026-08-05 04:24:19,CASH_WITHDRAWAL,Corporate Banking,DEBIT,9640.75,INR,,SUCCESS,REF285308373
TXN000002434,A00000343,C000466,2026-08-18 23:39:30,NEFT,Corporate Banking,DEBIT,1610.4,INR,,SUCCESS,REF275475732
TXN000002435,A00000170,C000161,2026-08-07 02:11:57,CASH_DEPOSIT,UPI,CREDIT,4856.55,INR,,SUCCESS,REF542311553
TXN000002436,A00000020,C000395,2026-07-24 07:24:02,IMPS,UPI,DEBIT,5434.37,INR,,SUCCESS,REF794267742
TXN000002437,A00000370,C000276,2026-08-18 19:16:56,CASH_WITHDRAWAL,Mobile App,DEBIT,6495.06,INR,,SUCCESS,REF101249664
TXN000002438,A00000015,C000167,2026-07-01 21:37:01,RTGS,Branch,CREDIT,385260.68,INR,,SUCCESS,REF364105416
TXN000002439,A00000500,C000126,2026-08-02 15:10:45,UPI,Corporate Banking,CREDIT,5300.91,INR,Reliance Digital,SUCCESS,REF635486306
TXN000002440,A00000036,C000436,2026-07-10 15:50:41,RTGS,ATM,DEBIT,172093.96,INR,,SUCCESS,REF539553381
TXN000002441,A00000181,C000378,2026-08-24 17:17:09,CASH_DEPOSIT,Internet Banking,DEBIT,3508.75,INR,,SUCCESS,REF524093222
TXN000002442,A00000325,C000098,2026-07-24 10:03:19,CASH_WITHDRAWAL,Branch,DEBIT,9682.38,INR,,SUCCESS,REF579692622
TXN000002443,A00000601,C000136,2026-07-01 01:28:09,ATM_WITHDRAWAL,Mobile App,DEBIT,11759.2,INR,,SUCCESS,REF242138605
TXN000002444,A00000153,C000179,2026-07-12 14:27:42,UPI,UPI,DEBIT,1899.73,INR,Flipkart,SUCCESS,REF897996017
TXN000002445,A00000399,C000414,2026-07-24 16:08:24,ATM_WITHDRAWAL,Mobile App,DEBIT,19084.09,INR,,SUCCESS,REF868527743
TXN000002446,A00000034,C000384,2026-08-19 01:25:40,CASH_WITHDRAWAL,Corporate Banking,CREDIT,16490.34,INR,,SUCCESS,REF192923088
TXN000002447,A00000444,C000154,2026-07-10 09:53:40,POS,ATM,CREDIT,1509.05,INR,MakeMyTrip,SUCCESS,REF234372753
TXN000002448,A00000351,C000393,2026-08-07 00:54:00,RTGS,Branch,DEBIT,334794.62,INR,,SUCCESS,REF325422934
TXN000002449,A00000410,C000357,2026-07-14 07:04:04,CASH_DEPOSIT,Mobile App,CREDIT,6024.77,INR,,SUCCESS,REF333108668
TXN000002450,A00000265,C000159,2026-08-30 12:55:24,IMPS,Corporate Banking,CREDIT,1537.01,INR,,SUCCESS,REF927616708
TXN000002451,A00000533,C000075,2026-08-23 07:58:39,RTGS,ATM,DEBIT,452844.29,INR,,SUCCESS,REF906289061
TXN000002452,A00000594,C000088,2026-07-15 17:10:05,RTGS,Corporate Banking,DEBIT,154884.93,INR,,SUCCESS,REF844024005
TXN000002453,A00000599,C000338,2026-08-29 01:14:20,ATM_WITHDRAWAL,Mobile App,CREDIT,4548.52,INR,,SUCCESS,REF312078703
TXN000002454,A00000196,C000383,2026-07-08 23:01:11,RTGS,Corporate Banking,DEBIT,138493.81,INR,,SUCCESS,REF494207503
TXN000002455,A00000409,C000444,2026-08-11 17:43:34,NEFT,UPI,DEBIT,1322.43,INR,,SUCCESS,REF335278869
TXN000002456,A00000451,C000216,2026-08-21 23:21:51,NEFT,Corporate Banking,DEBIT,5944.8,INR,,SUCCESS,REF837750046
TXN000002457,A00000117,C000079,2026-07-25 19:40:25,CASH_WITHDRAWAL,Branch,CREDIT,11641.65,INR,,SUCCESS,REF858083761
TXN000002458,A00000366,C000260,2026-07-10 03:29:24,ATM_WITHDRAWAL,Internet Banking,CREDIT,16723.98,INR,,SUCCESS,REF679154183
TXN000002459,A00000228,C000225,2026-07-19 01:05:47,CASH_WITHDRAWAL,Internet Banking,DEBIT,3568.17,INR,,SUCCESS,REF775640214
TXN000002460,A00000462,C000170,2026-08-08 15:36:27,RTGS,UPI,DEBIT,495864.99,INR,,SUCCESS,REF382473504
TXN000002461,A00000136,C000428,2026-07-15 21:57:46,RTGS,ATM,CREDIT,307474.75,INR,,FAILED,REF826857206
TXN000002462,A00000531,C000244,2026-07-24 00:49:55,RTGS,Mobile App,DEBIT,86136.2,INR,,SUCCESS,REF647403478
TXN000002463,A00000384,C000033,2026-08-21 13:12:33,CASH_DEPOSIT,Branch,DEBIT,9641.32,INR,,SUCCESS,REF112544885
TXN000002464,A00000406,C000424,2026-08-28 23:38:31,CASH_DEPOSIT,UPI,CREDIT,4372.3,INR,,SUCCESS,REF924003591
TXN000002465,A00000038,C000093,2026-07-15 10:50:15,CASH_DEPOSIT,ATM,CREDIT,6480.01,INR,,SUCCESS,REF419806433
TXN000002466,A00000582,C000440,2026-08-05 21:14:50,CASH_DEPOSIT,Internet Banking,DEBIT,2503.8,INR,,SUCCESS,REF101041182
TXN000002467,A00000237,C000363,2026-07-10 17:06:04,POS,ATM,DEBIT,1892.73,INR,IRCTC,SUCCESS,REF478461422
TXN000002468,A00000580,C000338,2026-08-13 16:05:03,CASH_DEPOSIT,Internet Banking,DEBIT,2458.03,INR,,SUCCESS,REF545207886
TXN000002469,A00000234,C000394,2026-07-19 00:15:46,ATM_WITHDRAWAL,Mobile App,DEBIT,18380.6,INR,,SUCCESS,REF898970116
TXN000002470,A00000293,C000414,2026-08-19 23:46:19,CASH_DEPOSIT,Internet Banking,DEBIT,3654.82,INR,,SUCCESS,REF162500157
TXN000002471,A00000526,C000360,2026-08-17 03:18:52,CASH_WITHDRAWAL,Branch,DEBIT,1544.72,INR,,SUCCESS,REF602235036
TXN000002472,A00000209,C000103,2026-07-15 06:06:26,CASH_DEPOSIT,Internet Banking,CREDIT,6731.24,INR,,SUCCESS,REF595214336
TXN000002473,A00000210,C000416,2026-08-16 07:26:44,IMPS,Internet Banking,CREDIT,1741.62,INR,,SUCCESS,REF329595074
TXN000002474,A00000613,C000046,2026-07-26 00:11:06,NEFT,Branch,DEBIT,4289.54,INR,,SUCCESS,REF111141705
TXN000002475,A00000310,C000285,2026-08-16 00:50:02,CASH_DEPOSIT,Corporate Banking,CREDIT,3993.49,INR,,SUCCESS,REF900887616
TXN000002476,A00000158,C000174,2026-08-29 16:17:05,CASH_DEPOSIT,UPI,DEBIT,3129.94,INR,,SUCCESS,REF652008564
TXN000002477,A00000366,C000260,2026-07-18 03:19:35,POS,ATM,CREDIT,6319.5,INR,Flipkart,SUCCESS,REF761811571
TXN000002478,A00000024,C000496,2026-07-19 23:55:05,RTGS,Corporate Banking,DEBIT,463305.72,INR,,SUCCESS,REF700465575
TXN000002479,A00000111,C000190,2026-08-18 17:52:15,UPI,Mobile App,DEBIT,2891.36,INR,Ola,SUCCESS,REF717024006
TXN000002480,A00000308,C000115,2026-08-14 08:30:45,ATM_WITHDRAWAL,UPI,CREDIT,15959.11,INR,,SUCCESS,REF161159674
TXN000002481,A00000334,C000146,2026-08-06 01:05:31,IMPS,Corporate Banking,DEBIT,5036.68,INR,,SUCCESS,REF470194526
TXN000002482,A00000090,C000264,2026-07-20 16:21:38,RTGS,ATM,DEBIT,409481.42,INR,,SUCCESS,REF909227228
TXN000002483,A00000553,C000327,2026-08-22 09:36:46,RTGS,Internet Banking,DEBIT,173047.51,INR,,SUCCESS,REF533015041
TXN000002484,A00000521,C000470,2026-08-02 01:28:38,POS,ATM,DEBIT,6208.75,INR,Airtel,SUCCESS,REF357422785
TXN000002485,A00000047,C000099,2026-08-21 22:08:45,CASH_DEPOSIT,Corporate Banking,DEBIT,2840.17,INR,,SUCCESS,REF338683516
TXN000002486,A00000306,C000355,2026-08-08 12:00:50,RTGS,Mobile App,DEBIT,287775.37,INR,,SUCCESS,REF209653681
TXN000002487,A00000365,C000073,2026-07-16 18:21:53,CASH_DEPOSIT,ATM,DEBIT,370.33,INR,,SUCCESS,REF686157422
TXN000002488,A00000047,C000099,2026-08-09 10:35:07,RTGS,ATM,CREDIT,189653.61,INR,,SUCCESS,REF421752044
TXN000002489,A00000602,C000022,2026-07-26 09:27:00,UPI,ATM,DEBIT,2158.78,INR,BookMyShow,SUCCESS,REF725818523
TXN000002490,A00000126,C000053,2026-07-12 06:27:34,NEFT,Branch,DEBIT,4288.99,INR,,SUCCESS,REF910201295
TXN000002491,A00000244,C000466,2026-07-23 20:04:13,CASH_DEPOSIT,ATM,DEBIT,7002.59,INR,,SUCCESS,REF785939036
TXN000002492,A00000046,C000267,2026-07-20 04:27:52,UPI,Internet Banking,DEBIT,7888.9,INR,BigBasket,SUCCESS,REF240683954
TXN000002493,A00000557,C000248,2026-08-12 14:36:12,CASH_DEPOSIT,Branch,DEBIT,7160.76,INR,,SUCCESS,REF653648045
TXN000002494,A00000322,C000231,2026-08-19 00:56:36,POS,Mobile App,DEBIT,7504.62,INR,MakeMyTrip,SUCCESS,REF656905080
TXN000002495,A00000012,C000441,2026-08-26 01:08:05,NEFT,Branch,DEBIT,9915.61,INR,,SUCCESS,REF970425349
TXN000002496,A00000363,C000176,2026-08-28 13:38:43,CASH_WITHDRAWAL,UPI,DEBIT,11068.56,INR,,SUCCESS,REF802308332
TXN000002497,A00000093,C000349,2026-07-08 06:54:23,ATM_WITHDRAWAL,ATM,DEBIT,15529.14,INR,,SUCCESS,REF482511553
TXN000002498,A00000345,C000328,2026-08-12 21:35:40,NEFT,Mobile App,CREDIT,5777.09,INR,,SUCCESS,REF187492688
TXN000002499,A00000514,C000083,2026-08-01 02:47:46,CASH_DEPOSIT,ATM,DEBIT,7959.79,INR,,SUCCESS,REF789353414
TXN000002500,A00000319,C000472,2026-07-14 05:55:56,IMPS,UPI,DEBIT,5994.58,INR,,SUCCESS,REF853761074
TXN000002501,A00000104,C000277,2026-08-31 21:31:02,CASH_DEPOSIT,Mobile App,DEBIT,883.11,INR,,SUCCESS,REF179699319
TXN000002502,A00000200,C000064,2026-07-09 01:31:56,ATM_WITHDRAWAL,UPI,DEBIT,3682.27,INR,,SUCCESS,REF156008652
TXN000002503,A00000219,C000236,2026-08-29 17:09:19,CASH_WITHDRAWAL,ATM,DEBIT,1924.31,INR,,SUCCESS,REF474474509
TXN000002504,A00000395,C000109,2026-07-17 19:41:37,IMPS,Branch,CREDIT,7177.66,INR,,SUCCESS,REF173329348
TXN000002505,A00000186,C000026,2026-08-17 04:46:50,CASH_DEPOSIT,Corporate Banking,DEBIT,7900.48,INR,,SUCCESS,REF163936558
TXN000002506,A00000398,C000034,2026-07-28 11:34:41,POS,ATM,DEBIT,9434.77,INR,Myntra,SUCCESS,REF695247365
TXN000002507,A00000442,C000463,2026-07-05 19:44:06,UPI,Branch,DEBIT,8323.05,INR,IRCTC,SUCCESS,REF862845891
TXN000002508,A00000236,C000401,2026-07-23 21:15:08,RTGS,Corporate Banking,CREDIT,131949.34,INR,,SUCCESS,REF245661713
TXN000002509,A00000061,C000495,2026-07-15 04:11:16,CASH_DEPOSIT,Internet Banking,DEBIT,7890.9,INR,,SUCCESS,REF695896117
TXN000002510,A00000518,C000479,2026-08-26 21:12:52,NEFT,Corporate Banking,CREDIT,8465.89,INR,,SUCCESS,REF712806514
TXN000002511,A00000415,C000063,2026-07-23 01:07:22,UPI,Internet Banking,DEBIT,9670.52,INR,Swiggy,SUCCESS,REF910175127
TXN000002512,A00000051,C000031,2026-07-08 14:44:37,RTGS,Internet Banking,DEBIT,52648.6,INR,,FAILED,REF697856723
TXN000002513,A00000014,C000394,2026-07-27 01:32:50,ATM_WITHDRAWAL,UPI,DEBIT,16026.81,INR,,SUCCESS,REF636401866
TXN000002514,A00000105,C000486,2026-08-23 08:35:44,ATM_WITHDRAWAL,Internet Banking,CREDIT,15601.2,INR,,SUCCESS,REF383051320
TXN000002515,A00000288,C000345,2026-07-26 00:25:14,POS,UPI,DEBIT,346.88,INR,Croma,SUCCESS,REF988731573
TXN000002516,A00000135,C000088,2026-08-08 20:17:52,CASH_WITHDRAWAL,Mobile App,DEBIT,8268.31,INR,,SUCCESS,REF143617098
TXN000002517,A00000499,C000298,2026-07-06 11:06:23,ATM_WITHDRAWAL,Mobile App,DEBIT,19664.64,INR,,SUCCESS,REF485566418
TXN000002518,A00000466,C000500,2026-08-24 06:56:13,CASH_WITHDRAWAL,Corporate Banking,DEBIT,3993.26,INR,,SUCCESS,REF908258396
TXN000002519,A00000400,C000480,2026-08-21 12:34:31,NEFT,Mobile App,DEBIT,8787.47,INR,,SUCCESS,REF406758462
TXN000002520,A00000508,C000123,2026-08-10 14:35:40,IMPS,Branch,CREDIT,5268.14,INR,,REVERSED,REF821872403
TXN000002521,A00000385,C000341,2026-07-01 04:54:22,POS,Corporate Banking,CREDIT,5845.38,INR,IRCTC,SUCCESS,REF578878525
TXN000002522,A00000398,C000034,2026-07-25 14:05:17,NEFT,Mobile App,CREDIT,1253.55,INR,,SUCCESS,REF924626933
TXN000002523,A00000195,C000364,2026-08-21 14:33:51,ATM_WITHDRAWAL,UPI,CREDIT,2985.76,INR,,SUCCESS,REF149362922
TXN000002524,A00000128,C000420,2026-07-11 18:07:06,CASH_DEPOSIT,Corporate Banking,CREDIT,3727.3,INR,,SUCCESS,REF417132220
TXN000002525,A00000046,C000267,2026-07-24 18:06:14,IMPS,Mobile App,DEBIT,675.91,INR,,SUCCESS,REF258395879
TXN000002526,A00000331,C000473,2026-08-31 07:23:37,IMPS,Internet Banking,DEBIT,2771.49,INR,,SUCCESS,REF897544900
TXN000002527,A00000400,C000480,2026-07-21 19:01:22,UPI,UPI,DEBIT,56.84,INR,Uber,SUCCESS,REF585992944
TXN000002528,A00000185,C000202,2026-08-24 02:03:34,NEFT,Internet Banking,DEBIT,3651.56,INR,,SUCCESS,REF486526151
TXN000002529,A00000234,C000394,2026-07-06 06:51:36,POS,Corporate Banking,DEBIT,2032.22,INR,Croma,SUCCESS,REF544216553
TXN000002530,A00000018,C000343,2026-08-23 22:42:26,POS,Mobile App,DEBIT,6145.56,INR,IRCTC,SUCCESS,REF236231393
TXN000002531,A00000127,C000426,2026-08-26 05:20:52,UPI,UPI,DEBIT,6065.09,INR,DMart,SUCCESS,REF342902722
TXN000002532,A00000112,C000045,2026-07-05 10:13:56,ATM_WITHDRAWAL,Branch,CREDIT,12993.17,INR,,SUCCESS,REF384798407
TXN000002533,A00000202,C000347,2026-08-18 19:48:22,CASH_WITHDRAWAL,Mobile App,DEBIT,9893.41,INR,,SUCCESS,REF259544612
TXN000002534,A00000099,C000249,2026-08-03 05:21:43,NEFT,Mobile App,DEBIT,4299.49,INR,,SUCCESS,REF768628497
TXN000002535,A00000580,C000338,2026-08-11 00:33:50,NEFT,Branch,CREDIT,5047.37,INR,,SUCCESS,REF433646237
TXN000002536,A00000167,C000015,2026-07-30 18:54:28,CASH_DEPOSIT,UPI,CREDIT,3470.85,INR,,SUCCESS,REF829374234
TXN000002537,A00000341,C000376,2026-07-29 10:16:33,POS,Internet Banking,DEBIT,5064.15,INR,Ola,SUCCESS,REF854058242
TXN000002538,A00000308,C000115,2026-08-18 17:59:08,IMPS,Corporate Banking,DEBIT,1994.45,INR,,SUCCESS,REF417213020
TXN000002539,A00000191,C000241,2026-07-13 11:54:12,IMPS,Branch,DEBIT,6411.98,INR,,SUCCESS,REF665203355
TXN000002540,A00000571,C000019,2026-07-22 01:40:37,IMPS,Mobile App,DEBIT,5557.71,INR,,SUCCESS,REF347391500
TXN000002541,A00000568,C000388,2026-07-31 05:46:59,IMPS,Branch,DEBIT,5132.3,INR,,SUCCESS,REF607681366
TXN000002542,A00000446,C000206,2026-08-15 01:36:41,CASH_DEPOSIT,UPI,DEBIT,9155.06,INR,,SUCCESS,REF631656723
TXN000002543,A00000307,C000215,2026-08-22 18:13:28,POS,ATM,DEBIT,7082.35,INR,IRCTC,SUCCESS,REF607491231
TXN000002544,A00000321,C000152,2026-07-14 14:12:01,RTGS,UPI,DEBIT,428901.76,INR,,SUCCESS,REF210297928
TXN000002545,A00000381,C000096,2026-07-07 23:54:30,IMPS,Corporate Banking,DEBIT,3991.52,INR,,SUCCESS,REF417327495
TXN000002546,A00000085,C000386,2026-07-01 23:08:25,ATM_WITHDRAWAL,Branch,DEBIT,5634.9,INR,,SUCCESS,REF187638308
TXN000002547,A00000285,C000349,2026-08-25 21:45:15,ATM_WITHDRAWAL,ATM,DEBIT,12022.18,INR,,SUCCESS,REF595382400
TXN000002548,A00000320,C000157,2026-08-08 22:17:39,ATM_WITHDRAWAL,ATM,DEBIT,4663.9,INR,,SUCCESS,REF833929537
TXN000002549,A00000372,C000007,2026-07-18 21:08:24,RTGS,ATM,DEBIT,159367.52,INR,,SUCCESS,REF760634809
TXN000002550,A00000479,C000332,2026-08-18 01:39:51,UPI,Corporate Banking,DEBIT,967.74,INR,Apollo Pharmacy,SUCCESS,REF423763147
TXN000002551,A00000615,C000236,2026-08-14 12:57:34,CASH_WITHDRAWAL,UPI,CREDIT,14373.07,INR,,SUCCESS,REF887763282
TXN000002552,A00000544,C000402,2026-07-31 18:37:54,NEFT,ATM,DEBIT,8386.8,INR,,FAILED,REF968654917
TXN000002553,A00000134,C000292,2026-08-07 05:35:12,NEFT,ATM,DEBIT,3695.24,INR,,SUCCESS,REF569337854
TXN000002554,A00000225,C000249,2026-07-19 21:14:23,IMPS,Branch,DEBIT,4935.89,INR,,SUCCESS,REF271989948
TXN000002555,A00000172,C000487,2026-08-08 11:42:18,IMPS,Internet Banking,DEBIT,2329.66,INR,,FAILED,REF571342498
TXN000002556,A00000015,C000167,2026-07-20 19:07:40,ATM_WITHDRAWAL,Mobile App,CREDIT,13872.37,INR,,SUCCESS,REF432488404
TXN000002557,A00000471,C000133,2026-07-01 16:42:47,CASH_WITHDRAWAL,Branch,DEBIT,10179.21,INR,,SUCCESS,REF541447586
TXN000002558,A00000362,C000163,2026-08-13 16:21:28,CASH_DEPOSIT,ATM,DEBIT,174.59,INR,,SUCCESS,REF690154576
TXN000002559,A00000159,C000431,2026-07-12 23:29:03,NEFT,UPI,DEBIT,8661.29,INR,,SUCCESS,REF990125039
TXN000002560,A00000218,C000133,2026-08-04 06:00:31,CASH_DEPOSIT,ATM,DEBIT,8658.86,INR,,SUCCESS,REF243519877
TXN000002561,A00000437,C000157,2026-07-14 07:11:34,ATM_WITHDRAWAL,Branch,DEBIT,4702.13,INR,,SUCCESS,REF486711539
TXN000002562,A00000601,C000136,2026-08-12 01:20:08,CASH_DEPOSIT,ATM,CREDIT,5720.71,INR,,SUCCESS,REF526374925
TXN000002563,A00000034,C000384,2026-07-07 06:36:56,ATM_WITHDRAWAL,Mobile App,DEBIT,19776.47,INR,,SUCCESS,REF384137747
TXN000002564,A00000211,C000347,2026-08-16 10:05:22,POS,UPI,DEBIT,5234.46,INR,Zomato,FAILED,REF806332960
TXN000002565,A00000317,C000261,2026-07-10 09:31:00,CASH_DEPOSIT,Mobile App,DEBIT,3547.27,INR,,SUCCESS,REF517469349
TXN000002566,A00000241,C000488,2026-08-18 00:41:27,CASH_WITHDRAWAL,Internet Banking,DEBIT,2222.79,INR,,SUCCESS,REF371034200
TXN000002567,A00000641,C000039,2026-07-27 12:18:28,NEFT,UPI,DEBIT,877.48,INR,,FAILED,REF892542863
TXN000002568,A00000566,C000169,2026-07-17 06:04:38,POS,Branch,DEBIT,5748.53,INR,MakeMyTrip,SUCCESS,REF311885296
TXN000002569,A00000107,C000461,2026-08-28 14:20:26,RTGS,Internet Banking,CREDIT,234550.93,INR,,SUCCESS,REF529227326
TXN000002570,A00000473,C000329,2026-07-31 17:46:18,CASH_DEPOSIT,Internet Banking,DEBIT,5220.68,INR,,SUCCESS,REF700221041
TXN000002571,A00000436,C000409,2026-08-19 11:14:08,NEFT,Branch,CREDIT,2125.76,INR,,SUCCESS,REF739537062
TXN000002572,A00000075,C000023,2026-08-22 20:13:17,POS,Branch,DEBIT,2239.59,INR,Myntra,SUCCESS,REF627624766
TXN000002573,A00000134,C000292,2026-08-13 17:50:26,RTGS,ATM,DEBIT,323119.45,INR,,SUCCESS,REF129601357
TXN000002574,A00000034,C000384,2026-07-15 22:12:06,NEFT,Branch,DEBIT,796.21,INR,,SUCCESS,REF100239019
TXN000002575,A00000316,C000028,2026-07-17 18:10:56,ATM_WITHDRAWAL,UPI,DEBIT,4376.79,INR,,SUCCESS,REF380835568
TXN000002576,A00000600,C000106,2026-08-25 19:05:57,UPI,ATM,DEBIT,915.96,INR,Uber,SUCCESS,REF984026840
TXN000002577,A00000257,C000263,2026-08-23 22:53:43,CASH_WITHDRAWAL,Corporate Banking,DEBIT,861.69,INR,,SUCCESS,REF616692710
TXN000002578,A00000230,C000335,2026-08-09 20:50:11,UPI,ATM,CREDIT,3845.13,INR,Reliance Digital,SUCCESS,REF294891906
TXN000002579,A00000038,C000093,2026-08-21 06:35:53,CASH_DEPOSIT,Mobile App,CREDIT,1225.81,INR,,SUCCESS,REF428084661
TXN000002580,A00000230,C000335,2026-08-02 14:05:18,IMPS,UPI,CREDIT,618.49,INR,,REVERSED,REF386643311
TXN000002581,A00000372,C000007,2026-08-11 13:15:14,CASH_WITHDRAWAL,Internet Banking,CREDIT,16962.88,INR,,SUCCESS,REF268530002
TXN000002582,A00000501,C000486,2026-07-22 11:13:23,CASH_WITHDRAWAL,Corporate Banking,DEBIT,2754.81,INR,,SUCCESS,REF600948661
TXN000002583,A00000512,C000414,2026-08-23 15:03:45,RTGS,Branch,CREDIT,132299.28,INR,,SUCCESS,REF536262277
TXN000002584,A00000521,C000470,2026-07-03 19:04:08,CASH_DEPOSIT,Internet Banking,CREDIT,7555.53,INR,,SUCCESS,REF472340272
TXN000002585,A00000513,C000041,2026-07-31 21:31:24,CASH_DEPOSIT,Internet Banking,DEBIT,9863.79,INR,,FAILED,REF308893586
TXN000002586,A00000421,C000045,2026-07-11 13:55:58,ATM_WITHDRAWAL,Mobile App,DEBIT,10175.59,INR,,SUCCESS,REF629134219
TXN000002587,A00000435,C000028,2026-08-21 09:36:21,POS,Corporate Banking,DEBIT,5965.55,INR,Croma,SUCCESS,REF896089979
TXN000002588,A00000397,C000070,2026-08-22 21:14:23,CASH_DEPOSIT,Corporate Banking,DEBIT,6209.25,INR,,FAILED,REF899488361
TXN000002589,A00000081,C000045,2026-08-10 08:41:15,POS,Internet Banking,CREDIT,3568.15,INR,DMart,SUCCESS,REF795542553
TXN000002590,A00000037,C000310,2026-08-19 13:16:21,IMPS,Mobile App,CREDIT,2569.22,INR,,SUCCESS,REF744798912
TXN000002591,A00000006,C000491,2026-08-09 14:30:14,ATM_WITHDRAWAL,Internet Banking,DEBIT,15086.72,INR,,SUCCESS,REF377775138
TXN000002592,A00000341,C000376,2026-08-21 12:43:16,UPI,Internet Banking,DEBIT,2408.38,INR,MakeMyTrip,SUCCESS,REF502221001
TXN000002593,A00000236,C000401,2026-08-29 14:40:10,RTGS,UPI,DEBIT,290155.08,INR,,SUCCESS,REF751935848
TXN000002594,A00000124,C000410,2026-08-17 19:06:34,RTGS,Branch,DEBIT,220898.69,INR,,SUCCESS,REF131327015
TXN000002595,A00000487,C000040,2026-08-21 10:00:23,RTGS,Branch,DEBIT,74913.16,INR,,SUCCESS,REF514812057
TXN000002596,A00000224,C000434,2026-08-15 09:22:39,IMPS,Branch,DEBIT,8117.44,INR,,SUCCESS,REF961318748
TXN000002597,A00000145,C000322,2026-07-15 19:24:16,CASH_DEPOSIT,ATM,CREDIT,3641.59,INR,,SUCCESS,REF412836142
TXN000002598,A00000405,C000245,2026-08-14 14:20:54,CASH_WITHDRAWAL,ATM,DEBIT,8827.3,INR,,SUCCESS,REF246555638
TXN000002599,A00000498,C000361,2026-07-31 09:37:42,RTGS,Branch,DEBIT,306669.35,INR,,SUCCESS,REF940266957
TXN000002600,A00000055,C000245,2026-08-26 03:13:57,ATM_WITHDRAWAL,Branch,DEBIT,1861.41,INR,,SUCCESS,REF568377604
TXN000002601,A00000046,C000267,2026-08-25 21:42:41,CASH_WITHDRAWAL,Internet Banking,DEBIT,2648.41,INR,,SUCCESS,REF655928004
TXN000002602,A00000269,C000441,2026-07-13 18:52:23,CASH_WITHDRAWAL,Mobile App,DEBIT,12860.03,INR,,SUCCESS,REF123330203
TXN000002603,A00000438,C000374,2026-07-14 11:42:10,NEFT,ATM,DEBIT,2672.68,INR,,SUCCESS,REF607942616
TXN000002604,A00000541,C000045,2026-08-21 12:31:20,RTGS,Corporate Banking,DEBIT,60317.1,INR,,SUCCESS,REF299425517
TXN000002605,A00000479,C000332,2026-08-25 19:13:07,UPI,ATM,DEBIT,7275.68,INR,Ola,SUCCESS,REF164921188
TXN000002606,A00000493,C000171,2026-08-28 19:43:28,NEFT,Corporate Banking,DEBIT,6383.26,INR,,FAILED,REF743938244
TXN000002607,A00000187,C000061,2026-07-07 07:57:08,RTGS,UPI,DEBIT,229607.07,INR,,SUCCESS,REF628264075
TXN000002608,A00000473,C000329,2026-08-03 10:50:06,ATM_WITHDRAWAL,Corporate Banking,DEBIT,13069.85,INR,,SUCCESS,REF322373442
TXN000002609,A00000255,C000266,2026-07-01 12:10:39,CASH_WITHDRAWAL,Corporate Banking,DEBIT,10260.7,INR,,SUCCESS,REF171015321
TXN000002610,A00000046,C000267,2026-07-24 04:20:11,CASH_DEPOSIT,Branch,CREDIT,8457.97,INR,,SUCCESS,REF632530820
TXN000002611,A00000037,C000310,2026-08-13 23:30:05,CASH_WITHDRAWAL,Internet Banking,CREDIT,15346.36,INR,,SUCCESS,REF388734130
TXN000002612,A00000525,C000394,2026-08-03 12:47:21,RTGS,ATM,DEBIT,152599.11,INR,,SUCCESS,REF452792099
TXN000002613,A00000292,C000453,2026-08-26 09:33:02,UPI,UPI,DEBIT,8686.37,INR,MakeMyTrip,SUCCESS,REF162014741
TXN000002614,A00000630,C000179,2026-08-25 16:26:43,UPI,UPI,DEBIT,1931.97,INR,Uber,SUCCESS,REF375230991
TXN000002615,A00000252,C000294,2026-08-17 18:54:20,NEFT,Internet Banking,DEBIT,4308.83,INR,,FAILED,REF386851441
TXN000002616,A00000043,C000148,2026-08-07 07:51:00,POS,Branch,DEBIT,9965.33,INR,Myntra,FAILED,REF136157527
TXN000002617,A00000473,C000329,2026-08-24 12:27:43,POS,Mobile App,CREDIT,4385.35,INR,Flipkart,SUCCESS,REF488268310
TXN000002618,A00000163,C000452,2026-08-27 04:44:42,RTGS,UPI,CREDIT,342038.12,INR,,SUCCESS,REF335090262
TXN000002619,A00000022,C000229,2026-07-23 14:32:49,IMPS,Internet Banking,DEBIT,9107.03,INR,,FAILED,REF362879029
TXN000002620,A00000031,C000239,2026-08-21 12:51:37,CASH_WITHDRAWAL,Internet Banking,DEBIT,12066.79,INR,,SUCCESS,REF832954777
TXN000002621,A00000475,C000422,2026-07-10 22:51:47,RTGS,UPI,DEBIT,61590.2,INR,,SUCCESS,REF699605554
TXN000002622,A00000335,C000088,2026-07-09 07:17:57,UPI,Branch,DEBIT,268.82,INR,Flipkart,SUCCESS,REF843961183
TXN000002623,A00000394,C000448,2026-07-04 10:57:26,IMPS,UPI,DEBIT,8087.09,INR,,SUCCESS,REF134931693
TXN000002624,A00000581,C000240,2026-08-31 12:37:08,RTGS,Internet Banking,DEBIT,75162.08,INR,,SUCCESS,REF333554434
TXN000002625,A00000529,C000042,2026-08-22 17:40:24,POS,UPI,CREDIT,4462.48,INR,BigBasket,SUCCESS,REF664181770
TXN000002626,A00000154,C000339,2026-08-13 11:55:15,ATM_WITHDRAWAL,Mobile App,DEBIT,6925.41,INR,,SUCCESS,REF190887647
TXN000002627,A00000549,C000259,2026-08-25 06:50:14,IMPS,UPI,DEBIT,4885.89,INR,,SUCCESS,REF394729041
TXN000002628,A00000135,C000088,2026-07-07 18:21:58,POS,Internet Banking,DEBIT,8687.33,INR,Jio,SUCCESS,REF601478147
TXN000002629,A00000429,C000162,2026-07-22 21:32:41,NEFT,Branch,DEBIT,3398.61,INR,,SUCCESS,REF651153844
TXN000002630,A00000127,C000426,2026-08-24 22:35:40,CASH_DEPOSIT,Internet Banking,DEBIT,7292.91,INR,,SUCCESS,REF638812207
TXN000002631,A00000465,C000155,2026-08-21 12:19:38,CASH_DEPOSIT,Branch,DEBIT,1077.98,INR,,SUCCESS,REF402499831
TXN000002632,A00000600,C000106,2026-08-24 11:50:42,NEFT,Corporate Banking,DEBIT,8853.51,INR,,SUCCESS,REF246276162
TXN000002633,A00000262,C000244,2026-07-16 12:06:13,ATM_WITHDRAWAL,Branch,CREDIT,6164.38,INR,,FAILED,REF543426711
TXN000002634,A00000610,C000155,2026-07-23 21:53:38,POS,Corporate Banking,DEBIT,3499.36,INR,Jio,SUCCESS,REF645786731
TXN000002635,A00000524,C000329,2026-08-02 04:52:57,NEFT,Corporate Banking,DEBIT,8595.09,INR,,SUCCESS,REF933185188
TXN000002636,A00000338,C000235,2026-08-10 18:04:57,ATM_WITHDRAWAL,ATM,DEBIT,16809.1,INR,,SUCCESS,REF293187264
TXN000002637,A00000379,C000417,2026-07-14 18:43:32,ATM_WITHDRAWAL,ATM,DEBIT,2790.7,INR,,SUCCESS,REF890983504
TXN000002638,A00000601,C000136,2026-07-03 00:37:11,RTGS,ATM,DEBIT,261471.72,INR,,SUCCESS,REF455337604
TXN000002639,A00000373,C000197,2026-08-14 15:08:53,ATM_WITHDRAWAL,ATM,DEBIT,6555.52,INR,,FAILED,REF213304238
TXN000002640,A00000447,C000211,2026-08-13 20:31:17,CASH_DEPOSIT,Internet Banking,CREDIT,1369.09,INR,,SUCCESS,REF624607651
TXN000002641,A00000121,C000075,2026-08-07 08:02:46,IMPS,Internet Banking,DEBIT,3332.43,INR,,FAILED,REF933785479
TXN000002642,A00000462,C000170,2026-08-09 00:45:29,CASH_DEPOSIT,ATM,DEBIT,4495.18,INR,,SUCCESS,REF266284636
TXN000002643,A00000157,C000166,2026-07-24 07:11:06,CASH_WITHDRAWAL,Branch,DEBIT,9912.17,INR,,SUCCESS,REF221521510
TXN000002644,A00000643,C000134,2026-08-29 23:11:28,RTGS,Branch,DEBIT,273396.38,INR,,SUCCESS,REF491418650
TXN000002645,A00000345,C000328,2026-08-09 12:14:27,RTGS,Internet Banking,CREDIT,208936.49,INR,,SUCCESS,REF232098182
TXN000002646,A00000435,C000028,2026-08-29 23:57:28,RTGS,ATM,CREDIT,407449.4,INR,,SUCCESS,REF157948254
TXN000002647,A00000574,C000015,2026-07-20 21:08:11,POS,Branch,DEBIT,7598.34,INR,Croma,SUCCESS,REF870452025
TXN000002648,A00000053,C000330,2026-07-24 12:00:05,ATM_WITHDRAWAL,Corporate Banking,CREDIT,9736.16,INR,,SUCCESS,REF922441905
TXN000002649,A00000163,C000452,2026-08-07 16:37:52,NEFT,UPI,DEBIT,6276.18,INR,,SUCCESS,REF696987577
TXN000002650,A00000393,C000402,2026-08-09 08:49:54,UPI,Branch,CREDIT,7795.44,INR,Flipkart,SUCCESS,REF655826000
TXN000002651,A00000519,C000396,2026-07-02 03:12:13,POS,Branch,DEBIT,6479.99,INR,Jio,SUCCESS,REF692563694
TXN000002652,A00000202,C000347,2026-07-24 07:26:58,NEFT,Mobile App,DEBIT,973.7,INR,,SUCCESS,REF406054504
TXN000002653,A00000050,C000395,2026-07-13 08:38:31,UPI,Corporate Banking,DEBIT,6130.34,INR,Ola,SUCCESS,REF730754081
TXN000002654,A00000044,C000327,2026-08-12 08:35:59,IMPS,UPI,CREDIT,9100.99,INR,,SUCCESS,REF803175580
TXN000002655,A00000065,C000206,2026-08-30 16:22:35,RTGS,UPI,DEBIT,177496.96,INR,,SUCCESS,REF542611549
TXN000002656,A00000464,C000301,2026-08-17 09:56:18,CASH_DEPOSIT,Mobile App,DEBIT,4071.6,INR,,SUCCESS,REF421024800
TXN000002657,A00000525,C000394,2026-07-12 14:44:12,NEFT,ATM,DEBIT,1896.66,INR,,SUCCESS,REF259879402
TXN000002658,A00000423,C000338,2026-07-30 23:36:06,ATM_WITHDRAWAL,UPI,DEBIT,1084.73,INR,,SUCCESS,REF921395107
TXN000002659,A00000171,C000204,2026-07-16 16:06:18,CASH_WITHDRAWAL,UPI,DEBIT,8964.83,INR,,SUCCESS,REF833472359
TXN000002660,A00000563,C000181,2026-07-18 22:11:13,CASH_WITHDRAWAL,UPI,DEBIT,17167.38,INR,,SUCCESS,REF665297712
TXN000002661,A00000457,C000476,2026-08-30 09:21:57,NEFT,ATM,DEBIT,3094.26,INR,,REVERSED,REF710998453
TXN000002662,A00000632,C000054,2026-08-21 11:54:25,POS,Internet Banking,CREDIT,2530.75,INR,Uber,SUCCESS,REF254804294
TXN000002663,A00000201,C000300,2026-07-25 21:14:19,ATM_WITHDRAWAL,Branch,CREDIT,3475.63,INR,,SUCCESS,REF732594903
TXN000002664,A00000398,C000034,2026-08-21 18:54:33,CASH_DEPOSIT,Branch,DEBIT,4212.08,INR,,SUCCESS,REF677430958
TXN000002665,A00000187,C000061,2026-08-20 05:18:42,IMPS,Mobile App,DEBIT,5786.56,INR,,SUCCESS,REF701493999
TXN000002666,A00000503,C000486,2026-07-04 08:14:55,IMPS,ATM,DEBIT,1898.1,INR,,SUCCESS,REF859138222
TXN000002667,A00000572,C000141,2026-08-15 02:20:30,ATM_WITHDRAWAL,Mobile App,CREDIT,8042.72,INR,,SUCCESS,REF422983306
TXN000002668,A00000534,C000256,2026-07-16 01:52:24,POS,Internet Banking,DEBIT,4982.94,INR,Airtel,SUCCESS,REF837108808
TXN000002669,A00000334,C000146,2026-08-12 13:32:17,CASH_WITHDRAWAL,ATM,CREDIT,13208.66,INR,,SUCCESS,REF102285964
TXN000002670,A00000056,C000419,2026-08-24 04:47:50,POS,ATM,CREDIT,3406.38,INR,Ola,SUCCESS,REF374285474
TXN000002671,A00000617,C000028,2026-07-15 06:01:46,ATM_WITHDRAWAL,ATM,DEBIT,8577.51,INR,,SUCCESS,REF215288636
TXN000002672,A00000262,C000244,2026-08-26 09:08:59,CASH_DEPOSIT,Internet Banking,DEBIT,3583.56,INR,,SUCCESS,REF413360097
TXN000002673,A00000155,C000059,2026-08-02 15:42:10,NEFT,ATM,DEBIT,9807.82,INR,,SUCCESS,REF207107884
TXN000002674,A00000378,C000338,2026-07-21 03:00:55,IMPS,Corporate Banking,DEBIT,554.56,INR,,SUCCESS,REF666593475
TXN000002675,A00000356,C000454,2026-07-27 13:37:09,UPI,Corporate Banking,DEBIT,8054.44,INR,Reliance Digital,SUCCESS,REF687691267
TXN000002676,A00000328,C000214,2026-08-10 09:34:46,UPI,Mobile App,DEBIT,5457.06,INR,Myntra,SUCCESS,REF637627113
TXN000002677,A00000488,C000220,2026-07-14 06:46:41,CASH_DEPOSIT,ATM,DEBIT,4137.03,INR,,SUCCESS,REF238358840
TXN000002678,A00000213,C000463,2026-07-03 18:24:04,RTGS,UPI,DEBIT,50703.73,INR,,SUCCESS,REF627277622
TXN000002679,A00000045,C000131,2026-07-09 21:57:34,UPI,Branch,DEBIT,3668.12,INR,Jio,SUCCESS,REF802564151
TXN000002680,A00000303,C000076,2026-08-08 00:45:43,CASH_DEPOSIT,Internet Banking,DEBIT,3650.4,INR,,SUCCESS,REF855152413
TXN000002681,A00000185,C000202,2026-07-28 03:29:01,POS,Branch,DEBIT,6183.39,INR,BigBasket,SUCCESS,REF640951336
TXN000002682,A00000199,C000021,2026-08-25 00:13:37,UPI,Corporate Banking,CREDIT,3155.51,INR,MakeMyTrip,SUCCESS,REF896729389
TXN000002683,A00000376,C000131,2026-07-28 02:47:47,NEFT,Branch,DEBIT,2247.21,INR,,SUCCESS,REF250252624
TXN000002684,A00000112,C000045,2026-07-30 10:28:03,CASH_DEPOSIT,Internet Banking,DEBIT,5520.11,INR,,SUCCESS,REF218359728
TXN000002685,A00000290,C000315,2026-07-03 10:19:08,CASH_WITHDRAWAL,Mobile App,DEBIT,16770.27,INR,,SUCCESS,REF576171971
TXN000002686,A00000289,C000439,2026-07-28 14:58:21,RTGS,Internet Banking,CREDIT,130826.85,INR,,SUCCESS,REF288477998
TXN000002687,A00000227,C000481,2026-08-31 12:57:15,RTGS,Internet Banking,DEBIT,456947.68,INR,,SUCCESS,REF256278597
TXN000002688,A00000257,C000263,2026-07-27 16:38:07,CASH_WITHDRAWAL,Mobile App,DEBIT,7098.26,INR,,SUCCESS,REF535061395
TXN000002689,A00000645,C000178,2026-08-16 11:26:07,CASH_WITHDRAWAL,Branch,DEBIT,3307.48,INR,,SUCCESS,REF482516958
TXN000002690,A00000448,C000457,2026-07-21 16:50:02,CASH_WITHDRAWAL,Branch,DEBIT,11791.42,INR,,FAILED,REF189366559
TXN000002691,A00000536,C000357,2026-07-30 21:48:09,NEFT,Mobile App,DEBIT,8501.45,INR,,FAILED,REF491889389
TXN000002692,A00000193,C000481,2026-07-02 22:55:28,RTGS,Internet Banking,DEBIT,463569.51,INR,,SUCCESS,REF888208090
TXN000002693,A00000597,C000235,2026-08-25 15:14:27,POS,Internet Banking,CREDIT,9684.76,INR,Flipkart,SUCCESS,REF724575950
TXN000002694,A00000304,C000348,2026-08-03 08:16:19,RTGS,Branch,DEBIT,98722.85,INR,,SUCCESS,REF525142516
TXN000002695,A00000272,C000458,2026-08-20 12:10:21,CASH_DEPOSIT,Corporate Banking,DEBIT,7511.27,INR,,SUCCESS,REF715830727
TXN000002696,A00000026,C000431,2026-07-20 02:30:20,IMPS,Corporate Banking,DEBIT,7221.4,INR,,SUCCESS,REF427256677
TXN000002697,A00000558,C000266,2026-07-07 01:49:00,UPI,UPI,DEBIT,7801.63,INR,BigBasket,SUCCESS,REF931816413
TXN000002698,A00000374,C000189,2026-08-18 08:40:10,RTGS,Branch,DEBIT,237491.42,INR,,SUCCESS,REF929192880
TXN000002699,A00000378,C000338,2026-07-04 00:06:19,ATM_WITHDRAWAL,UPI,DEBIT,14160.87,INR,,SUCCESS,REF927928911
TXN000002700,A00000270,C000074,2026-08-10 23:32:52,RTGS,Mobile App,DEBIT,252037.99,INR,,SUCCESS,REF111514805
TXN000002701,A00000277,C000001,2026-07-22 22:39:39,CASH_WITHDRAWAL,Mobile App,DEBIT,16468.84,INR,,SUCCESS,REF773865523
TXN000002702,A00000579,C000165,2026-08-24 19:37:37,CASH_WITHDRAWAL,Internet Banking,CREDIT,13017.9,INR,,SUCCESS,REF587493113
TXN000002703,A00000388,C000234,2026-07-07 17:58:14,CASH_WITHDRAWAL,Corporate Banking,DEBIT,7414.82,INR,,FAILED,REF931323870
TXN000002704,A00000577,C000299,2026-07-04 12:38:23,RTGS,Corporate Banking,DEBIT,365650.21,INR,,SUCCESS,REF733144678
TXN000002705,A00000086,C000047,2026-08-05 06:53:19,CASH_DEPOSIT,Mobile App,DEBIT,6085.43,INR,,SUCCESS,REF327506939
TXN000002706,A00000385,C000341,2026-08-08 09:22:57,ATM_WITHDRAWAL,Corporate Banking,DEBIT,1044.63,INR,,SUCCESS,REF476223587
TXN000002707,A00000645,C000178,2026-08-22 05:26:01,ATM_WITHDRAWAL,Corporate Banking,DEBIT,17467.21,INR,,SUCCESS,REF495790176
TXN000002708,A00000479,C000332,2026-08-24 13:54:55,UPI,Internet Banking,DEBIT,6656.27,INR,DMart,SUCCESS,REF113260679
TXN000002709,A00000481,C000057,2026-08-11 06:38:12,POS,ATM,DEBIT,4282.52,INR,Myntra,SUCCESS,REF916137131
TXN000002710,A00000132,C000342,2026-08-22 02:21:40,CASH_DEPOSIT,Branch,CREDIT,7886.98,INR,,SUCCESS,REF121439797
TXN000002711,A00000121,C000075,2026-08-26 08:01:12,UPI,ATM,DEBIT,9899.1,INR,Swiggy,SUCCESS,REF713934809
TXN000002712,A00000004,C000012,2026-07-04 01:47:01,NEFT,Mobile App,DEBIT,6554.12,INR,,SUCCESS,REF536171464
TXN000002713,A00000173,C000413,2026-08-24 19:04:26,UPI,ATM,CREDIT,3480.02,INR,MakeMyTrip,SUCCESS,REF942774345
TXN000002714,A00000051,C000031,2026-08-07 16:53:56,NEFT,Mobile App,CREDIT,2811.43,INR,,SUCCESS,REF207971947
TXN000002715,A00000108,C000229,2026-08-11 21:50:29,POS,ATM,DEBIT,4296.68,INR,Ola,SUCCESS,REF627053793
TXN000002716,A00000461,C000187,2026-07-24 14:12:43,RTGS,Corporate Banking,DEBIT,482789.79,INR,,REVERSED,REF977714632
TXN000002717,A00000172,C000487,2026-08-25 04:22:25,IMPS,Mobile App,DEBIT,417.34,INR,,SUCCESS,REF883115248
TXN000002718,A00000583,C000469,2026-08-20 22:12:09,CASH_WITHDRAWAL,Mobile App,DEBIT,14746.84,INR,,SUCCESS,REF632564240
TXN000002719,A00000366,C000260,2026-08-17 09:40:23,NEFT,Corporate Banking,CREDIT,4272.94,INR,,SUCCESS,REF303084010
TXN000002720,A00000372,C000007,2026-08-16 04:06:51,NEFT,ATM,CREDIT,5532.42,INR,,SUCCESS,REF582404928
TXN000002721,A00000289,C000439,2026-08-25 22:21:46,CASH_WITHDRAWAL,UPI,DEBIT,5155.78,INR,,SUCCESS,REF429525932
TXN000002722,A00000222,C000086,2026-08-07 17:06:01,RTGS,Branch,DEBIT,321984.71,INR,,SUCCESS,REF930025272
TXN000002723,A00000037,C000310,2026-07-04 13:50:02,NEFT,Internet Banking,CREDIT,6135.76,INR,,SUCCESS,REF232165502
TXN000002724,A00000153,C000179,2026-07-08 21:01:11,CASH_DEPOSIT,Branch,CREDIT,8108.07,INR,,FAILED,REF717612016
TXN000002725,A00000194,C000203,2026-07-14 22:49:57,RTGS,Branch,DEBIT,355209.72,INR,,SUCCESS,REF613667541
TXN000002726,A00000571,C000019,2026-08-03 04:49:40,RTGS,UPI,CREDIT,338627.35,INR,,SUCCESS,REF352782162
TXN000002727,A00000338,C000235,2026-08-14 06:15:00,POS,Branch,DEBIT,1820.46,INR,DMart,SUCCESS,REF627163953
TXN000002728,A00000260,C000480,2026-08-05 05:44:22,CASH_WITHDRAWAL,ATM,DEBIT,2717.86,INR,,SUCCESS,REF495555571
TXN000002729,A00000126,C000053,2026-08-21 04:38:36,CASH_WITHDRAWAL,Mobile App,DEBIT,19484.31,INR,,SUCCESS,REF792337041
TXN000002730,A00000472,C000274,2026-08-29 00:17:38,CASH_DEPOSIT,Mobile App,DEBIT,3389.69,INR,,SUCCESS,REF970929323
TXN000002731,A00000450,C000462,2026-08-11 23:36:23,POS,Branch,DEBIT,8373.15,INR,Airtel,FAILED,REF843805880
TXN000002732,A00000507,C000218,2026-07-30 10:56:47,CASH_WITHDRAWAL,Mobile App,DEBIT,11469.61,INR,,FAILED,REF818674008
TXN000002733,A00000309,C000414,2026-07-23 09:00:58,RTGS,UPI,DEBIT,193669.17,INR,,SUCCESS,REF454791630
TXN000002734,A00000507,C000218,2026-08-07 05:07:24,POS,ATM,DEBIT,364.99,INR,Flipkart,SUCCESS,REF653588249
TXN000002735,A00000036,C000436,2026-07-24 16:24:35,RTGS,Corporate Banking,DEBIT,365823.27,INR,,REVERSED,REF300202710
TXN000002736,A00000627,C000200,2026-07-27 19:30:33,ATM_WITHDRAWAL,ATM,CREDIT,11744.05,INR,,FAILED,REF966065767
TXN000002737,A00000534,C000256,2026-07-26 20:50:55,POS,Internet Banking,DEBIT,3278.91,INR,DMart,SUCCESS,REF213983200
TXN000002738,A00000062,C000019,2026-07-10 17:43:23,NEFT,Corporate Banking,CREDIT,205.63,INR,,SUCCESS,REF307179976
TXN000002739,A00000358,C000163,2026-08-28 00:03:03,ATM_WITHDRAWAL,Branch,DEBIT,3429.95,INR,,SUCCESS,REF787597007
TXN000002740,A00000630,C000179,2026-08-30 22:39:45,CASH_DEPOSIT,Corporate Banking,DEBIT,6132.39,INR,,SUCCESS,REF267099517
TXN000002741,A00000643,C000134,2026-07-21 07:39:03,RTGS,UPI,DEBIT,487008.77,INR,,SUCCESS,REF780925120
TXN000002742,A00000080,C000113,2026-08-15 18:11:08,NEFT,Branch,DEBIT,937.07,INR,,SUCCESS,REF496673828
TXN000002743,A00000406,C000424,2026-08-25 15:00:06,UPI,Internet Banking,DEBIT,6448.11,INR,Uber,SUCCESS,REF993535472
TXN000002744,A00000343,C000466,2026-07-11 00:07:05,POS,Mobile App,DEBIT,2874.13,INR,Reliance Digital,SUCCESS,REF369144601
TXN000002745,A00000399,C000414,2026-07-16 20:44:20,IMPS,Internet Banking,DEBIT,1483.66,INR,,SUCCESS,REF189507147
TXN000002746,A00000456,C000097,2026-07-25 13:56:43,RTGS,Branch,DEBIT,153083.25,INR,,SUCCESS,REF378301046
TXN000002747,A00000484,C000137,2026-07-04 15:11:12,UPI,Branch,DEBIT,7221.39,INR,Croma,SUCCESS,REF182669263
TXN000002748,A00000053,C000330,2026-07-07 14:14:33,CASH_WITHDRAWAL,Mobile App,DEBIT,15588.92,INR,,SUCCESS,REF378913646
TXN000002749,A00000648,C000247,2026-07-01 06:12:22,NEFT,Mobile App,DEBIT,7415.12,INR,,SUCCESS,REF623561345
TXN000002750,A00000347,C000125,2026-08-02 01:30:53,CASH_DEPOSIT,UPI,DEBIT,720.38,INR,,SUCCESS,REF813455874
TXN000002751,A00000088,C000238,2026-07-13 07:56:57,POS,Corporate Banking,DEBIT,2734.64,INR,Ola,SUCCESS,REF884711188
TXN000002752,A00000013,C000233,2026-08-30 21:44:46,IMPS,Branch,DEBIT,5202.99,INR,,FAILED,REF848014095
TXN000002753,A00000328,C000214,2026-08-09 03:36:03,NEFT,Corporate Banking,DEBIT,4420.49,INR,,SUCCESS,REF689274093
TXN000002754,A00000175,C000127,2026-07-12 11:04:08,UPI,UPI,DEBIT,7053.7,INR,Myntra,SUCCESS,REF728027650
TXN000002755,A00000119,C000497,2026-07-11 20:46:07,NEFT,UPI,DEBIT,6521.58,INR,,SUCCESS,REF411592551
TXN000002756,A00000113,C000374,2026-08-22 18:41:10,ATM_WITHDRAWAL,Internet Banking,CREDIT,2139.77,INR,,FAILED,REF723930869
TXN000002757,A00000195,C000364,2026-07-11 15:00:26,NEFT,Internet Banking,DEBIT,2880.87,INR,,SUCCESS,REF229607386
TXN000002758,A00000167,C000015,2026-07-20 01:33:50,UPI,Mobile App,DEBIT,1125.32,INR,Croma,SUCCESS,REF853595916
TXN000002759,A00000315,C000126,2026-08-02 18:41:44,CASH_DEPOSIT,UPI,CREDIT,6201.79,INR,,SUCCESS,REF770274012
TXN000002760,A00000305,C000500,2026-07-10 16:52:12,NEFT,Mobile App,DEBIT,6925.77,INR,,SUCCESS,REF514018850
TXN000002761,A00000469,C000197,2026-08-30 03:42:20,POS,ATM,DEBIT,9496.77,INR,DMart,SUCCESS,REF719242078
TXN000002762,A00000127,C000426,2026-07-10 04:08:20,POS,UPI,DEBIT,1954.32,INR,Zomato,SUCCESS,REF166181491
TXN000002763,A00000530,C000095,2026-07-14 03:43:34,POS,Internet Banking,CREDIT,8832.56,INR,Decathlon,SUCCESS,REF353212548
TXN000002764,A00000297,C000034,2026-08-29 00:27:01,IMPS,Corporate Banking,DEBIT,5454.29,INR,,SUCCESS,REF880103135
TXN000002765,A00000258,C000190,2026-07-26 17:21:10,CASH_DEPOSIT,Branch,DEBIT,1782.85,INR,,REVERSED,REF269756860
TXN000002766,A00000011,C000050,2026-08-29 09:12:59,IMPS,Mobile App,DEBIT,3165.69,INR,,SUCCESS,REF573532393
TXN000002767,A00000041,C000027,2026-08-19 04:54:04,CASH_WITHDRAWAL,UPI,DEBIT,1077.94,INR,,SUCCESS,REF781268277
TXN000002768,A00000605,C000021,2026-07-28 14:23:11,CASH_WITHDRAWAL,ATM,DEBIT,18243.61,INR,,SUCCESS,REF678833462
TXN000002769,A00000512,C000414,2026-07-29 23:40:34,CASH_WITHDRAWAL,Internet Banking,DEBIT,1963.26,INR,,SUCCESS,REF838894581
TXN000002770,A00000054,C000328,2026-07-14 01:18:11,UPI,Internet Banking,DEBIT,2448.96,INR,Amazon,SUCCESS,REF974429055
TXN000002771,A00000613,C000046,2026-08-21 16:49:08,CASH_WITHDRAWAL,Mobile App,DEBIT,3320.5,INR,,SUCCESS,REF564136259
TXN000002772,A00000355,C000008,2026-08-21 19:21:50,ATM_WITHDRAWAL,UPI,DEBIT,9018.93,INR,,SUCCESS,REF621190094
TXN000002773,A00000445,C000264,2026-07-12 07:59:34,RTGS,UPI,DEBIT,193578.18,INR,,SUCCESS,REF281740991
TXN000002774,A00000524,C000329,2026-08-12 22:48:44,RTGS,Mobile App,CREDIT,341646.89,INR,,SUCCESS,REF557928695
TXN000002775,A00000529,C000042,2026-08-17 01:26:47,UPI,Internet Banking,DEBIT,4807.14,INR,Reliance Digital,SUCCESS,REF590279385
TXN000002776,A00000237,C000363,2026-08-08 13:22:11,NEFT,UPI,DEBIT,5234.59,INR,,SUCCESS,REF186590357
TXN000002777,A00000437,C000157,2026-08-11 06:57:36,IMPS,Internet Banking,DEBIT,6760.9,INR,,SUCCESS,REF602059410
TXN000002778,A00000059,C000250,2026-07-31 23:51:50,POS,Branch,CREDIT,118.02,INR,MakeMyTrip,SUCCESS,REF876545398
TXN000002779,A00000572,C000141,2026-08-09 22:16:50,ATM_WITHDRAWAL,ATM,DEBIT,13343.14,INR,,SUCCESS,REF589699949
TXN000002780,A00000387,C000162,2026-07-27 04:33:36,CASH_DEPOSIT,Branch,DEBIT,7058.28,INR,,SUCCESS,REF112331653
TXN000002781,A00000334,C000146,2026-08-19 09:21:52,POS,UPI,DEBIT,775.95,INR,Jio,SUCCESS,REF283947982
TXN000002782,A00000167,C000015,2026-07-22 03:40:14,POS,Mobile App,DEBIT,5847.85,INR,Flipkart,SUCCESS,REF757488292
TXN000002783,A00000069,C000455,2026-08-07 15:03:14,POS,Mobile App,DEBIT,2976.75,INR,Zomato,FAILED,REF855913529
TXN000002784,A00000102,C000355,2026-08-01 11:14:11,UPI,Internet Banking,DEBIT,5986.67,INR,Reliance Digital,FAILED,REF966173516
TXN000002785,A00000440,C000098,2026-08-08 00:21:26,RTGS,Internet Banking,DEBIT,209966.77,INR,,SUCCESS,REF627460969
TXN000002786,A00000244,C000466,2026-07-10 08:38:17,CASH_WITHDRAWAL,Internet Banking,DEBIT,18159.39,INR,,SUCCESS,REF853833853
TXN000002787,A00000499,C000298,2026-08-15 07:14:06,CASH_WITHDRAWAL,Corporate Banking,DEBIT,19176.87,INR,,SUCCESS,REF986413028
TXN000002788,A00000559,C000071,2026-07-06 16:04:08,NEFT,Branch,DEBIT,1442.28,INR,,SUCCESS,REF429861475
TXN000002789,A00000454,C000043,2026-08-31 04:22:09,POS,Branch,DEBIT,8779.39,INR,BookMyShow,SUCCESS,REF724213556
TXN000002790,A00000434,C000245,2026-08-22 07:55:02,RTGS,Branch,DEBIT,274119.7,INR,,SUCCESS,REF321023843
TXN000002791,A00000245,C000320,2026-08-04 18:20:43,NEFT,ATM,DEBIT,8981.77,INR,,FAILED,REF157808297
TXN000002792,A00000443,C000254,2026-08-07 09:26:42,POS,Corporate Banking,DEBIT,7825.62,INR,Amazon,SUCCESS,REF671818122
TXN000002793,A00000098,C000011,2026-07-27 10:50:38,UPI,UPI,DEBIT,2472.37,INR,Swiggy,SUCCESS,REF147816294
TXN000002794,A00000133,C000180,2026-07-20 02:45:35,NEFT,Corporate Banking,DEBIT,5032.96,INR,,SUCCESS,REF193677417
TXN000002795,A00000459,C000057,2026-07-17 15:23:18,UPI,Branch,CREDIT,1390.42,INR,Decathlon,SUCCESS,REF578475560
TXN000002796,A00000648,C000247,2026-08-06 22:05:05,RTGS,UPI,CREDIT,78903.89,INR,,SUCCESS,REF111537391
TXN000002797,A00000215,C000182,2026-07-18 06:50:03,IMPS,Corporate Banking,DEBIT,9628.32,INR,,SUCCESS,REF374676923
TXN000002798,A00000219,C000236,2026-07-03 14:58:37,RTGS,Internet Banking,DEBIT,108369.18,INR,,SUCCESS,REF964136241
TXN000002799,A00000022,C000229,2026-07-01 22:54:05,ATM_WITHDRAWAL,Internet Banking,DEBIT,537.91,INR,,SUCCESS,REF351698946
TXN000002800,A00000345,C000328,2026-08-17 16:34:25,POS,UPI,DEBIT,3372.88,INR,IRCTC,SUCCESS,REF607190882
TXN000002801,A00000151,C000241,2026-08-08 13:00:37,IMPS,ATM,CREDIT,6806.2,INR,,SUCCESS,REF191360845
TXN000002802,A00000501,C000486,2026-07-05 19:01:55,CASH_DEPOSIT,UPI,CREDIT,7959.36,INR,,SUCCESS,REF983873553
TXN000002803,A00000465,C000155,2026-08-28 13:30:36,CASH_WITHDRAWAL,Branch,DEBIT,14843.22,INR,,SUCCESS,REF598988532
TXN000002804,A00000079,C000172,2026-08-08 19:33:11,IMPS,Branch,DEBIT,7908.85,INR,,SUCCESS,REF790655491
TXN000002805,A00000165,C000383,2026-07-31 08:11:08,UPI,Branch,DEBIT,2813.46,INR,Jio,SUCCESS,REF371562918
TXN000002806,A00000327,C000388,2026-07-27 18:33:41,POS,Branch,CREDIT,7405.68,INR,Reliance Digital,SUCCESS,REF678264665
TXN000002807,A00000569,C000141,2026-08-07 23:55:56,UPI,ATM,DEBIT,5011.38,INR,Flipkart,SUCCESS,REF780410450
TXN000002808,A00000110,C000163,2026-08-21 11:36:51,POS,UPI,DEBIT,8769.91,INR,BigBasket,FAILED,REF213862879
TXN000002809,A00000553,C000327,2026-07-26 05:06:17,POS,Branch,DEBIT,2422.34,INR,DMart,SUCCESS,REF745265870
TXN000002810,A00000196,C000383,2026-08-13 20:31:04,RTGS,Internet Banking,DEBIT,251626.23,INR,,SUCCESS,REF540854929
TXN000002811,A00000234,C000394,2026-08-27 16:36:20,POS,Branch,DEBIT,8482.03,INR,Flipkart,SUCCESS,REF781705243
TXN000002812,A00000077,C000193,2026-08-05 23:54:38,POS,Internet Banking,DEBIT,2012.34,INR,Flipkart,SUCCESS,REF471906932
TXN000002813,A00000368,C000487,2026-08-18 07:58:30,POS,Corporate Banking,DEBIT,7203.94,INR,DMart,SUCCESS,REF915314833
TXN000002814,A00000037,C000310,2026-08-15 21:36:28,CASH_WITHDRAWAL,Corporate Banking,CREDIT,18408.69,INR,,SUCCESS,REF850055508
TXN000002815,A00000516,C000199,2026-08-27 04:55:50,IMPS,Branch,DEBIT,6461.23,INR,,SUCCESS,REF589123637
TXN000002816,A00000144,C000249,2026-07-02 22:31:14,UPI,Internet Banking,CREDIT,9259.39,INR,Swiggy,REVERSED,REF939978716
TXN000002817,A00000178,C000475,2026-07-24 17:54:18,ATM_WITHDRAWAL,UPI,DEBIT,13917.61,INR,,SUCCESS,REF400098667
TXN000002818,A00000098,C000011,2026-07-20 20:05:45,UPI,ATM,CREDIT,9528.01,INR,MakeMyTrip,SUCCESS,REF549294939
TXN000002819,A00000264,C000277,2026-08-19 10:38:38,ATM_WITHDRAWAL,Internet Banking,CREDIT,8951.37,INR,,SUCCESS,REF377842707
TXN000002820,A00000577,C000299,2026-07-08 00:34:14,CASH_DEPOSIT,Branch,CREDIT,4726.69,INR,,SUCCESS,REF114795883
TXN000002821,A00000237,C000363,2026-07-04 10:23:10,RTGS,Corporate Banking,DEBIT,258459.78,INR,,SUCCESS,REF910371776
TXN000002822,A00000030,C000189,2026-07-25 15:24:22,CASH_WITHDRAWAL,UPI,CREDIT,6505.18,INR,,SUCCESS,REF375272009
TXN000002823,A00000616,C000290,2026-08-10 02:04:37,UPI,Internet Banking,DEBIT,7559.89,INR,Croma,REVERSED,REF961998885
TXN000002824,A00000476,C000485,2026-08-02 21:28:37,CASH_WITHDRAWAL,UPI,DEBIT,17627.83,INR,,SUCCESS,REF715909450
TXN000002825,A00000165,C000383,2026-08-03 04:24:47,ATM_WITHDRAWAL,Branch,DEBIT,6008.94,INR,,SUCCESS,REF649388145
TXN000002826,A00000437,C000157,2026-08-22 09:37:20,ATM_WITHDRAWAL,Internet Banking,CREDIT,5325.48,INR,,SUCCESS,REF204042745
TXN000002827,A00000523,C000292,2026-07-24 21:39:05,NEFT,Branch,CREDIT,1702.21,INR,,SUCCESS,REF363851115
TXN000002828,A00000278,C000129,2026-07-13 05:37:38,RTGS,Internet Banking,CREDIT,257132.37,INR,,SUCCESS,REF603580776
TXN000002829,A00000304,C000348,2026-08-20 12:02:12,UPI,Mobile App,CREDIT,9726.42,INR,IRCTC,SUCCESS,REF797291819
TXN000002830,A00000159,C000431,2026-07-17 03:58:35,RTGS,Corporate Banking,DEBIT,419728.56,INR,,SUCCESS,REF997613018
TXN000002831,A00000028,C000116,2026-07-01 17:47:48,IMPS,Branch,DEBIT,326.29,INR,,SUCCESS,REF797519047
TXN000002832,A00000598,C000248,2026-08-25 04:40:55,RTGS,Mobile App,DEBIT,64871.86,INR,,FAILED,REF432099732
TXN000002833,A00000272,C000458,2026-07-28 15:56:15,IMPS,Corporate Banking,DEBIT,6484.95,INR,,SUCCESS,REF492492796
TXN000002834,A00000205,C000145,2026-07-28 04:21:58,ATM_WITHDRAWAL,Branch,CREDIT,6661.28,INR,,SUCCESS,REF835963489
TXN000002835,A00000321,C000152,2026-08-20 03:06:16,ATM_WITHDRAWAL,UPI,DEBIT,3262.55,INR,,SUCCESS,REF453744688
TXN000002836,A00000323,C000227,2026-08-26 11:31:54,RTGS,UPI,DEBIT,398290.55,INR,,SUCCESS,REF236636228
TXN000002837,A00000640,C000115,2026-07-07 09:49:11,POS,UPI,DEBIT,647.26,INR,Flipkart,SUCCESS,REF305625712
TXN000002838,A00000137,C000064,2026-07-15 12:39:48,RTGS,UPI,DEBIT,216697.15,INR,,SUCCESS,REF819045286
TXN000002839,A00000644,C000474,2026-07-11 18:29:42,POS,UPI,DEBIT,8765.16,INR,Airtel,SUCCESS,REF965290981
TXN000002840,A00000508,C000123,2026-08-01 18:30:47,POS,Branch,CREDIT,503.43,INR,BigBasket,SUCCESS,REF946497861
TXN000002841,A00000302,C000160,2026-07-18 17:14:04,IMPS,ATM,CREDIT,3613.38,INR,,SUCCESS,REF406310864
TXN000002842,A00000281,C000169,2026-08-07 08:55:49,CASH_DEPOSIT,Branch,DEBIT,2682.21,INR,,SUCCESS,REF966222423
TXN000002843,A00000055,C000245,2026-07-25 20:41:28,UPI,UPI,DEBIT,4375.87,INR,Uber,SUCCESS,REF566422980
TXN000002844,A00000129,C000456,2026-07-14 18:05:21,CASH_WITHDRAWAL,ATM,DEBIT,7617.62,INR,,SUCCESS,REF975716657
TXN000002845,A00000576,C000136,2026-08-25 10:34:04,POS,Corporate Banking,CREDIT,9036.96,INR,Amazon,SUCCESS,REF250016290
TXN000002846,A00000125,C000007,2026-07-17 00:53:12,UPI,ATM,DEBIT,8865.23,INR,Jio,SUCCESS,REF480349173
TXN000002847,A00000203,C000429,2026-08-18 15:48:23,CASH_DEPOSIT,Branch,DEBIT,483.06,INR,,SUCCESS,REF778855209
TXN000002848,A00000259,C000079,2026-07-26 04:57:15,CASH_WITHDRAWAL,Internet Banking,DEBIT,11491.49,INR,,SUCCESS,REF418524165
TXN000002849,A00000207,C000199,2026-08-19 02:04:01,NEFT,Mobile App,DEBIT,6872.09,INR,,SUCCESS,REF796949508
TXN000002850,A00000237,C000363,2026-08-02 19:20:20,ATM_WITHDRAWAL,Internet Banking,DEBIT,12875.12,INR,,FAILED,REF593845193
TXN000002851,A00000571,C000019,2026-08-29 08:50:23,POS,ATM,DEBIT,1595.18,INR,MakeMyTrip,SUCCESS,REF384107070
TXN000002852,A00000584,C000097,2026-07-22 11:09:06,CASH_DEPOSIT,UPI,DEBIT,7272.79,INR,,SUCCESS,REF480146630
TXN000002853,A00000468,C000490,2026-08-16 07:01:42,NEFT,Corporate Banking,DEBIT,1774.34,INR,,SUCCESS,REF409126907
TXN000002854,A00000148,C000280,2026-07-09 05:16:54,CASH_WITHDRAWAL,Corporate Banking,DEBIT,10817.13,INR,,FAILED,REF273303427
TXN000002855,A00000219,C000236,2026-07-09 17:19:23,RTGS,ATM,DEBIT,349547.23,INR,,SUCCESS,REF975852578
TXN000002856,A00000278,C000129,2026-07-18 01:28:19,UPI,Internet Banking,CREDIT,7676.13,INR,Airtel,SUCCESS,REF206621623
TXN000002857,A00000083,C000485,2026-07-15 18:22:24,IMPS,Branch,DEBIT,5546.69,INR,,FAILED,REF476040516
TXN000002858,A00000007,C000483,2026-08-21 04:46:44,IMPS,UPI,DEBIT,7088.13,INR,,SUCCESS,REF932090768
TXN000002859,A00000299,C000451,2026-07-11 19:08:49,POS,Corporate Banking,DEBIT,5897.24,INR,BookMyShow,SUCCESS,REF550970468
TXN000002860,A00000503,C000486,2026-08-09 07:39:10,CASH_WITHDRAWAL,Internet Banking,DEBIT,4059.93,INR,,SUCCESS,REF907462968
TXN000002861,A00000235,C000343,2026-08-15 16:02:12,CASH_WITHDRAWAL,UPI,DEBIT,15856.97,INR,,SUCCESS,REF926498375
TXN000002862,A00000593,C000073,2026-08-31 12:33:02,IMPS,Branch,DEBIT,844.13,INR,,SUCCESS,REF507329799
TXN000002863,A00000002,C000347,2026-07-17 07:03:09,CASH_WITHDRAWAL,Corporate Banking,DEBIT,3720.11,INR,,FAILED,REF848299458
TXN000002864,A00000535,C000325,2026-08-06 13:55:55,CASH_DEPOSIT,Internet Banking,DEBIT,9566.31,INR,,SUCCESS,REF173318519
TXN000002865,A00000370,C000276,2026-07-08 00:57:33,POS,Internet Banking,DEBIT,4790.21,INR,Amazon,SUCCESS,REF700685813
TXN000002866,A00000200,C000064,2026-07-15 01:06:14,NEFT,Corporate Banking,DEBIT,5583.33,INR,,SUCCESS,REF768615591
TXN000002867,A00000215,C000182,2026-08-27 08:17:29,RTGS,Branch,DEBIT,432495.96,INR,,SUCCESS,REF306985266
TXN000002868,A00000282,C000285,2026-08-03 12:22:29,NEFT,Branch,DEBIT,7433.66,INR,,SUCCESS,REF587337603
TXN000002869,A00000383,C000226,2026-07-27 19:48:37,UPI,Corporate Banking,DEBIT,5278.58,INR,Amazon,SUCCESS,REF606880055
TXN000002870,A00000155,C000059,2026-08-11 22:52:26,IMPS,ATM,DEBIT,323.82,INR,,SUCCESS,REF908714831
TXN000002871,A00000125,C000007,2026-08-11 11:46:22,ATM_WITHDRAWAL,UPI,CREDIT,5283.56,INR,,SUCCESS,REF241094925
TXN000002872,A00000241,C000488,2026-08-09 22:42:47,RTGS,UPI,CREDIT,197533.63,INR,,FAILED,REF223467212
TXN000002873,A00000472,C000274,2026-08-09 01:04:33,POS,Mobile App,DEBIT,4482.52,INR,BigBasket,SUCCESS,REF691415195
TXN000002874,A00000539,C000268,2026-08-25 00:06:36,UPI,UPI,DEBIT,7953.94,INR,Swiggy,SUCCESS,REF112656455
TXN000002875,A00000174,C000210,2026-07-02 01:42:50,ATM_WITHDRAWAL,ATM,CREDIT,4810.18,INR,,SUCCESS,REF475324928
TXN000002876,A00000529,C000042,2026-07-22 00:10:40,CASH_WITHDRAWAL,UPI,DEBIT,13814.05,INR,,SUCCESS,REF204116448
TXN000002877,A00000311,C000102,2026-08-09 15:56:15,POS,Mobile App,DEBIT,478.79,INR,Uber,SUCCESS,REF412746309
TXN000002878,A00000403,C000162,2026-08-02 15:37:42,IMPS,Internet Banking,DEBIT,4480.86,INR,,SUCCESS,REF234045909
TXN000002879,A00000295,C000123,2026-08-20 08:13:37,IMPS,Corporate Banking,DEBIT,441.63,INR,,SUCCESS,REF447841565
TXN000002880,A00000048,C000337,2026-08-01 14:03:22,ATM_WITHDRAWAL,Internet Banking,DEBIT,3351.61,INR,,FAILED,REF749371281
TXN000002881,A00000207,C000199,2026-08-28 13:45:00,ATM_WITHDRAWAL,ATM,DEBIT,15790.18,INR,,FAILED,REF574185635
TXN000002882,A00000570,C000146,2026-08-17 13:06:13,CASH_DEPOSIT,UPI,DEBIT,5658.22,INR,,SUCCESS,REF766357953
TXN000002883,A00000078,C000233,2026-08-11 15:54:06,NEFT,ATM,DEBIT,593.28,INR,,FAILED,REF411059680
TXN000002884,A00000094,C000241,2026-07-29 19:35:13,CASH_WITHDRAWAL,UPI,DEBIT,13235.82,INR,,SUCCESS,REF607568065
TXN000002885,A00000054,C000328,2026-07-18 20:56:05,NEFT,Mobile App,DEBIT,9671.8,INR,,SUCCESS,REF385582941
TXN000002886,A00000365,C000073,2026-07-17 08:59:14,IMPS,ATM,DEBIT,9266.71,INR,,SUCCESS,REF102945231
TXN000002887,A00000300,C000056,2026-08-07 07:18:53,UPI,ATM,DEBIT,4850.6,INR,Swiggy,SUCCESS,REF999798660
TXN000002888,A00000458,C000157,2026-08-07 06:29:47,POS,ATM,DEBIT,3969.43,INR,Flipkart,SUCCESS,REF930491573
TXN000002889,A00000226,C000217,2026-07-14 12:27:44,IMPS,ATM,DEBIT,4722.75,INR,,SUCCESS,REF518106663
TXN000002890,A00000496,C000286,2026-07-10 09:04:18,IMPS,Branch,DEBIT,9890.62,INR,,SUCCESS,REF466589935
TXN000002891,A00000469,C000197,2026-07-08 13:22:37,POS,Mobile App,DEBIT,7887.33,INR,Apollo Pharmacy,SUCCESS,REF932786773
TXN000002892,A00000398,C000034,2026-08-07 19:38:53,CASH_DEPOSIT,Corporate Banking,DEBIT,246.22,INR,,SUCCESS,REF458247947
TXN000002893,A00000503,C000486,2026-08-14 07:29:00,RTGS,Branch,DEBIT,322587.02,INR,,FAILED,REF388479818
TXN000002894,A00000075,C000023,2026-08-11 06:52:58,RTGS,Mobile App,DEBIT,232548.04,INR,,SUCCESS,REF675638912
TXN000002895,A00000274,C000325,2026-08-22 01:00:19,CASH_WITHDRAWAL,Corporate Banking,CREDIT,16152.67,INR,,SUCCESS,REF557618251
TXN000002896,A00000046,C000267,2026-08-30 13:44:17,UPI,Branch,DEBIT,5012.26,INR,Reliance Digital,SUCCESS,REF577965139
TXN000002897,A00000033,C000294,2026-08-16 21:31:36,UPI,Branch,CREDIT,7850.14,INR,Apollo Pharmacy,SUCCESS,REF404633158
TXN000002898,A00000202,C000347,2026-07-06 23:11:23,CASH_DEPOSIT,ATM,DEBIT,5620.2,INR,,SUCCESS,REF854340393
TXN000002899,A00000470,C000112,2026-07-06 13:01:35,CASH_DEPOSIT,ATM,CREDIT,1905.26,INR,,SUCCESS,REF993835436
TXN000002900,A00000007,C000483,2026-07-24 18:15:44,POS,ATM,CREDIT,2586.92,INR,Zomato,SUCCESS,REF411889752
TXN000002901,A00000553,C000327,2026-08-01 18:25:09,CASH_WITHDRAWAL,Internet Banking,DEBIT,5844.05,INR,,SUCCESS,REF369179078
TXN000002902,A00000112,C000045,2026-07-17 20:49:27,CASH_WITHDRAWAL,Mobile App,DEBIT,4541.18,INR,,SUCCESS,REF246407881
TXN000002903,A00000210,C000416,2026-08-21 19:05:01,RTGS,Mobile App,DEBIT,313354.04,INR,,SUCCESS,REF943403245
TXN000002904,A00000025,C000280,2026-08-22 04:28:31,UPI,Mobile App,DEBIT,4637.21,INR,Amazon,SUCCESS,REF393243581
TXN000002905,A00000524,C000329,2026-07-30 17:35:04,ATM_WITHDRAWAL,Branch,DEBIT,7346.58,INR,,SUCCESS,REF815921448
TXN000002906,A00000273,C000487,2026-07-30 23:39:44,NEFT,Corporate Banking,CREDIT,7354.18,INR,,SUCCESS,REF418580153
TXN000002907,A00000324,C000330,2026-08-23 08:23:54,CASH_DEPOSIT,UPI,DEBIT,5503.16,INR,,SUCCESS,REF531503961
TXN000002908,A00000318,C000165,2026-07-26 17:53:48,POS,Corporate Banking,CREDIT,4429.7,INR,Uber,FAILED,REF976625997
TXN000002909,A00000486,C000197,2026-08-25 09:09:51,CASH_DEPOSIT,ATM,CREDIT,3879.43,INR,,SUCCESS,REF478803887
TXN000002910,A00000129,C000456,2026-08-17 12:27:09,UPI,Corporate Banking,DEBIT,5026.33,INR,Ola,SUCCESS,REF444300978
TXN000002911,A00000190,C000121,2026-07-04 10:28:05,NEFT,UPI,CREDIT,4935.56,INR,,SUCCESS,REF737034533
TXN000002912,A00000572,C000141,2026-07-20 10:02:39,CASH_WITHDRAWAL,Mobile App,DEBIT,9626.38,INR,,SUCCESS,REF182683475
TXN000002913,A00000568,C000388,2026-07-27 22:06:43,POS,Mobile App,CREDIT,6938.8,INR,Reliance Digital,SUCCESS,REF563635865
TXN000002914,A00000283,C000228,2026-08-21 17:26:17,UPI,Mobile App,DEBIT,663.95,INR,Ola,SUCCESS,REF563633440
TXN000002915,A00000208,C000377,2026-08-21 03:11:37,UPI,Internet Banking,DEBIT,2495.25,INR,Flipkart,SUCCESS,REF684100305
TXN000002916,A00000195,C000364,2026-07-06 03:57:00,RTGS,Branch,DEBIT,58918.19,INR,,SUCCESS,REF530016072
TXN000002917,A00000363,C000176,2026-08-03 18:08:13,ATM_WITHDRAWAL,Internet Banking,DEBIT,6805.97,INR,,SUCCESS,REF410901588
TXN000002918,A00000365,C000073,2026-07-07 12:30:36,IMPS,Branch,DEBIT,5716.66,INR,,SUCCESS,REF753493004
TXN000002919,A00000469,C000197,2026-08-03 07:41:12,ATM_WITHDRAWAL,Internet Banking,DEBIT,14296.47,INR,,FAILED,REF714040889
TXN000002920,A00000560,C000334,2026-08-29 03:14:24,RTGS,Corporate Banking,DEBIT,255324.46,INR,,SUCCESS,REF526722930
TXN000002921,A00000435,C000028,2026-07-16 23:55:20,CASH_DEPOSIT,Mobile App,DEBIT,9735.1,INR,,SUCCESS,REF899454189
TXN000002922,A00000551,C000293,2026-07-05 16:53:34,CASH_DEPOSIT,Corporate Banking,DEBIT,6659.73,INR,,SUCCESS,REF832846759
TXN000002923,A00000397,C000070,2026-08-08 22:22:53,UPI,Corporate Banking,DEBIT,6940.38,INR,Ola,SUCCESS,REF555876655
TXN000002924,A00000618,C000437,2026-08-30 06:07:15,ATM_WITHDRAWAL,UPI,DEBIT,8707.65,INR,,SUCCESS,REF834443628
TXN000002925,A00000550,C000105,2026-07-24 04:15:25,ATM_WITHDRAWAL,ATM,CREDIT,10741.61,INR,,SUCCESS,REF616884793
TXN000002926,A00000579,C000165,2026-08-26 00:08:34,UPI,Mobile App,CREDIT,950.04,INR,Swiggy,SUCCESS,REF162414710
TXN000002927,A00000636,C000045,2026-08-17 04:37:53,POS,Branch,DEBIT,8567.81,INR,Decathlon,FAILED,REF587689850
TXN000002928,A00000163,C000452,2026-07-08 13:18:04,NEFT,Corporate Banking,DEBIT,9155.31,INR,,SUCCESS,REF780657373
TXN000002929,A00000281,C000169,2026-07-25 06:14:41,POS,Internet Banking,DEBIT,7323.55,INR,Ola,SUCCESS,REF261602831
TXN000002930,A00000037,C000310,2026-07-28 14:51:21,NEFT,Mobile App,DEBIT,3937.33,INR,,SUCCESS,REF828118684
TXN000002931,A00000362,C000163,2026-07-19 06:52:01,UPI,Corporate Banking,DEBIT,5243.14,INR,Uber,SUCCESS,REF358323334
TXN000002932,A00000552,C000372,2026-07-01 08:33:24,NEFT,Branch,CREDIT,9546.37,INR,,SUCCESS,REF739198732
TXN000002933,A00000540,C000278,2026-07-11 02:13:53,ATM_WITHDRAWAL,Mobile App,DEBIT,5836.26,INR,,SUCCESS,REF303609850
TXN000002934,A00000355,C000008,2026-07-24 00:31:38,UPI,Corporate Banking,DEBIT,4904.2,INR,Reliance Digital,FAILED,REF653504656
TXN000002935,A00000056,C000419,2026-07-01 11:00:20,CASH_WITHDRAWAL,Mobile App,DEBIT,5667.47,INR,,SUCCESS,REF765436150
TXN000002936,A00000013,C000233,2026-07-12 08:34:41,CASH_WITHDRAWAL,Corporate Banking,DEBIT,13550.86,INR,,SUCCESS,REF359336731
TXN000002937,A00000133,C000180,2026-08-01 15:52:49,CASH_WITHDRAWAL,Internet Banking,DEBIT,13039.85,INR,,SUCCESS,REF527174159
TXN000002938,A00000067,C000357,2026-08-30 08:12:02,CASH_WITHDRAWAL,Internet Banking,DEBIT,7460.87,INR,,SUCCESS,REF214610460
TXN000002939,A00000296,C000321,2026-07-25 14:47:32,CASH_WITHDRAWAL,ATM,DEBIT,4004.63,INR,,SUCCESS,REF833732135
TXN000002940,A00000253,C000422,2026-08-25 04:38:36,RTGS,UPI,DEBIT,309695.34,INR,,SUCCESS,REF859997429
TXN000002941,A00000053,C000330,2026-07-23 02:08:36,IMPS,Corporate Banking,DEBIT,9619.11,INR,,SUCCESS,REF373464167
TXN000002942,A00000228,C000225,2026-07-31 22:31:38,RTGS,Corporate Banking,DEBIT,246498.82,INR,,SUCCESS,REF409260718
TXN000002943,A00000458,C000157,2026-08-23 20:34:11,CASH_WITHDRAWAL,Branch,DEBIT,14244.69,INR,,SUCCESS,REF748188955
TXN000002944,A00000045,C000131,2026-08-08 03:59:31,RTGS,Mobile App,CREDIT,100364.96,INR,,SUCCESS,REF360296921
TXN000002945,A00000581,C000240,2026-08-12 03:11:13,POS,Internet Banking,DEBIT,3184.83,INR,Swiggy,SUCCESS,REF196177466
TXN000002946,A00000432,C000302,2026-07-03 14:15:27,IMPS,Corporate Banking,DEBIT,9831.09,INR,,SUCCESS,REF149239820
TXN000002947,A00000004,C000012,2026-07-17 07:50:57,ATM_WITHDRAWAL,ATM,DEBIT,4197.0,INR,,SUCCESS,REF325770645
TXN000002948,A00000165,C000383,2026-07-17 05:21:54,CASH_DEPOSIT,Mobile App,DEBIT,5902.98,INR,,SUCCESS,REF597559662
TXN000002949,A00000645,C000178,2026-08-26 16:04:19,IMPS,ATM,DEBIT,1693.24,INR,,SUCCESS,REF595870697
TXN000002950,A00000521,C000470,2026-08-02 16:14:23,UPI,UPI,DEBIT,8479.43,INR,MakeMyTrip,SUCCESS,REF745946766
TXN000002951,A00000224,C000434,2026-07-03 00:31:09,RTGS,Branch,DEBIT,217459.85,INR,,SUCCESS,REF814684156
TXN000002952,A00000434,C000245,2026-08-02 15:26:31,RTGS,Corporate Banking,CREDIT,113229.79,INR,,FAILED,REF455092440
TXN000002953,A00000291,C000027,2026-07-27 04:23:26,CASH_DEPOSIT,ATM,DEBIT,3728.28,INR,,SUCCESS,REF431857289
TXN000002954,A00000474,C000136,2026-07-18 15:20:01,UPI,Corporate Banking,DEBIT,2451.23,INR,Reliance Digital,SUCCESS,REF408209058
TXN000002955,A00000388,C000234,2026-08-18 15:02:27,POS,UPI,DEBIT,6502.65,INR,Swiggy,SUCCESS,REF903764993
TXN000002956,A00000421,C000045,2026-08-01 07:25:40,RTGS,Internet Banking,DEBIT,259492.73,INR,,SUCCESS,REF652626491
TXN000002957,A00000376,C000131,2026-08-23 18:11:36,NEFT,ATM,CREDIT,7886.7,INR,,SUCCESS,REF977260812
TXN000002958,A00000580,C000338,2026-07-27 11:54:47,POS,ATM,DEBIT,9135.54,INR,Flipkart,SUCCESS,REF787802110
TXN000002959,A00000235,C000343,2026-07-12 20:43:48,RTGS,ATM,DEBIT,191649.53,INR,,SUCCESS,REF784432700
TXN000002960,A00000144,C000249,2026-07-11 06:41:58,NEFT,Mobile App,DEBIT,136.61,INR,,SUCCESS,REF385148493
TXN000002961,A00000347,C000125,2026-08-07 23:04:46,POS,Internet Banking,DEBIT,4825.57,INR,BookMyShow,SUCCESS,REF346801916
TXN000002962,A00000497,C000498,2026-07-18 02:33:06,CASH_DEPOSIT,Internet Banking,DEBIT,4161.47,INR,,FAILED,REF429515203
TXN000002963,A00000220,C000203,2026-08-24 17:10:48,UPI,Branch,DEBIT,1889.61,INR,Reliance Digital,SUCCESS,REF266704389
TXN000002964,A00000184,C000134,2026-08-09 07:17:35,IMPS,Internet Banking,DEBIT,1262.5,INR,,SUCCESS,REF820666790
TXN000002965,A00000195,C000364,2026-08-10 13:26:42,IMPS,Branch,DEBIT,1703.65,INR,,SUCCESS,REF823388498
TXN000002966,A00000313,C000071,2026-08-05 09:28:38,CASH_DEPOSIT,Branch,CREDIT,8982.81,INR,,SUCCESS,REF826784775
TXN000002967,A00000606,C000339,2026-07-04 19:52:15,POS,ATM,DEBIT,2021.46,INR,Apollo Pharmacy,SUCCESS,REF532583129
TXN000002968,A00000469,C000197,2026-07-29 18:24:53,UPI,Mobile App,DEBIT,550.46,INR,Apollo Pharmacy,SUCCESS,REF521048482
TXN000002969,A00000387,C000162,2026-08-29 00:10:38,ATM_WITHDRAWAL,Corporate Banking,DEBIT,4828.63,INR,,SUCCESS,REF538596358
TXN000002970,A00000518,C000479,2026-08-17 12:57:39,IMPS,Corporate Banking,DEBIT,8794.02,INR,,SUCCESS,REF460122555
TXN000002971,A00000594,C000088,2026-08-10 15:33:10,IMPS,Mobile App,CREDIT,3375.27,INR,,SUCCESS,REF504804531
TXN000002972,A00000390,C000327,2026-08-28 05:11:50,IMPS,Internet Banking,CREDIT,2146.62,INR,,SUCCESS,REF270552732
TXN000002973,A00000500,C000126,2026-08-22 15:01:55,RTGS,UPI,DEBIT,186876.57,INR,,SUCCESS,REF158897124
TXN000002974,A00000277,C000001,2026-08-13 08:46:23,CASH_WITHDRAWAL,Internet Banking,DEBIT,15728.67,INR,,SUCCESS,REF562163847
TXN000002975,A00000427,C000218,2026-07-23 03:38:44,CASH_DEPOSIT,Internet Banking,CREDIT,1098.28,INR,,SUCCESS,REF151751396
TXN000002976,A00000388,C000234,2026-08-22 19:59:05,CASH_DEPOSIT,ATM,CREDIT,1729.62,INR,,FAILED,REF761504340
TXN000002977,A00000174,C000210,2026-07-17 00:41:31,ATM_WITHDRAWAL,Mobile App,DEBIT,12279.38,INR,,SUCCESS,REF558749845
TXN000002978,A00000637,C000271,2026-07-06 08:21:27,POS,Corporate Banking,DEBIT,4200.02,INR,DMart,SUCCESS,REF702848291
TXN000002979,A00000554,C000468,2026-07-07 19:49:23,RTGS,Mobile App,DEBIT,155900.9,INR,,SUCCESS,REF722020936
TXN000002980,A00000196,C000383,2026-08-21 04:55:23,ATM_WITHDRAWAL,Corporate Banking,DEBIT,11919.53,INR,,SUCCESS,REF630251107
TXN000002981,A00000617,C000028,2026-08-21 00:05:09,RTGS,Branch,DEBIT,324464.6,INR,,SUCCESS,REF958777150
TXN000002982,A00000029,C000138,2026-07-07 18:14:49,NEFT,Internet Banking,DEBIT,3886.28,INR,,SUCCESS,REF773432582
TXN000002983,A00000157,C000166,2026-07-14 02:39:53,RTGS,Mobile App,DEBIT,213715.59,INR,,SUCCESS,REF524104374
TXN000002984,A00000223,C000125,2026-07-01 21:36:50,NEFT,UPI,DEBIT,2946.33,INR,,SUCCESS,REF620801420
TXN000002985,A00000047,C000099,2026-08-05 21:39:22,IMPS,ATM,CREDIT,2481.84,INR,,SUCCESS,REF995225644
TXN000002986,A00000116,C000284,2026-08-08 00:39:41,IMPS,Mobile App,DEBIT,6243.13,INR,,SUCCESS,REF590162585
TXN000002987,A00000498,C000361,2026-08-06 00:30:01,POS,Branch,DEBIT,4018.59,INR,Zomato,SUCCESS,REF785964526
TXN000002988,A00000082,C000008,2026-08-31 07:44:21,CASH_WITHDRAWAL,Mobile App,DEBIT,7183.7,INR,,SUCCESS,REF668652793
TXN000002989,A00000245,C000320,2026-08-02 17:30:40,ATM_WITHDRAWAL,Branch,DEBIT,15791.08,INR,,FAILED,REF435669043
TXN000002990,A00000292,C000453,2026-07-08 16:56:14,CASH_WITHDRAWAL,Corporate Banking,DEBIT,12566.73,INR,,SUCCESS,REF840828543
TXN000002991,A00000566,C000169,2026-08-04 06:47:08,CASH_WITHDRAWAL,Branch,DEBIT,9911.34,INR,,SUCCESS,REF769203764
TXN000002992,A00000244,C000466,2026-08-04 07:21:30,UPI,Internet Banking,DEBIT,8617.42,INR,Myntra,SUCCESS,REF280100050
TXN000002993,A00000116,C000284,2026-07-01 00:54:37,CASH_DEPOSIT,Internet Banking,DEBIT,6677.35,INR,,SUCCESS,REF849357980
TXN000002994,A00000078,C000233,2026-07-23 06:48:17,RTGS,Corporate Banking,CREDIT,381212.35,INR,,SUCCESS,REF487562770
TXN000002995,A00000152,C000316,2026-07-06 08:01:07,UPI,Branch,DEBIT,8846.36,INR,Ola,SUCCESS,REF471860844
TXN000002996,A00000298,C000206,2026-08-27 07:49:54,IMPS,Mobile App,CREDIT,5314.86,INR,,SUCCESS,REF128531812
TXN000002997,A00000104,C000277,2026-08-02 04:02:04,NEFT,Branch,CREDIT,4038.87,INR,,REVERSED,REF602813165
TXN000002998,A00000550,C000105,2026-08-30 21:45:55,CASH_DEPOSIT,Branch,DEBIT,7381.71,INR,,SUCCESS,REF457655625
TXN000002999,A00000194,C000203,2026-08-18 06:09:48,CASH_DEPOSIT,ATM,CREDIT,8753.0,INR,,SUCCESS,REF116901189
TXN000003000,A00000175,C000127,2026-08-06 10:52:53,IMPS,Branch,CREDIT,455.92,INR,,SUCCESS,REF462934036
TXN000003001,A00000214,C000263,2026-08-13 00:26:03,UPI,Internet Banking,DEBIT,2864.99,INR,Swiggy,SUCCESS,REF401734219
TXN000003002,A00000077,C000193,2026-07-02 16:17:16,UPI,Internet Banking,DEBIT,6664.2,INR,Amazon,SUCCESS,REF638804287
TXN000003003,A00000328,C000214,2026-07-27 17:49:05,IMPS,ATM,DEBIT,5500.1,INR,,SUCCESS,REF633191561
TXN000003004,A00000517,C000050,2026-07-04 00:15:09,ATM_WITHDRAWAL,UPI,DEBIT,12394.45,INR,,REVERSED,REF798374134
TXN000003005,A00000461,C000187,2026-07-19 01:28:07,CASH_DEPOSIT,Internet Banking,DEBIT,2762.39,INR,,SUCCESS,REF870824400
TXN000003006,A00000008,C000026,2026-07-11 16:05:16,NEFT,Mobile App,CREDIT,5000.63,INR,,SUCCESS,REF575335722
TXN000003007,A00000249,C000431,2026-08-06 00:56:21,IMPS,Branch,DEBIT,5507.55,INR,,SUCCESS,REF487627809
TXN000003008,A00000111,C000190,2026-07-05 07:02:13,NEFT,Internet Banking,DEBIT,7526.49,INR,,SUCCESS,REF309859529
TXN000003009,A00000393,C000402,2026-08-09 21:43:09,UPI,Branch,DEBIT,776.31,INR,Amazon,SUCCESS,REF144514557
TXN000003010,A00000411,C000005,2026-08-13 17:04:41,POS,Corporate Banking,DEBIT,688.95,INR,MakeMyTrip,SUCCESS,REF872036727
TXN000003011,A00000091,C000035,2026-08-04 12:48:10,CASH_WITHDRAWAL,ATM,CREDIT,8161.1,INR,,FAILED,REF697162217
TXN000003012,A00000416,C000246,2026-08-27 09:16:13,RTGS,Branch,CREDIT,90304.19,INR,,SUCCESS,REF748717195
TXN000003013,A00000026,C000431,2026-07-06 08:58:23,ATM_WITHDRAWAL,UPI,DEBIT,11088.98,INR,,SUCCESS,REF233462931
TXN000003014,A00000103,C000095,2026-07-27 18:11:56,ATM_WITHDRAWAL,Corporate Banking,CREDIT,7037.73,INR,,SUCCESS,REF546776343
TXN000003015,A00000073,C000338,2026-08-06 14:31:51,POS,Corporate Banking,DEBIT,1336.0,INR,Zomato,SUCCESS,REF710147658
TXN000003016,A00000157,C000166,2026-07-20 12:03:18,NEFT,Branch,CREDIT,4526.01,INR,,SUCCESS,REF601116630
TXN000003017,A00000042,C000120,2026-08-12 07:29:13,IMPS,UPI,DEBIT,8848.88,INR,,SUCCESS,REF475816923
TXN000003018,A00000236,C000401,2026-07-29 16:45:51,ATM_WITHDRAWAL,Corporate Banking,DEBIT,17542.52,INR,,SUCCESS,REF303577731
TXN000003019,A00000153,C000179,2026-07-23 23:09:36,UPI,UPI,DEBIT,6191.82,INR,Decathlon,SUCCESS,REF705620940
TXN000003020,A00000569,C000141,2026-08-02 18:09:45,CASH_WITHDRAWAL,Mobile App,CREDIT,7534.84,INR,,FAILED,REF765074782
TXN000003021,A00000623,C000342,2026-08-14 17:12:24,RTGS,Corporate Banking,DEBIT,376139.03,INR,,SUCCESS,REF373735516
TXN000003022,A00000031,C000239,2026-07-28 07:06:57,RTGS,Corporate Banking,DEBIT,230397.75,INR,,SUCCESS,REF407285377
TXN000003023,A00000547,C000124,2026-07-16 21:19:07,ATM_WITHDRAWAL,UPI,DEBIT,13707.92,INR,,SUCCESS,REF914750731
TXN000003024,A00000403,C000162,2026-07-16 21:56:51,POS,Branch,CREDIT,1352.16,INR,BookMyShow,SUCCESS,REF947218836
TXN000003025,A00000160,C000320,2026-08-25 08:13:09,CASH_WITHDRAWAL,Mobile App,DEBIT,19479.54,INR,,SUCCESS,REF519220013
TXN000003026,A00000646,C000054,2026-07-07 14:57:52,IMPS,ATM,DEBIT,612.38,INR,,SUCCESS,REF937029466
TXN000003027,A00000061,C000495,2026-08-26 04:50:57,NEFT,Branch,DEBIT,2654.94,INR,,SUCCESS,REF310716651
TXN000003028,A00000262,C000244,2026-08-25 15:07:53,POS,Mobile App,CREDIT,1811.67,INR,Myntra,SUCCESS,REF667127944
TXN000003029,A00000570,C000146,2026-07-14 07:05:53,CASH_DEPOSIT,Internet Banking,CREDIT,1860.38,INR,,SUCCESS,REF396286183
TXN000003030,A00000273,C000487,2026-08-15 04:16:00,POS,Corporate Banking,DEBIT,3662.54,INR,BigBasket,SUCCESS,REF411911785
TXN000003031,A00000151,C000241,2026-07-30 12:21:43,NEFT,Internet Banking,DEBIT,821.09,INR,,SUCCESS,REF709487086
TXN000003032,A00000341,C000376,2026-08-22 02:57:03,CASH_WITHDRAWAL,Corporate Banking,DEBIT,3750.66,INR,,SUCCESS,REF771582499
TXN000003033,A00000308,C000115,2026-07-08 13:21:54,CASH_DEPOSIT,Branch,DEBIT,2414.49,INR,,SUCCESS,REF232087847
TXN000003034,A00000418,C000095,2026-07-12 09:09:47,ATM_WITHDRAWAL,Corporate Banking,CREDIT,13012.79,INR,,SUCCESS,REF729895442
TXN000003035,A00000611,C000050,2026-07-14 11:46:03,CASH_WITHDRAWAL,Mobile App,CREDIT,9098.08,INR,,SUCCESS,REF792721605
TXN000003036,A00000584,C000097,2026-08-24 00:04:35,NEFT,Branch,CREDIT,3633.33,INR,,SUCCESS,REF228021567
TXN000003037,A00000268,C000165,2026-08-11 02:44:28,POS,UPI,DEBIT,9816.64,INR,DMart,SUCCESS,REF710783004
TXN000003038,A00000182,C000406,2026-08-22 20:18:19,RTGS,Mobile App,DEBIT,481037.29,INR,,SUCCESS,REF311065287
TXN000003039,A00000079,C000172,2026-07-06 05:06:31,UPI,Internet Banking,CREDIT,7255.97,INR,Apollo Pharmacy,FAILED,REF356207634
TXN000003040,A00000490,C000409,2026-07-20 07:29:06,CASH_DEPOSIT,Corporate Banking,DEBIT,9400.71,INR,,REVERSED,REF782566166
TXN000003041,A00000073,C000338,2026-07-27 21:29:36,ATM_WITHDRAWAL,ATM,DEBIT,758.3,INR,,SUCCESS,REF505466260
TXN000003042,A00000610,C000155,2026-07-29 11:16:08,CASH_DEPOSIT,UPI,DEBIT,2461.34,INR,,SUCCESS,REF257877777
TXN000003043,A00000066,C000392,2026-07-03 14:02:42,CASH_WITHDRAWAL,Internet Banking,DEBIT,14151.04,INR,,SUCCESS,REF929726760
TXN000003044,A00000273,C000487,2026-07-07 03:54:47,CASH_WITHDRAWAL,Mobile App,DEBIT,11835.51,INR,,SUCCESS,REF880768358
TXN000003045,A00000196,C000383,2026-07-01 09:15:34,NEFT,Branch,DEBIT,4182.38,INR,,FAILED,REF616037939
TXN000003046,A00000170,C000161,2026-08-31 18:37:15,CASH_DEPOSIT,Mobile App,DEBIT,7902.57,INR,,SUCCESS,REF285383750
TXN000003047,A00000062,C000019,2026-07-17 22:28:04,CASH_DEPOSIT,UPI,DEBIT,8891.21,INR,,SUCCESS,REF139391612
TXN000003048,A00000474,C000136,2026-08-09 22:00:34,CASH_DEPOSIT,Corporate Banking,CREDIT,7640.46,INR,,SUCCESS,REF380534955
TXN000003049,A00000168,C000464,2026-08-11 02:27:20,UPI,Internet Banking,DEBIT,9317.78,INR,DMart,SUCCESS,REF246474433
TXN000003050,A00000264,C000277,2026-07-31 08:06:47,CASH_DEPOSIT,ATM,DEBIT,187.71,INR,,SUCCESS,REF672583730
TXN000003051,A00000434,C000245,2026-07-23 21:04:26,NEFT,Internet Banking,DEBIT,7198.11,INR,,SUCCESS,REF445806509
TXN000003052,A00000614,C000279,2026-07-31 15:54:14,ATM_WITHDRAWAL,Mobile App,CREDIT,6811.54,INR,,SUCCESS,REF753698659
TXN000003053,A00000516,C000199,2026-07-02 12:22:46,IMPS,Internet Banking,CREDIT,5950.68,INR,,SUCCESS,REF603830678
TXN000003054,A00000616,C000290,2026-07-31 11:21:19,RTGS,Corporate Banking,DEBIT,245546.82,INR,,SUCCESS,REF729889255
TXN000003055,A00000224,C000434,2026-07-21 00:09:42,ATM_WITHDRAWAL,Internet Banking,DEBIT,10941.97,INR,,SUCCESS,REF353813157
TXN000003056,A00000350,C000340,2026-08-25 04:51:20,CASH_DEPOSIT,UPI,DEBIT,7433.64,INR,,SUCCESS,REF779327870
TXN000003057,A00000420,C000003,2026-07-01 22:28:44,CASH_DEPOSIT,ATM,DEBIT,4284.07,INR,,SUCCESS,REF826400572
TXN000003058,A00000480,C000233,2026-08-01 11:53:35,CASH_DEPOSIT,Branch,DEBIT,220.06,INR,,SUCCESS,REF195136366
TXN000003059,A00000513,C000041,2026-07-09 13:49:26,ATM_WITHDRAWAL,Internet Banking,DEBIT,3721.29,INR,,FAILED,REF665214441
TXN000003060,A00000024,C000496,2026-07-23 21:12:19,IMPS,Internet Banking,DEBIT,8553.32,INR,,SUCCESS,REF944152211
TXN000003061,A00000622,C000420,2026-07-22 05:44:00,RTGS,Internet Banking,DEBIT,218075.46,INR,,SUCCESS,REF586573400
TXN000003062,A00000605,C000021,2026-07-29 15:11:43,POS,Corporate Banking,DEBIT,428.77,INR,Airtel,SUCCESS,REF339990980
TXN000003063,A00000498,C000361,2026-08-16 12:50:18,ATM_WITHDRAWAL,Corporate Banking,DEBIT,15114.95,INR,,SUCCESS,REF283033661
TXN000003064,A00000175,C000127,2026-08-17 20:03:15,POS,Internet Banking,CREDIT,9385.2,INR,BookMyShow,SUCCESS,REF787433751
TXN000003065,A00000053,C000330,2026-08-21 11:49:08,NEFT,Mobile App,DEBIT,6613.73,INR,,SUCCESS,REF732421574
TXN000003066,A00000650,C000122,2026-08-06 15:35:12,IMPS,Internet Banking,DEBIT,6230.6,INR,,SUCCESS,REF770200757
TXN000003067,A00000407,C000418,2026-08-30 20:31:30,CASH_WITHDRAWAL,UPI,DEBIT,17531.78,INR,,SUCCESS,REF980395988
TXN000003068,A00000230,C000335,2026-07-29 00:02:00,POS,Branch,DEBIT,2728.59,INR,Swiggy,SUCCESS,REF867187116
TXN000003069,A00000085,C000386,2026-07-27 20:32:35,IMPS,Corporate Banking,DEBIT,2864.54,INR,,SUCCESS,REF443772986
TXN000003070,A00000227,C000481,2026-07-13 22:08:47,POS,ATM,CREDIT,738.45,INR,Reliance Digital,SUCCESS,REF760380228
TXN000003071,A00000292,C000453,2026-07-09 15:48:55,CASH_DEPOSIT,Corporate Banking,DEBIT,749.71,INR,,SUCCESS,REF163942170
TXN000003072,A00000524,C000329,2026-07-26 08:57:32,POS,Mobile App,DEBIT,1450.34,INR,Ola,SUCCESS,REF666087498
TXN000003073,A00000614,C000279,2026-07-10 18:58:45,CASH_WITHDRAWAL,Mobile App,CREDIT,4182.68,INR,,FAILED,REF747715752
TXN000003074,A00000194,C000203,2026-07-07 22:19:03,RTGS,Branch,CREDIT,68480.08,INR,,SUCCESS,REF964791515
TXN000003075,A00000394,C000448,2026-07-13 08:25:30,UPI,Branch,DEBIT,9924.21,INR,Apollo Pharmacy,SUCCESS,REF668160786
TXN000003076,A00000309,C000414,2026-07-28 01:58:26,RTGS,Corporate Banking,DEBIT,411953.14,INR,,SUCCESS,REF776952522
TXN000003077,A00000620,C000154,2026-08-05 19:40:16,RTGS,Branch,DEBIT,262051.6,INR,,SUCCESS,REF171741070
TXN000003078,A00000033,C000294,2026-08-16 15:02:38,RTGS,ATM,CREDIT,268485.3,INR,,SUCCESS,REF588465990
TXN000003079,A00000246,C000019,2026-08-31 16:36:27,CASH_DEPOSIT,ATM,DEBIT,3453.58,INR,,SUCCESS,REF420828896
TXN000003080,A00000339,C000236,2026-08-27 18:21:34,UPI,Branch,DEBIT,2119.87,INR,DMart,SUCCESS,REF928411075
TXN000003081,A00000114,C000172,2026-07-09 13:54:05,NEFT,UPI,DEBIT,9022.34,INR,,SUCCESS,REF498856234
TXN000003082,A00000211,C000347,2026-08-16 04:55:33,RTGS,Mobile App,DEBIT,291810.3,INR,,SUCCESS,REF188309888
TXN000003083,A00000211,C000347,2026-07-05 11:20:06,POS,Corporate Banking,DEBIT,6803.21,INR,Airtel,SUCCESS,REF130592906
TXN000003084,A00000476,C000485,2026-07-17 00:37:55,UPI,ATM,DEBIT,1475.4,INR,Ola,SUCCESS,REF572463993
TXN000003085,A00000289,C000439,2026-07-08 10:48:42,NEFT,Internet Banking,CREDIT,3232.27,INR,,SUCCESS,REF215279527
TXN000003086,A00000431,C000006,2026-07-17 04:56:40,ATM_WITHDRAWAL,ATM,CREDIT,5271.33,INR,,SUCCESS,REF287115503
TXN000003087,A00000598,C000248,2026-08-22 17:24:10,ATM_WITHDRAWAL,Mobile App,DEBIT,11552.32,INR,,SUCCESS,REF136053272
TXN000003088,A00000162,C000277,2026-07-24 18:28:05,RTGS,UPI,DEBIT,398742.48,INR,,SUCCESS,REF925074385
TXN000003089,A00000115,C000213,2026-07-12 19:33:07,IMPS,Internet Banking,DEBIT,3773.68,INR,,SUCCESS,REF988252034
TXN000003090,A00000604,C000320,2026-07-06 13:59:03,ATM_WITHDRAWAL,Corporate Banking,DEBIT,7485.61,INR,,SUCCESS,REF172176546
TXN000003091,A00000598,C000248,2026-08-12 10:40:31,ATM_WITHDRAWAL,Internet Banking,CREDIT,16421.74,INR,,SUCCESS,REF445132513
TXN000003092,A00000148,C000280,2026-07-17 02:38:29,RTGS,Internet Banking,DEBIT,52657.27,INR,,SUCCESS,REF267730290
TXN000003093,A00000539,C000268,2026-07-24 12:01:24,CASH_DEPOSIT,Internet Banking,CREDIT,4980.37,INR,,SUCCESS,REF945531967
TXN000003094,A00000071,C000368,2026-07-23 01:38:25,CASH_WITHDRAWAL,Branch,DEBIT,12182.77,INR,,SUCCESS,REF146694864
TXN000003095,A00000631,C000050,2026-08-11 12:30:51,RTGS,Branch,DEBIT,114463.75,INR,,FAILED,REF849126901
TXN000003096,A00000029,C000138,2026-07-20 02:47:35,UPI,ATM,CREDIT,7984.7,INR,Flipkart,SUCCESS,REF631810385
TXN000003097,A00000248,C000304,2026-08-13 09:02:10,ATM_WITHDRAWAL,Branch,CREDIT,8755.47,INR,,SUCCESS,REF812559365
TXN000003098,A00000306,C000355,2026-08-07 22:30:13,UPI,Mobile App,DEBIT,7477.95,INR,Uber,SUCCESS,REF475863575
TXN000003099,A00000493,C000171,2026-08-01 12:34:20,POS,Internet Banking,DEBIT,8438.17,INR,Croma,SUCCESS,REF815799012
TXN000003100,A00000207,C000199,2026-08-18 14:32:58,IMPS,ATM,DEBIT,7614.79,INR,,FAILED,REF481239410
TXN000003101,A00000054,C000328,2026-07-26 18:58:17,CASH_DEPOSIT,UPI,DEBIT,9077.33,INR,,SUCCESS,REF897484801
TXN000003102,A00000480,C000233,2026-07-24 15:08:30,NEFT,Corporate Banking,CREDIT,6941.06,INR,,SUCCESS,REF552440444
TXN000003103,A00000425,C000439,2026-07-27 08:42:04,ATM_WITHDRAWAL,ATM,DEBIT,11530.63,INR,,SUCCESS,REF115194519
TXN000003104,A00000350,C000340,2026-08-14 15:02:54,POS,Branch,DEBIT,3170.16,INR,Reliance Digital,SUCCESS,REF458867288
TXN000003105,A00000426,C000131,2026-07-24 02:43:03,RTGS,UPI,DEBIT,167359.6,INR,,SUCCESS,REF751752144
TXN000003106,A00000414,C000408,2026-07-06 05:17:27,NEFT,Corporate Banking,CREDIT,5954.92,INR,,FAILED,REF584310700
TXN000003107,A00000320,C000157,2026-08-05 11:04:28,CASH_DEPOSIT,UPI,CREDIT,5818.35,INR,,SUCCESS,REF988282196
TXN000003108,A00000520,C000482,2026-07-06 20:48:47,CASH_DEPOSIT,ATM,DEBIT,7408.28,INR,,SUCCESS,REF273985190
TXN000003109,A00000507,C000218,2026-07-14 14:09:05,UPI,UPI,DEBIT,2635.71,INR,Myntra,SUCCESS,REF973707597
TXN000003110,A00000577,C000299,2026-07-09 08:33:29,NEFT,Branch,DEBIT,4248.46,INR,,SUCCESS,REF402330783
TXN000003111,A00000416,C000246,2026-07-25 07:25:12,UPI,Branch,DEBIT,1150.43,INR,Croma,SUCCESS,REF361689140
TXN000003112,A00000478,C000189,2026-07-24 12:35:37,UPI,Mobile App,CREDIT,8376.71,INR,Amazon,SUCCESS,REF260960279
TXN000003113,A00000178,C000475,2026-07-27 17:07:42,RTGS,Mobile App,DEBIT,134853.41,INR,,SUCCESS,REF501271767
TXN000003114,A00000401,C000296,2026-07-20 02:21:44,ATM_WITHDRAWAL,Branch,DEBIT,12355.72,INR,,SUCCESS,REF999898650
TXN000003115,A00000037,C000310,2026-07-14 00:40:20,RTGS,Mobile App,DEBIT,121706.27,INR,,SUCCESS,REF662384067
TXN000003116,A00000179,C000209,2026-07-25 07:32:14,CASH_WITHDRAWAL,Corporate Banking,DEBIT,14047.9,INR,,SUCCESS,REF878062869
TXN000003117,A00000235,C000343,2026-07-06 04:13:15,POS,UPI,DEBIT,8398.58,INR,Amazon,FAILED,REF996364623
TXN000003118,A00000554,C000468,2026-07-28 21:12:54,UPI,Internet Banking,CREDIT,6882.99,INR,IRCTC,SUCCESS,REF703638304
TXN000003119,A00000343,C000466,2026-08-25 02:19:58,RTGS,Corporate Banking,DEBIT,485497.73,INR,,SUCCESS,REF275641835
TXN000003120,A00000515,C000174,2026-08-20 21:57:02,NEFT,Branch,DEBIT,4693.0,INR,,SUCCESS,REF555157822
TXN000003121,A00000395,C000109,2026-08-11 22:27:09,CASH_DEPOSIT,Internet Banking,CREDIT,2323.93,INR,,SUCCESS,REF179067887
TXN000003122,A00000253,C000422,2026-08-24 11:52:57,IMPS,UPI,DEBIT,4170.75,INR,,SUCCESS,REF306689584
TXN000003123,A00000206,C000131,2026-08-12 21:53:22,CASH_WITHDRAWAL,Internet Banking,DEBIT,14483.95,INR,,SUCCESS,REF626743235
TXN000003124,A00000370,C000276,2026-08-12 03:55:10,RTGS,Corporate Banking,DEBIT,359822.82,INR,,SUCCESS,REF369437799
TXN000003125,A00000352,C000008,2026-07-29 12:00:56,IMPS,ATM,CREDIT,8461.97,INR,,SUCCESS,REF724968702
TXN000003126,A00000647,C000011,2026-08-21 09:05:05,POS,Branch,DEBIT,521.99,INR,Uber,SUCCESS,REF696408730
TXN000003127,A00000064,C000305,2026-08-24 14:29:28,CASH_WITHDRAWAL,Internet Banking,DEBIT,2953.13,INR,,SUCCESS,REF768495898
TXN000003128,A00000300,C000056,2026-07-11 21:49:23,NEFT,UPI,DEBIT,5029.95,INR,,SUCCESS,REF281728981
TXN000003129,A00000005,C000273,2026-07-18 21:22:32,NEFT,ATM,CREDIT,3313.66,INR,,SUCCESS,REF388027754
TXN000003130,A00000589,C000491,2026-08-16 03:05:27,NEFT,ATM,DEBIT,2498.61,INR,,SUCCESS,REF471921539
TXN000003131,A00000141,C000074,2026-08-15 14:04:49,IMPS,Branch,DEBIT,9590.13,INR,,SUCCESS,REF860675831
TXN000003132,A00000578,C000327,2026-08-31 04:46:15,UPI,UPI,DEBIT,8899.23,INR,Decathlon,SUCCESS,REF723201052
TXN000003133,A00000304,C000348,2026-07-17 11:38:42,RTGS,ATM,CREDIT,385106.34,INR,,SUCCESS,REF539460219
TXN000003134,A00000405,C000245,2026-07-16 19:44:44,NEFT,UPI,CREDIT,7232.21,INR,,SUCCESS,REF465003936
TXN000003135,A00000017,C000303,2026-08-07 03:17:29,UPI,Corporate Banking,DEBIT,7084.99,INR,Jio,SUCCESS,REF899738261
TXN000003136,A00000455,C000443,2026-08-14 23:42:30,RTGS,Corporate Banking,DEBIT,143729.18,INR,,FAILED,REF912599998
TXN000003137,A00000606,C000339,2026-07-08 21:05:13,RTGS,Internet Banking,DEBIT,56869.25,INR,,SUCCESS,REF593571841
TXN000003138,A00000032,C000160,2026-08-05 11:54:44,CASH_DEPOSIT,Corporate Banking,DEBIT,3859.47,INR,,SUCCESS,REF857496122
TXN000003139,A00000544,C000402,2026-07-29 04:56:41,CASH_WITHDRAWAL,Branch,DEBIT,19907.29,INR,,SUCCESS,REF339975563
TXN000003140,A00000650,C000122,2026-08-30 02:25:41,RTGS,Mobile App,DEBIT,297109.66,INR,,SUCCESS,REF720451228
TXN000003141,A00000633,C000059,2026-07-31 15:36:18,CASH_DEPOSIT,Mobile App,CREDIT,3990.38,INR,,SUCCESS,REF118739015
TXN000003142,A00000205,C000145,2026-08-02 08:08:52,CASH_WITHDRAWAL,ATM,DEBIT,15599.72,INR,,SUCCESS,REF101032187
TXN000003143,A00000472,C000274,2026-08-14 00:05:29,NEFT,Internet Banking,CREDIT,5814.09,INR,,SUCCESS,REF450014762
TXN000003144,A00000503,C000486,2026-08-07 14:51:22,ATM_WITHDRAWAL,ATM,CREDIT,17007.02,INR,,SUCCESS,REF379859884
TXN000003145,A00000401,C000296,2026-07-26 09:08:52,CASH_WITHDRAWAL,Corporate Banking,DEBIT,5257.78,INR,,SUCCESS,REF897463046
TXN000003146,A00000350,C000340,2026-08-11 19:23:39,ATM_WITHDRAWAL,ATM,DEBIT,17938.18,INR,,SUCCESS,REF153771109
TXN000003147,A00000363,C000176,2026-07-04 05:51:20,CASH_DEPOSIT,Internet Banking,DEBIT,5361.31,INR,,REVERSED,REF246671444
TXN000003148,A00000604,C000320,2026-08-26 15:16:34,IMPS,Mobile App,DEBIT,4253.1,INR,,SUCCESS,REF631864955
TXN000003149,A00000521,C000470,2026-08-06 11:56:02,UPI,UPI,DEBIT,6879.89,INR,Apollo Pharmacy,SUCCESS,REF197306266
TXN000003150,A00000301,C000216,2026-07-21 22:09:03,CASH_DEPOSIT,ATM,DEBIT,1265.39,INR,,SUCCESS,REF175526533
TXN000003151,A00000594,C000088,2026-08-29 01:16:17,UPI,ATM,DEBIT,9663.45,INR,Croma,SUCCESS,REF443840059
TXN000003152,A00000264,C000277,2026-08-18 08:26:21,CASH_DEPOSIT,Corporate Banking,DEBIT,4438.23,INR,,SUCCESS,REF403930401
TXN000003153,A00000250,C000230,2026-07-15 20:53:20,CASH_DEPOSIT,Corporate Banking,DEBIT,7544.71,INR,,SUCCESS,REF396668861
TXN000003154,A00000108,C000229,2026-08-30 20:56:37,RTGS,ATM,CREDIT,289008.16,INR,,SUCCESS,REF335187170
TXN000003155,A00000147,C000406,2026-07-01 12:44:55,NEFT,Internet Banking,DEBIT,2051.22,INR,,FAILED,REF681499992
TXN000003156,A00000260,C000480,2026-07-05 03:46:14,IMPS,Branch,DEBIT,3616.7,INR,,SUCCESS,REF479431109
TXN000003157,A00000616,C000290,2026-07-19 06:02:44,ATM_WITHDRAWAL,Corporate Banking,DEBIT,780.81,INR,,SUCCESS,REF294821109
TXN000003158,A00000322,C000231,2026-08-07 01:19:24,CASH_WITHDRAWAL,Corporate Banking,DEBIT,14897.45,INR,,SUCCESS,REF249810734
TXN000003159,A00000253,C000422,2026-07-25 15:39:47,CASH_WITHDRAWAL,Branch,CREDIT,19751.51,INR,,SUCCESS,REF881590468
TXN000003160,A00000537,C000296,2026-08-23 02:35:10,POS,Mobile App,DEBIT,8967.91,INR,Amazon,SUCCESS,REF705778318
TXN000003161,A00000627,C000200,2026-07-19 10:33:56,CASH_WITHDRAWAL,Corporate Banking,DEBIT,10908.19,INR,,SUCCESS,REF207288058
TXN000003162,A00000523,C000292,2026-08-18 20:41:51,RTGS,Corporate Banking,DEBIT,122485.98,INR,,SUCCESS,REF834529204
TXN000003163,A00000459,C000057,2026-08-18 13:54:13,UPI,Mobile App,DEBIT,1844.59,INR,Amazon,SUCCESS,REF473931590
TXN000003164,A00000317,C000261,2026-07-08 08:05:58,NEFT,Mobile App,DEBIT,5531.77,INR,,SUCCESS,REF604555545
TXN000003165,A00000522,C000231,2026-07-29 16:21:01,CASH_DEPOSIT,ATM,CREDIT,611.98,INR,,SUCCESS,REF736638346
TXN000003166,A00000140,C000481,2026-08-25 08:17:21,IMPS,Branch,DEBIT,7644.23,INR,,SUCCESS,REF576645795
TXN000003167,A00000328,C000214,2026-08-09 06:45:40,CASH_WITHDRAWAL,Mobile App,DEBIT,7471.67,INR,,SUCCESS,REF113915238
TXN000003168,A00000388,C000234,2026-08-08 23:25:32,CASH_WITHDRAWAL,Mobile App,DEBIT,9902.4,INR,,SUCCESS,REF606966027
TXN000003169,A00000180,C000368,2026-08-18 16:56:32,CASH_DEPOSIT,Branch,DEBIT,3270.11,INR,,FAILED,REF402584641
TXN000003170,A00000591,C000178,2026-07-17 13:14:03,CASH_DEPOSIT,Branch,DEBIT,4792.42,INR,,SUCCESS,REF585983649
TXN000003171,A00000365,C000073,2026-08-16 10:56:20,IMPS,Internet Banking,DEBIT,3586.67,INR,,REVERSED,REF446967762
TXN000003172,A00000143,C000143,2026-08-30 21:58:27,CASH_DEPOSIT,UPI,DEBIT,6564.22,INR,,SUCCESS,REF976572739
TXN000003173,A00000534,C000256,2026-08-18 03:45:03,POS,Branch,DEBIT,9485.38,INR,Ola,SUCCESS,REF368065921
TXN000003174,A00000238,C000063,2026-07-30 15:34:35,POS,Internet Banking,CREDIT,791.95,INR,MakeMyTrip,REVERSED,REF796868551
TXN000003175,A00000378,C000338,2026-08-18 19:22:17,UPI,Branch,DEBIT,6627.14,INR,Croma,SUCCESS,REF172704028
TXN000003176,A00000597,C000235,2026-07-04 06:27:42,RTGS,ATM,DEBIT,195624.92,INR,,SUCCESS,REF559911623
TXN000003177,A00000053,C000330,2026-08-17 12:31:42,RTGS,ATM,DEBIT,184637.85,INR,,SUCCESS,REF321801499
TXN000003178,A00000554,C000468,2026-08-09 13:05:28,IMPS,Mobile App,DEBIT,2479.89,INR,,SUCCESS,REF585406801
TXN000003179,A00000055,C000245,2026-08-25 12:16:43,POS,Corporate Banking,CREDIT,817.45,INR,Croma,FAILED,REF785012869
TXN000003180,A00000137,C000064,2026-08-04 00:16:30,CASH_DEPOSIT,Corporate Banking,DEBIT,1964.17,INR,,SUCCESS,REF389205485
TXN000003181,A00000149,C000236,2026-08-03 14:11:16,CASH_WITHDRAWAL,Mobile App,CREDIT,2646.98,INR,,SUCCESS,REF596812868
TXN000003182,A00000257,C000263,2026-08-30 07:50:59,CASH_WITHDRAWAL,Corporate Banking,CREDIT,16205.94,INR,,SUCCESS,REF835008315
TXN000003183,A00000570,C000146,2026-07-18 17:05:49,POS,UPI,CREDIT,6531.95,INR,Myntra,SUCCESS,REF203060687
TXN000003184,A00000585,C000076,2026-07-10 06:30:42,RTGS,Corporate Banking,DEBIT,408436.47,INR,,SUCCESS,REF952750262
TXN000003185,A00000180,C000368,2026-07-01 14:15:48,RTGS,Mobile App,DEBIT,389150.53,INR,,SUCCESS,REF722518487
TXN000003186,A00000257,C000263,2026-07-24 09:59:49,NEFT,Internet Banking,DEBIT,9118.79,INR,,SUCCESS,REF678914653
TXN000003187,A00000628,C000143,2026-08-27 19:17:26,IMPS,Mobile App,DEBIT,3217.06,INR,,SUCCESS,REF103865667
TXN000003188,A00000053,C000330,2026-07-13 05:46:16,RTGS,UPI,DEBIT,151096.1,INR,,SUCCESS,REF304852784
TXN000003189,A00000335,C000088,2026-07-29 21:06:05,ATM_WITHDRAWAL,UPI,CREDIT,676.9,INR,,SUCCESS,REF207655209
TXN000003190,A00000437,C000157,2026-07-06 07:05:19,CASH_DEPOSIT,Mobile App,DEBIT,6559.73,INR,,SUCCESS,REF548637545
TXN000003191,A00000177,C000491,2026-07-21 14:03:05,CASH_DEPOSIT,Internet Banking,DEBIT,9076.87,INR,,SUCCESS,REF515110070
TXN000003192,A00000052,C000313,2026-08-06 06:11:22,IMPS,Internet Banking,CREDIT,2148.46,INR,,SUCCESS,REF742081423
TXN000003193,A00000297,C000034,2026-08-26 07:46:19,CASH_DEPOSIT,ATM,DEBIT,4694.97,INR,,SUCCESS,REF317279594
TXN000003194,A00000250,C000230,2026-07-19 14:06:23,UPI,Branch,DEBIT,8526.7,INR,MakeMyTrip,SUCCESS,REF523195505
TXN000003195,A00000156,C000264,2026-07-14 14:45:13,UPI,Internet Banking,DEBIT,2394.38,INR,Croma,SUCCESS,REF404923086
TXN000003196,A00000512,C000414,2026-07-28 08:43:17,ATM_WITHDRAWAL,Internet Banking,DEBIT,12817.92,INR,,SUCCESS,REF829942741
TXN000003197,A00000036,C000436,2026-08-30 03:33:54,RTGS,ATM,CREDIT,77478.39,INR,,SUCCESS,REF503024096
TXN000003198,A00000442,C000463,2026-07-10 19:05:02,IMPS,Internet Banking,DEBIT,9848.09,INR,,SUCCESS,REF428594048
TXN000003199,A00000075,C000023,2026-07-22 16:31:09,ATM_WITHDRAWAL,UPI,CREDIT,10901.73,INR,,SUCCESS,REF717334105
TXN000003200,A00000361,C000020,2026-07-07 23:04:40,NEFT,Branch,DEBIT,7649.89,INR,,SUCCESS,REF185683328
TXN000003201,A00000038,C000093,2026-08-19 15:05:38,CASH_DEPOSIT,Corporate Banking,DEBIT,7324.59,INR,,SUCCESS,REF948665942
TXN000003202,A00000062,C000019,2026-08-27 00:13:23,IMPS,Internet Banking,CREDIT,8669.74,INR,,SUCCESS,REF784126323
TXN000003203,A00000107,C000461,2026-07-13 18:36:32,CASH_WITHDRAWAL,Corporate Banking,DEBIT,13372.39,INR,,FAILED,REF872080151
TXN000003204,A00000389,C000189,2026-07-18 02:38:34,IMPS,Branch,CREDIT,9020.17,INR,,SUCCESS,REF627858433
TXN000003205,A00000559,C000071,2026-08-29 08:02:27,ATM_WITHDRAWAL,Mobile App,DEBIT,9677.45,INR,,SUCCESS,REF160106270
TXN000003206,A00000182,C000406,2026-08-03 20:50:04,ATM_WITHDRAWAL,Mobile App,DEBIT,4623.46,INR,,SUCCESS,REF372992265
TXN000003207,A00000015,C000167,2026-08-29 00:33:26,CASH_WITHDRAWAL,Corporate Banking,CREDIT,1819.59,INR,,SUCCESS,REF762010082
TXN000003208,A00000529,C000042,2026-07-16 23:59:07,POS,Branch,DEBIT,288.58,INR,Amazon,SUCCESS,REF565704491
TXN000003209,A00000456,C000097,2026-07-22 08:31:08,NEFT,Mobile App,DEBIT,2563.19,INR,,SUCCESS,REF636458573
TXN000003210,A00000083,C000485,2026-07-23 09:18:04,ATM_WITHDRAWAL,Corporate Banking,DEBIT,15326.95,INR,,SUCCESS,REF958607658
TXN000003211,A00000566,C000169,2026-08-18 21:04:49,IMPS,Mobile App,DEBIT,2962.43,INR,,SUCCESS,REF940742840
TXN000003212,A00000185,C000202,2026-08-11 06:35:23,NEFT,Branch,DEBIT,3597.55,INR,,SUCCESS,REF572969759
TXN000003213,A00000402,C000395,2026-08-22 05:44:59,UPI,ATM,CREDIT,1245.97,INR,Myntra,SUCCESS,REF148841284
TXN000003214,A00000336,C000245,2026-07-15 04:56:48,UPI,Internet Banking,DEBIT,4798.4,INR,Reliance Digital,SUCCESS,REF417125750
TXN000003215,A00000245,C000320,2026-08-31 06:08:40,UPI,Internet Banking,DEBIT,2508.3,INR,Myntra,SUCCESS,REF744625293
TXN000003216,A00000407,C000418,2026-07-16 20:25:51,IMPS,Mobile App,DEBIT,7893.86,INR,,SUCCESS,REF914629266
TXN000003217,A00000238,C000063,2026-07-14 21:42:15,CASH_WITHDRAWAL,UPI,DEBIT,7418.21,INR,,SUCCESS,REF885272780
TXN000003218,A00000576,C000136,2026-07-02 06:57:24,POS,Mobile App,DEBIT,7386.9,INR,Croma,SUCCESS,REF373439265
TXN000003219,A00000099,C000249,2026-08-23 04:39:42,ATM_WITHDRAWAL,UPI,DEBIT,13279.53,INR,,SUCCESS,REF972026808
TXN000003220,A00000021,C000463,2026-08-18 09:55:01,POS,Corporate Banking,CREDIT,9747.24,INR,Zomato,SUCCESS,REF129776762
TXN000003221,A00000323,C000227,2026-08-28 07:41:49,NEFT,ATM,CREDIT,5593.08,INR,,SUCCESS,REF163730740
TXN000003222,A00000630,C000179,2026-07-19 09:21:45,UPI,ATM,DEBIT,4858.86,INR,Zomato,SUCCESS,REF606447005
TXN000003223,A00000128,C000420,2026-07-01 01:04:34,CASH_WITHDRAWAL,Mobile App,DEBIT,17155.15,INR,,SUCCESS,REF666799643
TXN000003224,A00000517,C000050,2026-07-22 17:43:21,ATM_WITHDRAWAL,Mobile App,CREDIT,10834.17,INR,,SUCCESS,REF398646800
TXN000003225,A00000614,C000279,2026-08-30 00:10:43,CASH_DEPOSIT,ATM,DEBIT,4078.37,INR,,SUCCESS,REF506352821
TXN000003226,A00000060,C000123,2026-07-17 03:46:10,ATM_WITHDRAWAL,Mobile App,DEBIT,16001.1,INR,,SUCCESS,REF683290079
TXN000003227,A00000002,C000347,2026-08-02 23:16:48,RTGS,Mobile App,DEBIT,317395.43,INR,,SUCCESS,REF242548611
TXN000003228,A00000547,C000124,2026-07-16 13:17:23,ATM_WITHDRAWAL,Branch,CREDIT,4710.93,INR,,SUCCESS,REF525119881
TXN000003229,A00000623,C000342,2026-07-29 13:35:51,POS,Mobile App,CREDIT,4857.35,INR,Ola,SUCCESS,REF700135298
TXN000003230,A00000053,C000330,2026-07-13 14:34:38,RTGS,ATM,DEBIT,94391.21,INR,,SUCCESS,REF260491837
TXN000003231,A00000268,C000165,2026-07-16 17:44:55,NEFT,ATM,DEBIT,2522.51,INR,,SUCCESS,REF991167162
TXN000003232,A00000528,C000028,2026-07-14 22:43:24,RTGS,Internet Banking,DEBIT,149096.11,INR,,SUCCESS,REF245652309
TXN000003233,A00000407,C000418,2026-08-04 12:35:14,UPI,Mobile App,DEBIT,5243.09,INR,Decathlon,SUCCESS,REF354197434
TXN000003234,A00000298,C000206,2026-07-17 22:33:06,UPI,UPI,CREDIT,975.27,INR,Apollo Pharmacy,SUCCESS,REF453307378
TXN000003235,A00000279,C000358,2026-07-29 16:51:54,CASH_WITHDRAWAL,Branch,DEBIT,17453.85,INR,,SUCCESS,REF761380503
TXN000003236,A00000041,C000027,2026-07-05 21:57:36,CASH_DEPOSIT,Internet Banking,DEBIT,4615.27,INR,,SUCCESS,REF518071242
TXN000003237,A00000345,C000328,2026-07-25 03:25:32,CASH_WITHDRAWAL,Branch,DEBIT,5043.78,INR,,SUCCESS,REF369313840
TXN000003238,A00000022,C000229,2026-08-28 14:37:00,POS,UPI,DEBIT,4727.91,INR,Flipkart,SUCCESS,REF900816258
TXN000003239,A00000021,C000463,2026-08-01 11:25:26,ATM_WITHDRAWAL,ATM,DEBIT,14262.35,INR,,SUCCESS,REF134034398
TXN000003240,A00000486,C000197,2026-08-27 18:18:30,IMPS,Corporate Banking,CREDIT,8060.91,INR,,SUCCESS,REF961008409
TXN000003241,A00000070,C000139,2026-08-06 21:24:55,CASH_DEPOSIT,Branch,CREDIT,9531.23,INR,,SUCCESS,REF596706380
TXN000003242,A00000186,C000026,2026-07-05 04:19:20,RTGS,Branch,DEBIT,188691.26,INR,,SUCCESS,REF456282202
TXN000003243,A00000451,C000216,2026-08-28 04:01:07,CASH_DEPOSIT,Mobile App,CREDIT,4520.07,INR,,SUCCESS,REF612240358
TXN000003244,A00000164,C000138,2026-07-10 21:21:59,NEFT,Branch,DEBIT,5554.61,INR,,SUCCESS,REF914046512
TXN000003245,A00000576,C000136,2026-07-11 09:24:09,POS,UPI,DEBIT,9122.37,INR,Uber,SUCCESS,REF668898697
TXN000003246,A00000300,C000056,2026-07-23 20:23:54,NEFT,Internet Banking,DEBIT,7204.47,INR,,SUCCESS,REF865859445
TXN000003247,A00000233,C000059,2026-07-18 07:48:35,UPI,ATM,CREDIT,7076.26,INR,BigBasket,SUCCESS,REF444526081
TXN000003248,A00000378,C000338,2026-07-02 17:57:05,CASH_DEPOSIT,Branch,CREDIT,9710.88,INR,,SUCCESS,REF996154799
TXN000003249,A00000262,C000244,2026-07-07 09:51:58,ATM_WITHDRAWAL,Corporate Banking,DEBIT,18478.34,INR,,SUCCESS,REF163468702
TXN000003250,A00000279,C000358,2026-07-24 14:56:18,UPI,Branch,DEBIT,7854.22,INR,Reliance Digital,SUCCESS,REF232110313
TXN000003251,A00000053,C000330,2026-08-19 01:28:08,CASH_DEPOSIT,ATM,CREDIT,3157.87,INR,,SUCCESS,REF541441142
TXN000003252,A00000537,C000296,2026-08-05 18:19:28,IMPS,Corporate Banking,DEBIT,1805.83,INR,,SUCCESS,REF428032527
TXN000003253,A00000158,C000174,2026-07-17 21:26:00,CASH_WITHDRAWAL,Corporate Banking,CREDIT,14981.49,INR,,SUCCESS,REF895483269
TXN000003254,A00000614,C000279,2026-07-24 04:11:01,IMPS,Corporate Banking,CREDIT,8966.49,INR,,SUCCESS,REF972359176
TXN000003255,A00000421,C000045,2026-08-26 11:42:46,CASH_DEPOSIT,Internet Banking,CREDIT,6329.14,INR,,SUCCESS,REF493231331
TXN000003256,A00000521,C000470,2026-08-30 08:51:41,CASH_WITHDRAWAL,Corporate Banking,CREDIT,14193.81,INR,,FAILED,REF164250793
TXN000003257,A00000331,C000473,2026-07-10 12:54:38,RTGS,Corporate Banking,DEBIT,385185.23,INR,,SUCCESS,REF844319912
TXN000003258,A00000508,C000123,2026-08-15 14:36:39,CASH_WITHDRAWAL,Branch,DEBIT,6814.34,INR,,SUCCESS,REF340946800
TXN000003259,A00000021,C000463,2026-07-23 13:43:36,ATM_WITHDRAWAL,Branch,DEBIT,18532.13,INR,,SUCCESS,REF315798643
TXN000003260,A00000102,C000355,2026-08-24 17:59:36,CASH_DEPOSIT,ATM,DEBIT,6836.67,INR,,SUCCESS,REF933664970
TXN000003261,A00000001,C000098,2026-07-29 20:57:32,CASH_WITHDRAWAL,Corporate Banking,CREDIT,3537.12,INR,,SUCCESS,REF561681580
TXN000003262,A00000219,C000236,2026-08-25 10:45:48,POS,Mobile App,CREDIT,142.24,INR,Myntra,SUCCESS,REF752286876
TXN000003263,A00000025,C000280,2026-07-07 17:44:02,ATM_WITHDRAWAL,Corporate Banking,CREDIT,11181.28,INR,,SUCCESS,REF245484928
TXN000003264,A00000172,C000487,2026-07-20 08:58:39,CASH_WITHDRAWAL,Branch,CREDIT,14895.73,INR,,SUCCESS,REF349252587
TXN000003265,A00000589,C000491,2026-07-20 15:19:42,NEFT,Internet Banking,CREDIT,3219.74,INR,,SUCCESS,REF549405742
TXN000003266,A00000056,C000419,2026-08-27 18:39:17,ATM_WITHDRAWAL,Mobile App,DEBIT,9614.17,INR,,SUCCESS,REF567976317
TXN000003267,A00000636,C000045,2026-08-28 03:54:50,UPI,Internet Banking,DEBIT,3938.27,INR,Flipkart,SUCCESS,REF298409476
TXN000003268,A00000403,C000162,2026-07-02 22:42:46,NEFT,ATM,DEBIT,2413.7,INR,,SUCCESS,REF245026082
TXN000003269,A00000159,C000431,2026-08-15 15:43:37,UPI,ATM,CREDIT,8164.6,INR,Ola,SUCCESS,REF446788158
TXN000003270,A00000294,C000015,2026-08-17 23:07:00,UPI,Mobile App,DEBIT,3277.0,INR,Myntra,SUCCESS,REF800003663
TXN000003271,A00000117,C000079,2026-07-18 08:03:20,CASH_DEPOSIT,Internet Banking,DEBIT,9779.48,INR,,SUCCESS,REF637492693
TXN000003272,A00000445,C000264,2026-08-12 00:26:16,NEFT,Internet Banking,DEBIT,4690.3,INR,,SUCCESS,REF657587546
TXN000003273,A00000033,C000294,2026-07-12 04:12:50,POS,Mobile App,CREDIT,4558.19,INR,BookMyShow,SUCCESS,REF913045901
TXN000003274,A00000574,C000015,2026-07-22 13:33:16,CASH_DEPOSIT,Mobile App,CREDIT,3001.29,INR,,SUCCESS,REF227928338
TXN000003275,A00000031,C000239,2026-08-12 13:18:13,CASH_WITHDRAWAL,ATM,DEBIT,14833.93,INR,,SUCCESS,REF267975656
TXN000003276,A00000638,C000437,2026-07-26 19:21:18,POS,ATM,DEBIT,409.37,INR,Apollo Pharmacy,SUCCESS,REF929401346
TXN000003277,A00000196,C000383,2026-08-07 21:12:34,POS,Corporate Banking,CREDIT,9287.44,INR,Myntra,FAILED,REF441410952
TXN000003278,A00000575,C000418,2026-08-25 14:31:59,CASH_DEPOSIT,Mobile App,DEBIT,5987.18,INR,,SUCCESS,REF137572188
TXN000003279,A00000393,C000402,2026-07-23 02:17:25,IMPS,Internet Banking,DEBIT,3380.53,INR,,SUCCESS,REF917508760
TXN000003280,A00000602,C000022,2026-08-25 21:18:01,CASH_WITHDRAWAL,Mobile App,CREDIT,7583.02,INR,,SUCCESS,REF368933715
TXN000003281,A00000603,C000148,2026-08-23 06:17:10,POS,ATM,DEBIT,2217.9,INR,DMart,SUCCESS,REF369700453
TXN000003282,A00000343,C000466,2026-08-09 17:55:54,UPI,ATM,DEBIT,6706.93,INR,Zomato,SUCCESS,REF388669497
TXN000003283,A00000427,C000218,2026-08-13 13:42:55,NEFT,Branch,DEBIT,3997.28,INR,,SUCCESS,REF851525410
TXN000003284,A00000442,C000463,2026-08-21 05:08:19,POS,Mobile App,DEBIT,2520.2,INR,BookMyShow,SUCCESS,REF826394869
TXN000003285,A00000523,C000292,2026-07-01 03:54:12,NEFT,Internet Banking,DEBIT,9803.24,INR,,SUCCESS,REF873675265
TXN000003286,A00000454,C000043,2026-08-04 09:55:13,NEFT,Branch,DEBIT,6173.46,INR,,SUCCESS,REF924691811
TXN000003287,A00000310,C000285,2026-08-27 14:37:51,NEFT,UPI,DEBIT,8104.5,INR,,SUCCESS,REF745827688
TXN000003288,A00000256,C000375,2026-08-03 00:39:34,UPI,Internet Banking,DEBIT,7291.89,INR,Airtel,SUCCESS,REF645319079
TXN000003289,A00000043,C000148,2026-07-13 07:53:14,NEFT,Internet Banking,DEBIT,2714.32,INR,,SUCCESS,REF135789254
TXN000003290,A00000567,C000109,2026-08-27 01:45:20,NEFT,Internet Banking,CREDIT,6964.04,INR,,REVERSED,REF862575484
TXN000003291,A00000227,C000481,2026-08-03 23:55:52,POS,ATM,DEBIT,9574.1,INR,Myntra,FAILED,REF935256648
TXN000003292,A00000242,C000413,2026-08-14 15:06:14,NEFT,UPI,DEBIT,1017.27,INR,,SUCCESS,REF247206513
TXN000003293,A00000077,C000193,2026-08-26 10:34:51,IMPS,ATM,CREDIT,9130.27,INR,,SUCCESS,REF932987121
TXN000003294,A00000265,C000159,2026-07-10 12:37:24,IMPS,UPI,DEBIT,5081.92,INR,,SUCCESS,REF270394896
TXN000003295,A00000053,C000330,2026-08-02 20:23:20,CASH_WITHDRAWAL,Internet Banking,DEBIT,5715.78,INR,,SUCCESS,REF284858805
TXN000003296,A00000399,C000414,2026-07-10 00:01:03,UPI,Mobile App,DEBIT,8626.7,INR,Swiggy,SUCCESS,REF378868545
TXN000003297,A00000444,C000154,2026-08-13 12:53:13,POS,ATM,DEBIT,4201.67,INR,Ola,SUCCESS,REF627173574
TXN000003298,A00000525,C000394,2026-07-19 20:55:27,NEFT,UPI,DEBIT,2150.26,INR,,SUCCESS,REF425565329
TXN000003299,A00000241,C000488,2026-07-07 14:29:18,CASH_DEPOSIT,Internet Banking,DEBIT,2942.48,INR,,SUCCESS,REF514055508
TXN000003300,A00000148,C000280,2026-08-26 04:44:23,POS,Mobile App,DEBIT,1940.8,INR,Amazon,SUCCESS,REF258644055
TXN000003301,A00000278,C000129,2026-07-12 15:02:41,CASH_WITHDRAWAL,Branch,DEBIT,2333.49,INR,,SUCCESS,REF710433423
TXN000003302,A00000373,C000197,2026-07-21 19:48:34,POS,ATM,DEBIT,4925.57,INR,Croma,SUCCESS,REF838551078
TXN000003303,A00000331,C000473,2026-08-31 01:18:56,RTGS,UPI,DEBIT,190531.43,INR,,SUCCESS,REF780203907
TXN000003304,A00000286,C000019,2026-07-31 18:44:56,IMPS,UPI,DEBIT,6769.52,INR,,SUCCESS,REF647550512
TXN000003305,A00000128,C000420,2026-08-09 13:56:50,IMPS,Internet Banking,CREDIT,201.02,INR,,SUCCESS,REF290889736
TXN000003306,A00000380,C000418,2026-08-30 16:41:34,CASH_DEPOSIT,ATM,DEBIT,8111.84,INR,,SUCCESS,REF544870655
TXN000003307,A00000552,C000372,2026-07-22 08:23:57,RTGS,Internet Banking,DEBIT,128307.74,INR,,SUCCESS,REF758227323
TXN000003308,A00000622,C000420,2026-08-10 17:07:23,POS,UPI,DEBIT,9654.26,INR,Myntra,FAILED,REF941195818
TXN000003309,A00000138,C000060,2026-07-30 18:06:00,UPI,Branch,DEBIT,924.91,INR,Ola,SUCCESS,REF418042932
TXN000003310,A00000372,C000007,2026-07-25 20:48:13,UPI,Internet Banking,DEBIT,1378.52,INR,BookMyShow,SUCCESS,REF491651962
TXN000003311,A00000219,C000236,2026-08-11 10:15:45,ATM_WITHDRAWAL,Corporate Banking,DEBIT,17664.21,INR,,SUCCESS,REF132911004
TXN000003312,A00000223,C000125,2026-08-17 04:30:13,IMPS,UPI,CREDIT,9500.32,INR,,SUCCESS,REF903604170
TXN000003313,A00000438,C000374,2026-08-26 15:27:26,CASH_WITHDRAWAL,ATM,CREDIT,12924.4,INR,,FAILED,REF375959763
TXN000003314,A00000482,C000074,2026-07-04 03:33:11,CASH_WITHDRAWAL,Branch,DEBIT,3147.0,INR,,SUCCESS,REF691958415
TXN000003315,A00000236,C000401,2026-08-05 06:18:50,ATM_WITHDRAWAL,ATM,DEBIT,9631.36,INR,,SUCCESS,REF789783519
TXN000003316,A00000560,C000334,2026-08-09 12:35:23,CASH_WITHDRAWAL,Corporate Banking,DEBIT,9775.72,INR,,SUCCESS,REF902058339
TXN000003317,A00000290,C000315,2026-07-14 21:32:05,IMPS,Mobile App,DEBIT,1375.84,INR,,SUCCESS,REF237598644
TXN000003318,A00000369,C000390,2026-07-30 16:36:33,CASH_WITHDRAWAL,Internet Banking,DEBIT,15514.27,INR,,SUCCESS,REF464081141
TXN000003319,A00000050,C000395,2026-08-12 18:58:30,IMPS,UPI,DEBIT,9951.48,INR,,SUCCESS,REF207167502
TXN000003320,A00000289,C000439,2026-08-15 13:46:45,ATM_WITHDRAWAL,Mobile App,DEBIT,1179.49,INR,,SUCCESS,REF525455234
TXN000003321,A00000548,C000373,2026-07-20 06:25:14,CASH_WITHDRAWAL,Branch,DEBIT,10357.21,INR,,SUCCESS,REF838800086
TXN000003322,A00000641,C000039,2026-08-08 11:19:33,RTGS,ATM,CREDIT,276335.86,INR,,SUCCESS,REF511585389
TXN000003323,A00000591,C000178,2026-07-22 08:47:13,RTGS,Mobile App,DEBIT,129946.21,INR,,SUCCESS,REF440625805
TXN000003324,A00000318,C000165,2026-07-27 23:29:54,CASH_DEPOSIT,ATM,DEBIT,858.08,INR,,SUCCESS,REF577928438
TXN000003325,A00000464,C000301,2026-08-18 20:44:06,NEFT,UPI,CREDIT,5222.18,INR,,SUCCESS,REF544813591
TXN000003326,A00000081,C000045,2026-08-15 10:34:46,RTGS,Corporate Banking,DEBIT,196505.67,INR,,FAILED,REF728971435
TXN000003327,A00000139,C000284,2026-08-05 12:12:30,NEFT,Corporate Banking,CREDIT,1191.92,INR,,SUCCESS,REF779203099
TXN000003328,A00000341,C000376,2026-07-18 16:46:15,UPI,Mobile App,CREDIT,919.48,INR,MakeMyTrip,SUCCESS,REF247789142
TXN000003329,A00000411,C000005,2026-07-25 12:51:18,RTGS,Internet Banking,CREDIT,401871.98,INR,,SUCCESS,REF712239339
TXN000003330,A00000088,C000238,2026-08-21 04:55:13,CASH_WITHDRAWAL,Branch,DEBIT,12817.42,INR,,SUCCESS,REF792353498
TXN000003331,A00000127,C000426,2026-07-07 09:18:11,UPI,Mobile App,CREDIT,7900.49,INR,Ola,SUCCESS,REF524248722
TXN000003332,A00000187,C000061,2026-08-01 11:46:23,POS,UPI,DEBIT,903.78,INR,Zomato,SUCCESS,REF725659728
TXN000003333,A00000044,C000327,2026-08-10 00:30:37,CASH_DEPOSIT,Corporate Banking,DEBIT,4480.78,INR,,SUCCESS,REF384723140
TXN000003334,A00000647,C000011,2026-07-31 06:40:37,POS,Internet Banking,DEBIT,5172.7,INR,Myntra,SUCCESS,REF823044258
TXN000003335,A00000301,C000216,2026-08-15 04:40:43,CASH_DEPOSIT,UPI,DEBIT,4264.21,INR,,SUCCESS,REF313003436
TXN000003336,A00000046,C000267,2026-07-08 21:20:50,POS,ATM,DEBIT,1193.92,INR,Airtel,SUCCESS,REF800653976
TXN000003337,A00000223,C000125,2026-07-21 08:26:50,ATM_WITHDRAWAL,ATM,CREDIT,18888.64,INR,,SUCCESS,REF580494706
TXN000003338,A00000496,C000286,2026-08-16 04:44:09,CASH_WITHDRAWAL,ATM,DEBIT,5388.47,INR,,SUCCESS,REF617657895
TXN000003339,A00000331,C000473,2026-07-05 00:19:49,UPI,Internet Banking,CREDIT,2107.83,INR,Swiggy,SUCCESS,REF604994070
TXN000003340,A00000489,C000320,2026-08-13 22:51:20,NEFT,Mobile App,DEBIT,6314.0,INR,,FAILED,REF543386358
TXN000003341,A00000088,C000238,2026-07-17 14:21:25,UPI,ATM,CREDIT,4839.62,INR,MakeMyTrip,SUCCESS,REF393077057
TXN000003342,A00000486,C000197,2026-08-27 03:16:49,IMPS,ATM,DEBIT,7946.86,INR,,SUCCESS,REF282834924
TXN000003343,A00000297,C000034,2026-08-12 08:55:10,RTGS,Corporate Banking,DEBIT,240437.93,INR,,SUCCESS,REF473946521
TXN000003344,A00000202,C000347,2026-08-24 20:51:20,CASH_DEPOSIT,Internet Banking,DEBIT,9305.84,INR,,SUCCESS,REF449959031
TXN000003345,A00000545,C000136,2026-08-01 07:31:56,CASH_WITHDRAWAL,Internet Banking,DEBIT,17844.35,INR,,SUCCESS,REF701548836
TXN000003346,A00000096,C000085,2026-07-12 19:01:37,UPI,Corporate Banking,DEBIT,6628.8,INR,Apollo Pharmacy,SUCCESS,REF514471871
TXN000003347,A00000275,C000156,2026-08-31 02:37:14,CASH_DEPOSIT,Mobile App,CREDIT,7504.19,INR,,SUCCESS,REF754330964
TXN000003348,A00000623,C000342,2026-07-16 03:54:26,RTGS,UPI,CREDIT,351580.71,INR,,SUCCESS,REF573946809
TXN000003349,A00000342,C000485,2026-07-17 08:07:04,CASH_DEPOSIT,UPI,DEBIT,6995.46,INR,,SUCCESS,REF168325456
TXN000003350,A00000645,C000178,2026-07-26 07:55:35,POS,Branch,DEBIT,3962.82,INR,Uber,SUCCESS,REF255792545
TXN000003351,A00000121,C000075,2026-07-05 14:09:26,UPI,Internet Banking,DEBIT,3619.09,INR,BookMyShow,SUCCESS,REF895607002
TXN000003352,A00000057,C000324,2026-07-06 07:26:41,ATM_WITHDRAWAL,Corporate Banking,DEBIT,10277.88,INR,,SUCCESS,REF909320837
TXN000003353,A00000201,C000300,2026-08-10 08:58:08,CASH_WITHDRAWAL,UPI,CREDIT,19875.24,INR,,SUCCESS,REF271897015
TXN000003354,A00000495,C000296,2026-08-08 11:32:17,IMPS,UPI,CREDIT,7665.95,INR,,SUCCESS,REF603384359
TXN000003355,A00000063,C000089,2026-08-03 21:34:49,POS,UPI,DEBIT,3637.39,INR,MakeMyTrip,SUCCESS,REF295578761
TXN000003356,A00000602,C000022,2026-08-08 03:29:55,CASH_DEPOSIT,Internet Banking,DEBIT,6109.39,INR,,SUCCESS,REF296581435
TXN000003357,A00000490,C000409,2026-07-09 20:53:39,UPI,Mobile App,DEBIT,543.78,INR,Zomato,SUCCESS,REF238180646
TXN000003358,A00000401,C000296,2026-07-02 05:42:06,RTGS,Branch,DEBIT,167819.0,INR,,SUCCESS,REF685213836
TXN000003359,A00000549,C000259,2026-07-06 04:55:48,ATM_WITHDRAWAL,Corporate Banking,DEBIT,10244.58,INR,,SUCCESS,REF285522878
TXN000003360,A00000641,C000039,2026-08-07 12:51:33,POS,ATM,DEBIT,678.09,INR,MakeMyTrip,SUCCESS,REF491472786
TXN000003361,A00000345,C000328,2026-08-14 13:25:13,IMPS,Internet Banking,DEBIT,1593.63,INR,,SUCCESS,REF446994167
TXN000003362,A00000570,C000146,2026-08-27 15:55:01,CASH_WITHDRAWAL,Mobile App,DEBIT,17457.71,INR,,SUCCESS,REF262523036
TXN000003363,A00000152,C000316,2026-07-15 08:34:32,IMPS,Internet Banking,DEBIT,6103.11,INR,,SUCCESS,REF571187696
TXN000003364,A00000540,C000278,2026-07-13 12:46:13,CASH_WITHDRAWAL,UPI,CREDIT,14660.89,INR,,SUCCESS,REF268200232
TXN000003365,A00000421,C000045,2026-07-27 10:05:04,ATM_WITHDRAWAL,Corporate Banking,DEBIT,10227.32,INR,,SUCCESS,REF588395166
TXN000003366,A00000155,C000059,2026-08-31 04:28:29,RTGS,UPI,DEBIT,54413.52,INR,,SUCCESS,REF152914295
TXN000003367,A00000539,C000268,2026-07-31 11:30:30,UPI,ATM,DEBIT,9349.57,INR,Jio,SUCCESS,REF902271923
TXN000003368,A00000347,C000125,2026-07-21 19:17:19,NEFT,Branch,DEBIT,6522.58,INR,,SUCCESS,REF789073870
TXN000003369,A00000570,C000146,2026-08-01 09:27:58,CASH_DEPOSIT,Internet Banking,CREDIT,4890.49,INR,,SUCCESS,REF731652289
TXN000003370,A00000218,C000133,2026-08-05 15:32:17,CASH_WITHDRAWAL,ATM,DEBIT,15552.99,INR,,SUCCESS,REF943752721
TXN000003371,A00000650,C000122,2026-08-29 07:58:58,ATM_WITHDRAWAL,Mobile App,DEBIT,6944.64,INR,,SUCCESS,REF575330283
TXN000003372,A00000284,C000005,2026-07-13 17:27:30,CASH_DEPOSIT,UPI,DEBIT,9741.97,INR,,SUCCESS,REF843453025
TXN000003373,A00000441,C000351,2026-08-09 02:42:14,IMPS,Internet Banking,DEBIT,5044.89,INR,,SUCCESS,REF620682402
TXN000003374,A00000298,C000206,2026-07-16 10:29:47,RTGS,Internet Banking,DEBIT,337467.7,INR,,SUCCESS,REF276726517
TXN000003375,A00000119,C000497,2026-07-01 09:11:35,ATM_WITHDRAWAL,ATM,DEBIT,18211.53,INR,,SUCCESS,REF128368933
TXN000003376,A00000640,C000115,2026-07-28 05:57:55,CASH_WITHDRAWAL,UPI,DEBIT,13011.12,INR,,SUCCESS,REF730821388
TXN000003377,A00000499,C000298,2026-07-25 00:35:06,CASH_WITHDRAWAL,UPI,DEBIT,19419.71,INR,,SUCCESS,REF751222547
TXN000003378,A00000571,C000019,2026-07-20 17:38:49,NEFT,Corporate Banking,DEBIT,4418.88,INR,,SUCCESS,REF491742566
TXN000003379,A00000210,C000416,2026-08-03 16:23:54,CASH_WITHDRAWAL,Internet Banking,DEBIT,10779.49,INR,,FAILED,REF488916775
TXN000003380,A00000464,C000301,2026-08-21 23:00:04,NEFT,UPI,DEBIT,2485.17,INR,,FAILED,REF383409909
TXN000003381,A00000616,C000290,2026-07-28 08:51:11,CASH_DEPOSIT,UPI,DEBIT,691.98,INR,,SUCCESS,REF614206379
TXN000003382,A00000257,C000263,2026-07-29 23:18:33,CASH_WITHDRAWAL,Mobile App,DEBIT,5914.52,INR,,SUCCESS,REF645019680
TXN000003383,A00000281,C000169,2026-08-22 02:38:49,CASH_WITHDRAWAL,UPI,DEBIT,7978.02,INR,,FAILED,REF911699278
TXN000003384,A00000577,C000299,2026-08-25 19:34:59,CASH_WITHDRAWAL,Mobile App,DEBIT,10109.14,INR,,SUCCESS,REF973999780
TXN000003385,A00000609,C000348,2026-07-02 02:10:29,UPI,Internet Banking,DEBIT,6410.54,INR,Airtel,SUCCESS,REF893966332
TXN000003386,A00000117,C000079,2026-07-24 10:21:14,CASH_WITHDRAWAL,Branch,DEBIT,6780.65,INR,,SUCCESS,REF172109511
TXN000003387,A00000586,C000221,2026-07-19 14:52:55,RTGS,Mobile App,CREDIT,466501.25,INR,,SUCCESS,REF244666403
TXN000003388,A00000193,C000481,2026-07-04 14:47:50,RTGS,Internet Banking,DEBIT,447505.62,INR,,SUCCESS,REF949795946
TXN000003389,A00000200,C000064,2026-07-31 11:25:26,POS,UPI,DEBIT,6144.7,INR,Uber,REVERSED,REF267965996
TXN000003390,A00000516,C000199,2026-07-08 21:38:30,IMPS,ATM,DEBIT,7315.85,INR,,SUCCESS,REF701446009
TXN000003391,A00000501,C000486,2026-08-02 23:43:31,POS,UPI,DEBIT,6347.29,INR,MakeMyTrip,REVERSED,REF599364556
TXN000003392,A00000436,C000409,2026-07-30 07:59:29,RTGS,UPI,DEBIT,469385.32,INR,,SUCCESS,REF513198053
TXN000003393,A00000422,C000495,2026-08-12 20:43:50,UPI,ATM,DEBIT,5713.73,INR,Airtel,FAILED,REF949290293
TXN000003394,A00000057,C000324,2026-07-03 16:09:15,ATM_WITHDRAWAL,Corporate Banking,DEBIT,7594.1,INR,,SUCCESS,REF268661262
TXN000003395,A00000625,C000298,2026-07-02 16:04:20,UPI,UPI,DEBIT,6878.37,INR,Myntra,SUCCESS,REF258446894
TXN000003396,A00000415,C000063,2026-08-03 05:45:53,POS,Internet Banking,DEBIT,1519.78,INR,Uber,SUCCESS,REF457090387
TXN000003397,A00000637,C000271,2026-07-28 18:11:59,ATM_WITHDRAWAL,Branch,DEBIT,14887.8,INR,,SUCCESS,REF443047374
TXN000003398,A00000209,C000103,2026-07-21 20:09:23,CASH_WITHDRAWAL,Branch,CREDIT,16130.16,INR,,SUCCESS,REF643335609
TXN000003399,A00000513,C000041,2026-07-21 07:17:57,ATM_WITHDRAWAL,Corporate Banking,DEBIT,6921.95,INR,,SUCCESS,REF896345192
TXN000003400,A00000402,C000395,2026-07-31 05:10:03,POS,ATM,DEBIT,6204.95,INR,Jio,SUCCESS,REF586876162
TXN000003401,A00000025,C000280,2026-07-13 01:39:16,POS,ATM,CREDIT,866.61,INR,BookMyShow,SUCCESS,REF936962481
TXN000003402,A00000132,C000342,2026-08-05 08:49:22,NEFT,UPI,CREDIT,3209.84,INR,,SUCCESS,REF988998066
TXN000003403,A00000188,C000366,2026-07-22 08:10:11,CASH_WITHDRAWAL,ATM,DEBIT,10653.52,INR,,SUCCESS,REF878511534
TXN000003404,A00000588,C000305,2026-07-15 17:13:34,IMPS,Branch,CREDIT,3136.29,INR,,SUCCESS,REF557525416
TXN000003405,A00000197,C000265,2026-08-03 13:32:36,UPI,UPI,DEBIT,8297.33,INR,Flipkart,SUCCESS,REF380036406
TXN000003406,A00000514,C000083,2026-08-29 18:46:58,RTGS,Branch,CREDIT,241273.31,INR,,SUCCESS,REF313622421
TXN000003407,A00000549,C000259,2026-08-12 15:03:52,CASH_DEPOSIT,Branch,CREDIT,4284.39,INR,,SUCCESS,REF498780668
TXN000003408,A00000359,C000361,2026-07-16 11:54:39,POS,Internet Banking,DEBIT,4516.58,INR,Amazon,SUCCESS,REF899991421
TXN000003409,A00000453,C000027,2026-07-01 10:41:31,CASH_WITHDRAWAL,Branch,DEBIT,3051.35,INR,,SUCCESS,REF985923339
TXN000003410,A00000546,C000431,2026-08-04 11:39:23,NEFT,Internet Banking,CREDIT,306.62,INR,,SUCCESS,REF467877098
TXN000003411,A00000497,C000498,2026-08-10 05:25:26,ATM_WITHDRAWAL,Branch,DEBIT,15791.64,INR,,SUCCESS,REF222558414
TXN000003412,A00000017,C000303,2026-07-30 11:01:51,ATM_WITHDRAWAL,UPI,DEBIT,1655.71,INR,,SUCCESS,REF506921423
TXN000003413,A00000015,C000167,2026-08-13 04:10:18,NEFT,Branch,DEBIT,4309.82,INR,,SUCCESS,REF776120634
TXN000003414,A00000392,C000338,2026-08-11 10:21:34,CASH_DEPOSIT,Branch,DEBIT,938.86,INR,,SUCCESS,REF802661827
TXN000003415,A00000365,C000073,2026-08-25 11:21:19,UPI,Internet Banking,DEBIT,468.82,INR,Flipkart,FAILED,REF694563949
TXN000003416,A00000602,C000022,2026-07-31 00:50:28,IMPS,ATM,DEBIT,1344.72,INR,,FAILED,REF512775329
TXN000003417,A00000318,C000165,2026-08-11 12:40:50,ATM_WITHDRAWAL,Corporate Banking,DEBIT,6974.65,INR,,FAILED,REF341875684
TXN000003418,A00000404,C000146,2026-08-01 05:06:03,RTGS,Mobile App,DEBIT,231552.47,INR,,SUCCESS,REF928086278
TXN000003419,A00000523,C000292,2026-08-03 08:02:37,NEFT,Mobile App,DEBIT,4870.91,INR,,SUCCESS,REF919455371
TXN000003420,A00000304,C000348,2026-08-11 23:09:28,IMPS,UPI,CREDIT,2643.32,INR,,SUCCESS,REF366056804
TXN000003421,A00000623,C000342,2026-08-16 01:16:09,UPI,Internet Banking,DEBIT,7715.62,INR,BigBasket,SUCCESS,REF862415859
TXN000003422,A00000562,C000217,2026-08-25 20:01:47,UPI,UPI,CREDIT,2768.59,INR,MakeMyTrip,SUCCESS,REF439493133
TXN000003423,A00000107,C000461,2026-07-08 15:55:47,ATM_WITHDRAWAL,Branch,CREDIT,11719.39,INR,,SUCCESS,REF634526283
TXN000003424,A00000015,C000167,2026-07-27 19:25:01,NEFT,UPI,DEBIT,8881.02,INR,,SUCCESS,REF119132188
TXN000003425,A00000236,C000401,2026-07-12 20:00:26,ATM_WITHDRAWAL,Branch,DEBIT,2617.35,INR,,SUCCESS,REF509119456
TXN000003426,A00000259,C000079,2026-07-27 14:01:09,POS,Mobile App,DEBIT,2648.04,INR,BookMyShow,SUCCESS,REF266201861
TXN000003427,A00000358,C000163,2026-07-26 21:36:31,RTGS,UPI,CREDIT,107253.83,INR,,SUCCESS,REF927078496
TXN000003428,A00000166,C000422,2026-08-20 23:15:38,POS,UPI,DEBIT,9282.42,INR,MakeMyTrip,SUCCESS,REF139862434
TXN000003429,A00000569,C000141,2026-08-11 18:24:31,UPI,UPI,CREDIT,6327.16,INR,Zomato,SUCCESS,REF348614327
TXN000003430,A00000226,C000217,2026-08-19 18:03:36,NEFT,Branch,CREDIT,7596.52,INR,,SUCCESS,REF398226490
TXN000003431,A00000177,C000491,2026-08-22 03:00:11,CASH_DEPOSIT,Internet Banking,DEBIT,9381.34,INR,,SUCCESS,REF548171924
TXN000003432,A00000341,C000376,2026-07-17 03:48:54,UPI,Internet Banking,DEBIT,8489.23,INR,Ola,SUCCESS,REF470442656
TXN000003433,A00000513,C000041,2026-08-20 15:04:35,IMPS,Corporate Banking,DEBIT,6015.97,INR,,SUCCESS,REF496329409
TXN000003434,A00000264,C000277,2026-08-23 20:52:31,NEFT,Branch,DEBIT,6615.6,INR,,FAILED,REF978107312
TXN000003435,A00000475,C000422,2026-08-02 17:39:43,UPI,ATM,DEBIT,2580.19,INR,Amazon,SUCCESS,REF970358503
TXN000003436,A00000561,C000129,2026-08-29 11:50:32,RTGS,Corporate Banking,DEBIT,317403.22,INR,,SUCCESS,REF286422258
TXN000003437,A00000487,C000040,2026-08-21 17:41:20,CASH_DEPOSIT,Internet Banking,DEBIT,74.19,INR,,SUCCESS,REF380815214
TXN000003438,A00000277,C000001,2026-07-28 04:30:49,UPI,Mobile App,DEBIT,7977.74,INR,BigBasket,SUCCESS,REF449556663
TXN000003439,A00000362,C000163,2026-08-05 07:11:21,POS,Mobile App,CREDIT,3884.6,INR,IRCTC,SUCCESS,REF323146898
TXN000003440,A00000547,C000124,2026-07-24 12:32:57,ATM_WITHDRAWAL,Branch,DEBIT,17330.23,INR,,SUCCESS,REF477497849
TXN000003441,A00000280,C000491,2026-08-10 13:10:51,IMPS,Mobile App,CREDIT,8713.79,INR,,SUCCESS,REF494912608
TXN000003442,A00000412,C000431,2026-07-18 23:33:53,UPI,UPI,DEBIT,5130.01,INR,Amazon,SUCCESS,REF605531663
TXN000003443,A00000074,C000255,2026-07-14 11:10:19,IMPS,Branch,DEBIT,3943.35,INR,,SUCCESS,REF327516621
TXN000003444,A00000501,C000486,2026-07-16 05:30:50,NEFT,ATM,CREDIT,7346.37,INR,,SUCCESS,REF365706226
TXN000003445,A00000250,C000230,2026-07-09 16:20:28,IMPS,ATM,CREDIT,8790.1,INR,,SUCCESS,REF566452045
TXN000003446,A00000630,C000179,2026-08-20 18:31:16,POS,Branch,DEBIT,9119.63,INR,Uber,SUCCESS,REF579263682
TXN000003447,A00000469,C000197,2026-08-06 10:32:29,ATM_WITHDRAWAL,Internet Banking,DEBIT,3445.45,INR,,SUCCESS,REF316094791
TXN000003448,A00000428,C000366,2026-07-11 14:40:59,CASH_WITHDRAWAL,ATM,DEBIT,17754.1,INR,,SUCCESS,REF748044381
TXN000003449,A00000005,C000273,2026-08-11 15:23:23,POS,ATM,DEBIT,2337.6,INR,Myntra,SUCCESS,REF181220319
TXN000003450,A00000407,C000418,2026-08-15 07:30:52,NEFT,Branch,CREDIT,9024.32,INR,,SUCCESS,REF115906198
TXN000003451,A00000350,C000340,2026-08-05 19:26:33,RTGS,Mobile App,DEBIT,461812.55,INR,,SUCCESS,REF802425947
TXN000003452,A00000327,C000388,2026-07-07 14:29:28,NEFT,ATM,DEBIT,5145.3,INR,,SUCCESS,REF112167074
TXN000003453,A00000162,C000277,2026-08-25 04:20:28,RTGS,UPI,DEBIT,291985.52,INR,,SUCCESS,REF998237743
TXN000003454,A00000630,C000179,2026-07-05 04:01:03,POS,Internet Banking,DEBIT,9552.61,INR,Reliance Digital,SUCCESS,REF684306106
TXN000003455,A00000097,C000012,2026-07-17 03:09:09,POS,Internet Banking,DEBIT,4872.64,INR,Amazon,SUCCESS,REF932042604
TXN000003456,A00000437,C000157,2026-08-24 06:40:32,UPI,Mobile App,CREDIT,5026.08,INR,Jio,SUCCESS,REF526466716
TXN000003457,A00000039,C000429,2026-08-11 06:21:23,IMPS,Mobile App,DEBIT,4133.46,INR,,SUCCESS,REF630919023
TXN000003458,A00000566,C000169,2026-08-29 12:15:56,IMPS,Branch,DEBIT,1488.84,INR,,SUCCESS,REF557694862
TXN000003459,A00000102,C000355,2026-07-09 02:22:07,RTGS,Branch,DEBIT,479960.65,INR,,SUCCESS,REF446902546
TXN000003460,A00000492,C000094,2026-07-09 22:23:46,CASH_WITHDRAWAL,UPI,DEBIT,844.4,INR,,SUCCESS,REF756900995
TXN000003461,A00000490,C000409,2026-08-31 15:23:17,POS,UPI,CREDIT,1880.16,INR,Ola,FAILED,REF153276464
TXN000003462,A00000547,C000124,2026-07-26 20:17:07,RTGS,Corporate Banking,DEBIT,91824.32,INR,,SUCCESS,REF145067287
TXN000003463,A00000454,C000043,2026-08-03 16:30:25,RTGS,Branch,DEBIT,138184.13,INR,,SUCCESS,REF721228291
TXN000003464,A00000019,C000285,2026-08-31 05:38:43,RTGS,Branch,DEBIT,321247.35,INR,,SUCCESS,REF948763878
TXN000003465,A00000401,C000296,2026-07-03 17:33:45,IMPS,Branch,DEBIT,4008.15,INR,,REVERSED,REF405528159
TXN000003466,A00000505,C000206,2026-08-11 16:20:36,ATM_WITHDRAWAL,UPI,DEBIT,6864.14,INR,,SUCCESS,REF280644441
TXN000003467,A00000473,C000329,2026-08-30 06:20:21,RTGS,Mobile App,DEBIT,450391.09,INR,,SUCCESS,REF717290805
TXN000003468,A00000465,C000155,2026-07-21 09:19:04,IMPS,Branch,DEBIT,9642.51,INR,,SUCCESS,REF820230154
TXN000003469,A00000255,C000266,2026-07-19 08:32:45,ATM_WITHDRAWAL,Corporate Banking,DEBIT,17725.03,INR,,SUCCESS,REF531449213
TXN000003470,A00000319,C000472,2026-07-30 19:52:55,POS,Branch,DEBIT,6021.53,INR,MakeMyTrip,SUCCESS,REF992446340
TXN000003471,A00000588,C000305,2026-07-18 15:36:04,IMPS,Mobile App,CREDIT,7377.63,INR,,SUCCESS,REF742798873
TXN000003472,A00000536,C000357,2026-08-10 23:39:00,RTGS,Internet Banking,DEBIT,207673.86,INR,,SUCCESS,REF460972518
TXN000003473,A00000558,C000266,2026-07-01 18:11:49,RTGS,Corporate Banking,CREDIT,212391.6,INR,,FAILED,REF762576554
TXN000003474,A00000596,C000156,2026-07-08 16:09:29,UPI,Mobile App,DEBIT,7330.87,INR,Swiggy,SUCCESS,REF922362190
TXN000003475,A00000372,C000007,2026-07-14 08:36:35,UPI,Branch,DEBIT,2863.39,INR,Ola,SUCCESS,REF384157256
TXN000003476,A00000019,C000285,2026-07-20 14:46:16,NEFT,Branch,DEBIT,535.17,INR,,SUCCESS,REF827114473
TXN000003477,A00000205,C000145,2026-08-29 15:49:47,RTGS,Mobile App,DEBIT,53210.55,INR,,SUCCESS,REF511476020
TXN000003478,A00000056,C000419,2026-07-18 04:44:58,RTGS,ATM,CREDIT,224482.25,INR,,SUCCESS,REF343433991
TXN000003479,A00000237,C000363,2026-07-19 01:54:39,NEFT,UPI,DEBIT,3822.44,INR,,SUCCESS,REF108376917
TXN000003480,A00000066,C000392,2026-08-08 21:11:34,CASH_WITHDRAWAL,Internet Banking,DEBIT,9253.12,INR,,SUCCESS,REF892927828
TXN000003481,A00000257,C000263,2026-07-08 21:58:51,UPI,Corporate Banking,DEBIT,3377.77,INR,Amazon,SUCCESS,REF742115588
TXN000003482,A00000012,C000441,2026-08-18 12:06:49,UPI,ATM,CREDIT,8422.98,INR,Reliance Digital,SUCCESS,REF268897141
TXN000003483,A00000428,C000366,2026-07-31 15:44:09,RTGS,Mobile App,DEBIT,216086.11,INR,,SUCCESS,REF217496751
TXN000003484,A00000246,C000019,2026-07-12 19:11:48,UPI,ATM,CREDIT,1543.22,INR,Zomato,SUCCESS,REF544758038
TXN000003485,A00000335,C000088,2026-07-19 21:09:28,CASH_DEPOSIT,Mobile App,DEBIT,265.94,INR,,SUCCESS,REF578621700
TXN000003486,A00000451,C000216,2026-08-07 01:35:46,CASH_WITHDRAWAL,Internet Banking,CREDIT,13453.71,INR,,SUCCESS,REF461991670
TXN000003487,A00000197,C000265,2026-08-01 22:43:14,IMPS,UPI,CREDIT,1328.63,INR,,SUCCESS,REF827663665
TXN000003488,A00000357,C000406,2026-07-08 11:30:06,IMPS,UPI,CREDIT,3967.96,INR,,FAILED,REF661179491
TXN000003489,A00000640,C000115,2026-08-16 20:09:52,NEFT,Mobile App,DEBIT,4040.39,INR,,SUCCESS,REF213698304
TXN000003490,A00000325,C000098,2026-07-17 05:54:56,NEFT,Corporate Banking,DEBIT,981.48,INR,,SUCCESS,REF414351500
TXN000003491,A00000513,C000041,2026-08-31 15:09:47,ATM_WITHDRAWAL,ATM,DEBIT,17793.31,INR,,SUCCESS,REF822408035
TXN000003492,A00000209,C000103,2026-08-27 09:36:03,CASH_WITHDRAWAL,Branch,DEBIT,14950.91,INR,,SUCCESS,REF531952678
TXN000003493,A00000612,C000182,2026-08-30 11:33:32,POS,Corporate Banking,DEBIT,3137.14,INR,Decathlon,SUCCESS,REF894866111
TXN000003494,A00000006,C000491,2026-08-11 03:18:16,RTGS,ATM,CREDIT,451751.39,INR,,SUCCESS,REF195923037
TXN000003495,A00000473,C000329,2026-07-14 23:40:29,UPI,Branch,DEBIT,3900.18,INR,Zomato,SUCCESS,REF585261332
TXN000003496,A00000219,C000236,2026-08-03 22:59:27,RTGS,Corporate Banking,DEBIT,349099.95,INR,,SUCCESS,REF131797198
TXN000003497,A00000251,C000290,2026-07-25 13:01:18,POS,ATM,DEBIT,4727.78,INR,Amazon,SUCCESS,REF711749789
TXN000003498,A00000066,C000392,2026-07-09 14:31:12,POS,Corporate Banking,DEBIT,2943.16,INR,BookMyShow,SUCCESS,REF259506952
TXN000003499,A00000298,C000206,2026-08-25 10:12:01,NEFT,Mobile App,DEBIT,1273.57,INR,,SUCCESS,REF285250443
TXN000003500,A00000311,C000102,2026-07-17 17:13:20,NEFT,Internet Banking,DEBIT,8370.35,INR,,SUCCESS,REF568686246
TXN000003501,A00000148,C000280,2026-07-09 08:19:52,ATM_WITHDRAWAL,Branch,CREDIT,10799.3,INR,,SUCCESS,REF415521578
TXN000003502,A00000130,C000114,2026-07-28 18:36:45,NEFT,Internet Banking,CREDIT,7976.12,INR,,SUCCESS,REF656755997
TXN000003503,A00000612,C000182,2026-08-14 12:18:14,POS,UPI,DEBIT,1023.07,INR,Reliance Digital,SUCCESS,REF840285525
TXN000003504,A00000433,C000051,2026-07-05 18:01:52,CASH_DEPOSIT,Internet Banking,CREDIT,3220.09,INR,,SUCCESS,REF302212308
TXN000003505,A00000240,C000386,2026-08-18 09:50:33,NEFT,UPI,DEBIT,9468.29,INR,,SUCCESS,REF136220238
TXN000003506,A00000332,C000486,2026-07-14 17:19:24,ATM_WITHDRAWAL,Corporate Banking,DEBIT,13975.09,INR,,FAILED,REF789192682
TXN000003507,A00000298,C000206,2026-08-20 08:48:52,CASH_DEPOSIT,Corporate Banking,DEBIT,7441.16,INR,,SUCCESS,REF112757961
TXN000003508,A00000509,C000097,2026-08-04 15:35:29,UPI,UPI,DEBIT,6407.8,INR,BookMyShow,SUCCESS,REF157459186
TXN000003509,A00000115,C000213,2026-08-14 11:44:58,RTGS,Corporate Banking,DEBIT,173430.27,INR,,SUCCESS,REF624473194
TXN000003510,A00000314,C000190,2026-07-15 13:30:43,CASH_WITHDRAWAL,Corporate Banking,CREDIT,5715.56,INR,,SUCCESS,REF915030660
TXN000003511,A00000618,C000437,2026-08-02 13:06:58,CASH_WITHDRAWAL,Mobile App,DEBIT,13464.65,INR,,SUCCESS,REF182144667
TXN000003512,A00000496,C000286,2026-07-01 20:31:00,POS,Mobile App,CREDIT,535.38,INR,Amazon,SUCCESS,REF902765839
TXN000003513,A00000119,C000497,2026-08-05 20:50:12,POS,Corporate Banking,CREDIT,6232.72,INR,DMart,SUCCESS,REF892154746
TXN000003514,A00000636,C000045,2026-07-02 11:55:32,POS,Corporate Banking,DEBIT,1733.06,INR,Flipkart,SUCCESS,REF618716756
TXN000003515,A00000585,C000076,2026-08-03 09:43:03,IMPS,ATM,DEBIT,5046.79,INR,,SUCCESS,REF642590169
TXN000003516,A00000051,C000031,2026-08-17 22:04:34,CASH_DEPOSIT,UPI,DEBIT,9465.95,INR,,SUCCESS,REF557436313
TXN000003517,A00000098,C000011,2026-08-25 09:48:31,NEFT,Branch,CREDIT,5988.43,INR,,SUCCESS,REF623951371
TXN000003518,A00000526,C000360,2026-08-04 23:53:20,UPI,Branch,CREDIT,5129.7,INR,Croma,SUCCESS,REF195595141
TXN000003519,A00000126,C000053,2026-08-22 04:17:13,IMPS,ATM,DEBIT,9602.27,INR,,SUCCESS,REF695293223
TXN000003520,A00000153,C000179,2026-08-31 02:57:37,IMPS,Mobile App,DEBIT,2136.19,INR,,SUCCESS,REF635119840
TXN000003521,A00000141,C000074,2026-08-14 07:47:54,POS,UPI,DEBIT,72.98,INR,Ola,SUCCESS,REF287757876
TXN000003522,A00000472,C000274,2026-07-17 03:20:49,NEFT,Mobile App,DEBIT,9581.84,INR,,SUCCESS,REF633440364
TXN000003523,A00000507,C000218,2026-08-01 08:27:57,RTGS,Corporate Banking,CREDIT,191996.76,INR,,SUCCESS,REF293164185
TXN000003524,A00000104,C000277,2026-07-17 06:44:26,ATM_WITHDRAWAL,Branch,CREDIT,731.38,INR,,SUCCESS,REF616629040
TXN000003525,A00000268,C000165,2026-08-02 16:34:42,NEFT,Branch,DEBIT,3727.68,INR,,SUCCESS,REF154131930
TXN000003526,A00000338,C000235,2026-08-24 12:00:54,IMPS,Mobile App,DEBIT,6647.73,INR,,SUCCESS,REF717055637
TXN000003527,A00000373,C000197,2026-08-17 19:55:48,POS,ATM,CREDIT,6906.42,INR,Reliance Digital,SUCCESS,REF820916611
TXN000003528,A00000187,C000061,2026-07-30 05:25:24,CASH_WITHDRAWAL,Mobile App,DEBIT,11906.94,INR,,SUCCESS,REF831234541
TXN000003529,A00000074,C000255,2026-07-06 08:42:52,IMPS,Internet Banking,DEBIT,5850.8,INR,,SUCCESS,REF783589338
TXN000003530,A00000076,C000215,2026-07-02 17:18:34,RTGS,Internet Banking,DEBIT,72826.19,INR,,SUCCESS,REF921351459
TXN000003531,A00000046,C000267,2026-07-26 20:59:58,IMPS,Internet Banking,DEBIT,8691.14,INR,,SUCCESS,REF211226342
TXN000003532,A00000175,C000127,2026-07-12 08:18:23,RTGS,Mobile App,DEBIT,378178.15,INR,,SUCCESS,REF943265445
TXN000003533,A00000256,C000375,2026-08-25 17:16:35,POS,Branch,DEBIT,8870.52,INR,BigBasket,SUCCESS,REF995247396
TXN000003534,A00000108,C000229,2026-07-23 20:27:23,RTGS,ATM,DEBIT,492791.37,INR,,SUCCESS,REF281951985
TXN000003535,A00000127,C000426,2026-08-22 20:09:59,RTGS,Mobile App,DEBIT,100222.87,INR,,SUCCESS,REF158073077
TXN000003536,A00000529,C000042,2026-08-21 21:42:06,UPI,Mobile App,CREDIT,6191.85,INR,Swiggy,SUCCESS,REF770653797
TXN000003537,A00000238,C000063,2026-08-23 19:47:11,NEFT,Internet Banking,DEBIT,9257.81,INR,,SUCCESS,REF684614387
TXN000003538,A00000573,C000202,2026-08-10 10:07:58,RTGS,Corporate Banking,CREDIT,138804.05,INR,,SUCCESS,REF963233921
TXN000003539,A00000237,C000363,2026-08-20 07:36:16,NEFT,ATM,DEBIT,1002.39,INR,,SUCCESS,REF717254336
TXN000003540,A00000273,C000487,2026-08-23 13:20:04,CASH_DEPOSIT,Internet Banking,DEBIT,1732.05,INR,,SUCCESS,REF624284150
TXN000003541,A00000016,C000318,2026-07-15 12:57:51,UPI,Internet Banking,DEBIT,3242.69,INR,BigBasket,FAILED,REF692458207
TXN000003542,A00000104,C000277,2026-07-02 20:13:18,NEFT,Mobile App,DEBIT,7801.59,INR,,SUCCESS,REF445756924
TXN000003543,A00000060,C000123,2026-08-04 10:12:23,IMPS,ATM,CREDIT,7305.14,INR,,SUCCESS,REF694137381
TXN000003544,A00000170,C000161,2026-08-17 12:53:33,POS,Mobile App,CREDIT,5178.68,INR,Swiggy,REVERSED,REF557595052
TXN000003545,A00000302,C000160,2026-08-24 08:33:03,NEFT,Mobile App,DEBIT,3245.22,INR,,SUCCESS,REF117326897
TXN000003546,A00000391,C000228,2026-08-27 17:57:53,CASH_DEPOSIT,Branch,CREDIT,4190.12,INR,,SUCCESS,REF350104511
TXN000003547,A00000093,C000349,2026-07-05 15:40:59,NEFT,Corporate Banking,DEBIT,5752.05,INR,,REVERSED,REF733811160
TXN000003548,A00000341,C000376,2026-07-02 21:39:43,POS,Mobile App,CREDIT,7448.45,INR,BigBasket,SUCCESS,REF304346964
TXN000003549,A00000262,C000244,2026-08-01 22:40:27,UPI,Branch,CREDIT,2342.14,INR,Amazon,SUCCESS,REF330757171
TXN000003550,A00000498,C000361,2026-08-04 21:08:34,RTGS,Mobile App,DEBIT,93885.18,INR,,SUCCESS,REF407944554
TXN000003551,A00000380,C000418,2026-07-10 03:30:48,IMPS,ATM,DEBIT,498.58,INR,,SUCCESS,REF581858688
TXN000003552,A00000306,C000355,2026-08-05 09:49:51,IMPS,ATM,DEBIT,3020.61,INR,,SUCCESS,REF947547776
TXN000003553,A00000329,C000157,2026-08-30 11:57:33,UPI,Mobile App,DEBIT,7689.32,INR,Airtel,SUCCESS,REF334981225
TXN000003554,A00000394,C000448,2026-07-02 16:23:41,CASH_WITHDRAWAL,Mobile App,DEBIT,2833.12,INR,,SUCCESS,REF611837623
TXN000003555,A00000562,C000217,2026-07-21 11:40:50,UPI,Branch,DEBIT,8478.71,INR,Ola,SUCCESS,REF959779723
TXN000003556,A00000270,C000074,2026-08-15 16:15:49,ATM_WITHDRAWAL,Corporate Banking,DEBIT,6869.52,INR,,SUCCESS,REF580244660
TXN000003557,A00000270,C000074,2026-07-21 09:28:38,ATM_WITHDRAWAL,Branch,DEBIT,1155.52,INR,,FAILED,REF497181205
TXN000003558,A00000334,C000146,2026-07-18 00:21:00,CASH_DEPOSIT,UPI,DEBIT,4869.24,INR,,SUCCESS,REF883128491
TXN000003559,A00000404,C000146,2026-08-08 08:50:15,CASH_WITHDRAWAL,Branch,DEBIT,12227.66,INR,,SUCCESS,REF376483023
TXN000003560,A00000643,C000134,2026-07-03 12:42:39,NEFT,Corporate Banking,DEBIT,3067.05,INR,,SUCCESS,REF614059369
TXN000003561,A00000020,C000395,2026-08-20 09:53:41,NEFT,ATM,DEBIT,8436.89,INR,,SUCCESS,REF376362761
TXN000003562,A00000006,C000491,2026-08-26 10:41:48,UPI,Branch,DEBIT,184.84,INR,Apollo Pharmacy,SUCCESS,REF373664595
TXN000003563,A00000368,C000487,2026-08-20 07:41:03,ATM_WITHDRAWAL,Internet Banking,CREDIT,8008.36,INR,,SUCCESS,REF487923122
TXN000003564,A00000417,C000223,2026-08-27 20:04:58,UPI,UPI,DEBIT,2856.44,INR,Apollo Pharmacy,SUCCESS,REF244473377
TXN000003565,A00000324,C000330,2026-07-13 19:18:33,CASH_WITHDRAWAL,Branch,CREDIT,2121.53,INR,,SUCCESS,REF892935900
TXN000003566,A00000082,C000008,2026-07-08 06:12:45,NEFT,Corporate Banking,DEBIT,9878.02,INR,,SUCCESS,REF512378067
TXN000003567,A00000362,C000163,2026-07-24 02:10:48,IMPS,UPI,DEBIT,6828.58,INR,,SUCCESS,REF454228622
TXN000003568,A00000617,C000028,2026-07-07 12:18:48,UPI,Branch,CREDIT,3117.34,INR,Swiggy,SUCCESS,REF375654008
TXN000003569,A00000073,C000338,2026-07-31 17:37:44,CASH_DEPOSIT,Corporate Banking,CREDIT,6853.44,INR,,SUCCESS,REF978920510
TXN000003570,A00000104,C000277,2026-08-27 08:19:36,UPI,Mobile App,DEBIT,6923.27,INR,Zomato,SUCCESS,REF531644821
TXN000003571,A00000484,C000137,2026-07-20 13:40:50,UPI,Branch,CREDIT,1663.51,INR,Croma,SUCCESS,REF414095439
TXN000003572,A00000285,C000349,2026-07-19 13:18:23,CASH_DEPOSIT,Corporate Banking,DEBIT,5957.46,INR,,SUCCESS,REF431046214
TXN000003573,A00000087,C000500,2026-07-05 03:12:16,RTGS,Mobile App,CREDIT,452629.38,INR,,SUCCESS,REF391903407
TXN000003574,A00000286,C000019,2026-08-15 05:43:13,CASH_WITHDRAWAL,UPI,CREDIT,12116.09,INR,,SUCCESS,REF448552459
TXN000003575,A00000589,C000491,2026-07-18 10:53:54,NEFT,UPI,DEBIT,7189.97,INR,,SUCCESS,REF105332442
TXN000003576,A00000589,C000491,2026-08-25 19:49:17,ATM_WITHDRAWAL,Internet Banking,CREDIT,17089.35,INR,,SUCCESS,REF954223667
TXN000003577,A00000594,C000088,2026-07-19 20:24:06,IMPS,Corporate Banking,CREDIT,6461.39,INR,,SUCCESS,REF791510993
TXN000003578,A00000489,C000320,2026-08-13 17:22:46,RTGS,ATM,DEBIT,349735.71,INR,,SUCCESS,REF604681480
TXN000003579,A00000211,C000347,2026-07-18 05:23:20,CASH_WITHDRAWAL,Internet Banking,DEBIT,6771.77,INR,,SUCCESS,REF677694261
TXN000003580,A00000466,C000500,2026-08-24 19:35:46,NEFT,UPI,CREDIT,4263.37,INR,,SUCCESS,REF567310776
TXN000003581,A00000469,C000197,2026-08-30 14:34:25,CASH_DEPOSIT,Branch,DEBIT,4279.77,INR,,SUCCESS,REF745735748
TXN000003582,A00000195,C000364,2026-08-23 09:12:56,POS,Mobile App,DEBIT,1678.63,INR,BigBasket,SUCCESS,REF567322965
TXN000003583,A00000594,C000088,2026-08-03 12:55:35,CASH_WITHDRAWAL,ATM,CREDIT,17013.22,INR,,SUCCESS,REF225387232
TXN000003584,A00000027,C000337,2026-07-28 07:44:20,POS,Corporate Banking,CREDIT,8464.87,INR,MakeMyTrip,SUCCESS,REF425355523
TXN000003585,A00000285,C000349,2026-08-22 04:02:26,CASH_WITHDRAWAL,Internet Banking,DEBIT,9885.71,INR,,SUCCESS,REF583485997
TXN000003586,A00000480,C000233,2026-07-24 00:39:54,UPI,Corporate Banking,DEBIT,1390.95,INR,Jio,SUCCESS,REF402901303
TXN000003587,A00000263,C000444,2026-08-09 22:40:56,ATM_WITHDRAWAL,UPI,DEBIT,16699.11,INR,,SUCCESS,REF447644575
TXN000003588,A00000136,C000428,2026-08-10 07:52:53,POS,ATM,DEBIT,3924.95,INR,DMart,FAILED,REF690101238
TXN000003589,A00000276,C000277,2026-07-22 23:49:46,POS,ATM,CREDIT,3399.49,INR,Ola,SUCCESS,REF989139239
TXN000003590,A00000347,C000125,2026-08-27 12:09:33,ATM_WITHDRAWAL,Branch,DEBIT,562.87,INR,,FAILED,REF937891167
TXN000003591,A00000011,C000050,2026-07-31 04:45:36,CASH_WITHDRAWAL,UPI,DEBIT,18606.45,INR,,SUCCESS,REF713949044
TXN000003592,A00000335,C000088,2026-08-07 09:55:43,CASH_WITHDRAWAL,Mobile App,CREDIT,14489.08,INR,,SUCCESS,REF124535824
TXN000003593,A00000241,C000488,2026-08-21 22:12:50,CASH_DEPOSIT,UPI,DEBIT,9254.99,INR,,SUCCESS,REF301219743
TXN000003594,A00000476,C000485,2026-07-20 09:37:09,CASH_DEPOSIT,UPI,DEBIT,6829.37,INR,,SUCCESS,REF927075428
TXN000003595,A00000615,C000236,2026-07-04 17:32:49,ATM_WITHDRAWAL,UPI,CREDIT,7527.0,INR,,SUCCESS,REF564234513
TXN000003596,A00000364,C000094,2026-07-30 19:07:58,RTGS,Internet Banking,DEBIT,441801.48,INR,,SUCCESS,REF214000155
TXN000003597,A00000431,C000006,2026-07-08 14:11:04,ATM_WITHDRAWAL,Mobile App,CREDIT,1760.28,INR,,SUCCESS,REF123307572
TXN000003598,A00000483,C000457,2026-07-12 12:32:03,IMPS,Branch,DEBIT,3463.92,INR,,SUCCESS,REF179411553
TXN000003599,A00000358,C000163,2026-08-03 02:15:23,CASH_DEPOSIT,ATM,DEBIT,6149.84,INR,,SUCCESS,REF613515808
TXN000003600,A00000048,C000337,2026-07-13 07:51:19,UPI,Corporate Banking,DEBIT,5262.66,INR,Amazon,SUCCESS,REF927626622
TXN000003601,A00000492,C000094,2026-07-28 20:54:23,ATM_WITHDRAWAL,Corporate Banking,DEBIT,16708.44,INR,,SUCCESS,REF399260680
TXN000003602,A00000639,C000401,2026-08-14 13:48:40,ATM_WITHDRAWAL,Corporate Banking,DEBIT,573.73,INR,,FAILED,REF758389176
TXN000003603,A00000121,C000075,2026-07-12 20:50:20,NEFT,Internet Banking,CREDIT,6466.37,INR,,FAILED,REF142333815
TXN000003604,A00000254,C000218,2026-08-04 05:40:06,NEFT,UPI,CREDIT,9909.64,INR,,REVERSED,REF201395572
TXN000003605,A00000270,C000074,2026-08-07 12:42:08,CASH_DEPOSIT,Branch,DEBIT,9152.69,INR,,SUCCESS,REF129522104
TXN000003606,A00000194,C000203,2026-07-04 13:22:41,RTGS,UPI,CREDIT,457669.0,INR,,REVERSED,REF830118828
TXN000003607,A00000444,C000154,2026-08-29 10:33:41,ATM_WITHDRAWAL,Mobile App,DEBIT,11692.19,INR,,SUCCESS,REF483590806
TXN000003608,A00000294,C000015,2026-07-20 14:00:50,IMPS,Mobile App,CREDIT,5322.52,INR,,SUCCESS,REF359116766
TXN000003609,A00000314,C000190,2026-07-16 00:21:15,POS,Corporate Banking,DEBIT,584.42,INR,BookMyShow,SUCCESS,REF246717972
TXN000003610,A00000082,C000008,2026-07-26 05:45:59,CASH_WITHDRAWAL,Internet Banking,DEBIT,16373.41,INR,,FAILED,REF454341832
TXN000003611,A00000361,C000020,2026-08-08 05:18:15,RTGS,Internet Banking,DEBIT,249581.43,INR,,SUCCESS,REF854790287
TXN000003612,A00000524,C000329,2026-08-31 20:19:44,RTGS,Corporate Banking,CREDIT,114612.34,INR,,SUCCESS,REF623359133
TXN000003613,A00000604,C000320,2026-08-03 20:43:51,RTGS,Internet Banking,DEBIT,445859.09,INR,,SUCCESS,REF665397680
TXN000003614,A00000447,C000211,2026-07-17 18:07:35,CASH_WITHDRAWAL,UPI,CREDIT,10008.06,INR,,FAILED,REF189619913
TXN000003615,A00000054,C000328,2026-08-25 06:01:18,ATM_WITHDRAWAL,UPI,CREDIT,7898.3,INR,,SUCCESS,REF952956314
TXN000003616,A00000391,C000228,2026-08-17 10:15:22,POS,Branch,DEBIT,1867.28,INR,MakeMyTrip,SUCCESS,REF814811836
TXN000003617,A00000527,C000110,2026-07-19 00:44:06,UPI,Internet Banking,DEBIT,1450.22,INR,Amazon,SUCCESS,REF209827191
TXN000003618,A00000581,C000240,2026-08-19 10:11:17,NEFT,Mobile App,DEBIT,1389.78,INR,,SUCCESS,REF293308333
TXN000003619,A00000433,C000051,2026-08-29 03:37:46,POS,Internet Banking,CREDIT,4406.14,INR,Reliance Digital,SUCCESS,REF441289012
TXN000003620,A00000031,C000239,2026-07-24 07:36:37,NEFT,Branch,DEBIT,5845.28,INR,,SUCCESS,REF222194449
TXN000003621,A00000332,C000486,2026-07-15 03:20:09,ATM_WITHDRAWAL,Mobile App,CREDIT,9136.95,INR,,SUCCESS,REF149737331
TXN000003622,A00000068,C000314,2026-08-27 16:25:14,CASH_WITHDRAWAL,Internet Banking,CREDIT,4215.88,INR,,FAILED,REF961043954
TXN000003623,A00000512,C000414,2026-08-15 16:12:46,RTGS,Mobile App,CREDIT,474673.98,INR,,SUCCESS,REF995305193
TXN000003624,A00000610,C000155,2026-07-06 00:12:26,CASH_WITHDRAWAL,Branch,DEBIT,13349.82,INR,,SUCCESS,REF544240761
TXN000003625,A00000161,C000244,2026-08-05 22:26:56,NEFT,Mobile App,DEBIT,8279.51,INR,,FAILED,REF827210115
TXN000003626,A00000268,C000165,2026-07-27 02:48:57,UPI,Mobile App,CREDIT,9829.11,INR,Airtel,SUCCESS,REF843524780
TXN000003627,A00000608,C000128,2026-07-04 06:13:42,CASH_DEPOSIT,Corporate Banking,DEBIT,9269.06,INR,,SUCCESS,REF390818110
TXN000003628,A00000256,C000375,2026-07-03 10:04:33,POS,ATM,DEBIT,5447.73,INR,Swiggy,SUCCESS,REF863666903
TXN000003629,A00000032,C000160,2026-07-22 01:54:53,UPI,Branch,DEBIT,9570.7,INR,Reliance Digital,FAILED,REF859921062
TXN000003630,A00000116,C000284,2026-08-28 22:50:00,POS,ATM,DEBIT,6131.91,INR,IRCTC,SUCCESS,REF744701806
TXN000003631,A00000196,C000383,2026-08-01 17:38:55,ATM_WITHDRAWAL,UPI,CREDIT,19632.78,INR,,SUCCESS,REF451472868
TXN000003632,A00000263,C000444,2026-07-21 17:11:31,POS,Internet Banking,DEBIT,3791.44,INR,DMart,SUCCESS,REF432446887
TXN000003633,A00000411,C000005,2026-08-26 09:35:31,ATM_WITHDRAWAL,Corporate Banking,CREDIT,8042.41,INR,,SUCCESS,REF937905591
TXN000003634,A00000504,C000477,2026-08-26 03:51:19,POS,Corporate Banking,DEBIT,8534.7,INR,MakeMyTrip,SUCCESS,REF217435358
TXN000003635,A00000119,C000497,2026-07-07 13:55:58,ATM_WITHDRAWAL,Branch,DEBIT,16633.08,INR,,FAILED,REF122614348
TXN000003636,A00000078,C000233,2026-07-23 17:50:39,CASH_WITHDRAWAL,Branch,DEBIT,17324.78,INR,,SUCCESS,REF892439607
TXN000003637,A00000562,C000217,2026-07-21 01:41:52,CASH_DEPOSIT,Internet Banking,DEBIT,8510.26,INR,,SUCCESS,REF198149171
TXN000003638,A00000307,C000215,2026-08-29 09:29:14,ATM_WITHDRAWAL,Mobile App,CREDIT,12670.56,INR,,SUCCESS,REF775551091
TXN000003639,A00000020,C000395,2026-08-24 01:35:18,UPI,Branch,DEBIT,7014.78,INR,Zomato,SUCCESS,REF818420959
TXN000003640,A00000525,C000394,2026-08-26 06:26:10,CASH_DEPOSIT,ATM,DEBIT,9795.52,INR,,SUCCESS,REF577004604
TXN000003641,A00000045,C000131,2026-08-16 20:30:51,ATM_WITHDRAWAL,Corporate Banking,DEBIT,1723.98,INR,,SUCCESS,REF105989283
TXN000003642,A00000456,C000097,2026-07-06 15:59:18,CASH_DEPOSIT,Corporate Banking,DEBIT,6611.68,INR,,SUCCESS,REF674317397
TXN000003643,A00000080,C000113,2026-07-31 05:36:46,ATM_WITHDRAWAL,Corporate Banking,DEBIT,7518.97,INR,,SUCCESS,REF798530366
TXN000003644,A00000479,C000332,2026-07-07 01:43:29,CASH_DEPOSIT,Internet Banking,DEBIT,4140.61,INR,,SUCCESS,REF592836677
TXN000003645,A00000086,C000047,2026-08-20 17:59:50,POS,ATM,DEBIT,425.7,INR,Swiggy,SUCCESS,REF590865827
TXN000003646,A00000357,C000406,2026-08-04 00:13:02,NEFT,Branch,CREDIT,7118.07,INR,,FAILED,REF694420243
TXN000003647,A00000257,C000263,2026-07-24 13:12:05,IMPS,ATM,CREDIT,5093.69,INR,,SUCCESS,REF771230434
TXN000003648,A00000439,C000478,2026-07-28 17:46:16,CASH_WITHDRAWAL,Mobile App,DEBIT,1391.94,INR,,SUCCESS,REF271070670
TXN000003649,A00000182,C000406,2026-07-17 07:28:29,RTGS,Branch,DEBIT,438860.64,INR,,SUCCESS,REF270123992
TXN000003650,A00000464,C000301,2026-08-09 17:40:06,IMPS,UPI,DEBIT,7465.95,INR,,SUCCESS,REF989866372
TXN000003651,A00000475,C000422,2026-08-03 20:58:47,ATM_WITHDRAWAL,Branch,DEBIT,1560.51,INR,,SUCCESS,REF148252716
TXN000003652,A00000354,C000107,2026-08-10 14:14:19,ATM_WITHDRAWAL,UPI,DEBIT,13917.44,INR,,SUCCESS,REF820666534
TXN000003653,A00000170,C000161,2026-08-21 04:41:55,POS,Branch,DEBIT,7565.65,INR,Ola,SUCCESS,REF115630970
TXN000003654,A00000573,C000202,2026-08-01 23:57:48,UPI,Branch,DEBIT,1529.78,INR,Uber,SUCCESS,REF280820837
TXN000003655,A00000049,C000339,2026-07-30 02:16:01,CASH_DEPOSIT,Mobile App,DEBIT,7196.79,INR,,FAILED,REF764705219
TXN000003656,A00000361,C000020,2026-07-26 15:57:04,NEFT,ATM,DEBIT,3214.5,INR,,SUCCESS,REF543831391
TXN000003657,A00000156,C000264,2026-08-31 12:38:30,CASH_DEPOSIT,UPI,CREDIT,8765.8,INR,,FAILED,REF901237162
TXN000003658,A00000198,C000326,2026-07-04 04:50:00,CASH_DEPOSIT,Internet Banking,DEBIT,8566.01,INR,,REVERSED,REF503422673
TXN000003659,A00000526,C000360,2026-07-04 22:31:51,CASH_WITHDRAWAL,Mobile App,DEBIT,3313.72,INR,,SUCCESS,REF396253724
TXN000003660,A00000369,C000390,2026-08-30 00:42:51,UPI,ATM,DEBIT,8060.47,INR,Amazon,SUCCESS,REF700382321
TXN000003661,A00000475,C000422,2026-08-25 20:20:49,RTGS,ATM,DEBIT,457704.84,INR,,SUCCESS,REF675328918
TXN000003662,A00000205,C000145,2026-07-04 23:17:29,ATM_WITHDRAWAL,Branch,CREDIT,15216.05,INR,,SUCCESS,REF679726973
TXN000003663,A00000300,C000056,2026-07-16 20:31:07,ATM_WITHDRAWAL,Mobile App,DEBIT,19369.35,INR,,SUCCESS,REF397054142
TXN000003664,A00000441,C000351,2026-08-21 11:24:09,UPI,Corporate Banking,CREDIT,2290.19,INR,Amazon,SUCCESS,REF754145373
TXN000003665,A00000644,C000474,2026-08-06 08:55:09,CASH_WITHDRAWAL,ATM,DEBIT,7984.35,INR,,SUCCESS,REF105706716
TXN000003666,A00000292,C000453,2026-07-04 23:08:10,ATM_WITHDRAWAL,Internet Banking,DEBIT,12406.72,INR,,SUCCESS,REF604540434
TXN000003667,A00000016,C000318,2026-08-03 21:00:21,IMPS,Branch,DEBIT,4911.31,INR,,SUCCESS,REF556826505
TXN000003668,A00000270,C000074,2026-07-13 00:09:34,POS,Corporate Banking,DEBIT,1180.14,INR,Airtel,FAILED,REF953704916
TXN000003669,A00000052,C000313,2026-08-04 11:56:01,NEFT,ATM,DEBIT,8955.48,INR,,SUCCESS,REF325218360
TXN000003670,A00000556,C000093,2026-07-12 17:38:52,UPI,Internet Banking,DEBIT,5442.3,INR,Uber,SUCCESS,REF276748630
TXN000003671,A00000514,C000083,2026-07-29 05:57:49,POS,Internet Banking,DEBIT,7851.37,INR,Reliance Digital,SUCCESS,REF497769145
TXN000003672,A00000144,C000249,2026-08-23 13:27:49,POS,Branch,DEBIT,776.01,INR,BigBasket,SUCCESS,REF371540755
TXN000003673,A00000480,C000233,2026-07-29 20:07:44,NEFT,UPI,CREDIT,964.12,INR,,SUCCESS,REF931798669
TXN000003674,A00000354,C000107,2026-07-08 07:34:57,UPI,UPI,DEBIT,7209.56,INR,Croma,SUCCESS,REF194267293
TXN000003675,A00000526,C000360,2026-07-06 10:32:24,UPI,Branch,DEBIT,3620.62,INR,Amazon,FAILED,REF985638385
TXN000003676,A00000004,C000012,2026-07-18 13:36:19,CASH_WITHDRAWAL,Branch,DEBIT,18538.03,INR,,SUCCESS,REF748225797
TXN000003677,A00000218,C000133,2026-07-27 22:45:15,RTGS,Mobile App,CREDIT,119311.16,INR,,SUCCESS,REF726974678
TXN000003678,A00000272,C000458,2026-08-09 07:23:36,CASH_WITHDRAWAL,Branch,DEBIT,9576.62,INR,,SUCCESS,REF291305779
TXN000003679,A00000209,C000103,2026-07-04 13:21:39,UPI,ATM,DEBIT,3785.97,INR,Ola,SUCCESS,REF571306193
TXN000003680,A00000083,C000485,2026-08-22 04:28:54,IMPS,Mobile App,CREDIT,3051.61,INR,,SUCCESS,REF418984197
TXN000003681,A00000631,C000050,2026-07-21 19:29:10,NEFT,Branch,DEBIT,1412.19,INR,,SUCCESS,REF518084141
TXN000003682,A00000593,C000073,2026-07-14 15:33:56,ATM_WITHDRAWAL,Internet Banking,DEBIT,8898.25,INR,,SUCCESS,REF428815668
TXN000003683,A00000323,C000227,2026-08-18 04:16:20,ATM_WITHDRAWAL,Internet Banking,DEBIT,8703.9,INR,,SUCCESS,REF726699430
TXN000003684,A00000328,C000214,2026-07-25 08:28:21,NEFT,Corporate Banking,DEBIT,9165.66,INR,,SUCCESS,REF762895267
TXN000003685,A00000564,C000424,2026-07-16 01:41:17,CASH_WITHDRAWAL,Mobile App,DEBIT,15730.59,INR,,SUCCESS,REF267132768
TXN000003686,A00000216,C000403,2026-08-03 22:59:12,RTGS,Mobile App,DEBIT,361175.84,INR,,SUCCESS,REF515092733
TXN000003687,A00000005,C000273,2026-08-09 23:59:31,IMPS,Mobile App,CREDIT,3277.74,INR,,SUCCESS,REF106193065
TXN000003688,A00000025,C000280,2026-08-28 15:51:24,ATM_WITHDRAWAL,ATM,CREDIT,16783.32,INR,,SUCCESS,REF601761763
TXN000003689,A00000042,C000120,2026-08-17 05:49:56,CASH_WITHDRAWAL,ATM,DEBIT,8079.62,INR,,SUCCESS,REF643570502
TXN000003690,A00000621,C000349,2026-07-13 15:02:55,CASH_DEPOSIT,UPI,DEBIT,9526.02,INR,,SUCCESS,REF621335289
TXN000003691,A00000199,C000021,2026-08-19 19:08:45,UPI,Mobile App,DEBIT,8439.2,INR,BigBasket,SUCCESS,REF146344679
TXN000003692,A00000578,C000327,2026-08-07 19:44:02,CASH_WITHDRAWAL,Mobile App,DEBIT,12369.76,INR,,SUCCESS,REF154090680
TXN000003693,A00000647,C000011,2026-08-29 14:25:27,CASH_WITHDRAWAL,Mobile App,DEBIT,10710.94,INR,,SUCCESS,REF644396357
TXN000003694,A00000641,C000039,2026-07-26 16:45:44,CASH_DEPOSIT,UPI,DEBIT,8402.98,INR,,SUCCESS,REF798116046
TXN000003695,A00000070,C000139,2026-08-06 14:05:52,CASH_DEPOSIT,Branch,DEBIT,5467.21,INR,,SUCCESS,REF528366549
TXN000003696,A00000517,C000050,2026-07-11 17:42:26,NEFT,UPI,DEBIT,8758.67,INR,,SUCCESS,REF275482180
TXN000003697,A00000379,C000417,2026-07-18 13:44:30,IMPS,Internet Banking,DEBIT,5465.77,INR,,SUCCESS,REF933483778
TXN000003698,A00000077,C000193,2026-07-19 03:40:20,CASH_WITHDRAWAL,Corporate Banking,CREDIT,3557.27,INR,,REVERSED,REF575523483
TXN000003699,A00000009,C000457,2026-08-03 07:43:24,RTGS,Internet Banking,DEBIT,300924.31,INR,,SUCCESS,REF471241877
TXN000003700,A00000265,C000159,2026-08-05 20:52:51,ATM_WITHDRAWAL,Branch,DEBIT,19728.53,INR,,SUCCESS,REF673361139
TXN000003701,A00000253,C000422,2026-07-21 19:37:52,RTGS,ATM,CREDIT,455031.93,INR,,FAILED,REF781183509
TXN000003702,A00000139,C000284,2026-07-07 07:53:03,CASH_DEPOSIT,Branch,DEBIT,645.8,INR,,SUCCESS,REF553653231
TXN000003703,A00000425,C000439,2026-08-08 21:02:34,ATM_WITHDRAWAL,ATM,DEBIT,18477.05,INR,,SUCCESS,REF126088234
TXN000003704,A00000544,C000402,2026-08-14 07:42:21,CASH_WITHDRAWAL,ATM,DEBIT,667.98,INR,,FAILED,REF789787994
TXN000003705,A00000343,C000466,2026-08-17 19:08:48,RTGS,UPI,CREDIT,107025.43,INR,,SUCCESS,REF186216758
TXN000003706,A00000342,C000485,2026-08-30 23:10:40,POS,Branch,DEBIT,4891.78,INR,BookMyShow,SUCCESS,REF183565702
TXN000003707,A00000291,C000027,2026-07-08 17:24:15,IMPS,Corporate Banking,DEBIT,9732.07,INR,,SUCCESS,REF247666766
TXN000003708,A00000277,C000001,2026-08-16 09:10:34,CASH_WITHDRAWAL,Mobile App,DEBIT,5873.09,INR,,SUCCESS,REF633414059
TXN000003709,A00000558,C000266,2026-08-16 01:25:14,IMPS,Internet Banking,CREDIT,4523.35,INR,,SUCCESS,REF244807454
TXN000003710,A00000033,C000294,2026-07-29 18:57:49,ATM_WITHDRAWAL,Internet Banking,CREDIT,18470.96,INR,,SUCCESS,REF114552084
TXN000003711,A00000118,C000214,2026-07-19 14:47:32,POS,ATM,DEBIT,4450.07,INR,Zomato,SUCCESS,REF849440881
TXN000003712,A00000498,C000361,2026-07-22 22:58:43,POS,Mobile App,DEBIT,8432.87,INR,Airtel,SUCCESS,REF422872613
TXN000003713,A00000154,C000339,2026-07-26 16:32:41,ATM_WITHDRAWAL,Mobile App,DEBIT,15870.84,INR,,SUCCESS,REF158875544
TXN000003714,A00000475,C000422,2026-08-15 15:17:33,IMPS,ATM,DEBIT,1395.94,INR,,SUCCESS,REF815334552
TXN000003715,A00000025,C000280,2026-08-19 09:27:30,NEFT,Branch,DEBIT,3178.62,INR,,SUCCESS,REF570613542
TXN000003716,A00000239,C000147,2026-08-03 07:57:36,CASH_DEPOSIT,Mobile App,DEBIT,6725.65,INR,,SUCCESS,REF995840111
TXN000003717,A00000550,C000105,2026-07-23 23:33:10,CASH_DEPOSIT,Internet Banking,CREDIT,1421.38,INR,,SUCCESS,REF894183150
TXN000003718,A00000432,C000302,2026-08-27 15:40:56,IMPS,Branch,DEBIT,5651.82,INR,,SUCCESS,REF531047336
TXN000003719,A00000382,C000103,2026-08-05 11:21:54,CASH_WITHDRAWAL,Mobile App,CREDIT,11315.51,INR,,SUCCESS,REF185042653
TXN000003720,A00000313,C000071,2026-07-31 08:26:24,IMPS,Corporate Banking,DEBIT,4133.66,INR,,SUCCESS,REF528196110
TXN000003721,A00000033,C000294,2026-07-10 15:34:53,UPI,ATM,DEBIT,7310.97,INR,Uber,SUCCESS,REF139058027
TXN000003722,A00000600,C000106,2026-08-08 01:19:12,CASH_DEPOSIT,UPI,DEBIT,800.92,INR,,SUCCESS,REF741337179
TXN000003723,A00000109,C000012,2026-08-23 21:35:09,CASH_DEPOSIT,Internet Banking,DEBIT,3952.67,INR,,SUCCESS,REF433914221
TXN000003724,A00000255,C000266,2026-07-31 18:53:36,UPI,Internet Banking,CREDIT,594.05,INR,IRCTC,SUCCESS,REF627116143
TXN000003725,A00000306,C000355,2026-07-01 23:32:45,IMPS,Internet Banking,DEBIT,8053.72,INR,,SUCCESS,REF240159474
TXN000003726,A00000349,C000092,2026-07-04 18:10:14,CASH_WITHDRAWAL,Mobile App,DEBIT,16578.34,INR,,SUCCESS,REF526100367
TXN000003727,A00000383,C000226,2026-07-07 01:40:09,CASH_DEPOSIT,Corporate Banking,CREDIT,5717.03,INR,,SUCCESS,REF671460685
TXN000003728,A00000414,C000408,2026-08-22 18:00:39,NEFT,Branch,DEBIT,8652.08,INR,,SUCCESS,REF371471448
TXN000003729,A00000001,C000098,2026-08-30 00:49:02,IMPS,ATM,DEBIT,3608.12,INR,,SUCCESS,REF592184215
TXN000003730,A00000431,C000006,2026-08-11 11:09:47,ATM_WITHDRAWAL,Corporate Banking,CREDIT,16724.95,INR,,SUCCESS,REF562842630
TXN000003731,A00000365,C000073,2026-07-13 10:21:23,UPI,ATM,CREDIT,8481.3,INR,DMart,SUCCESS,REF541576419
TXN000003732,A00000016,C000318,2026-08-14 20:51:46,IMPS,Internet Banking,DEBIT,5108.04,INR,,SUCCESS,REF689950582
TXN000003733,A00000551,C000293,2026-08-27 20:25:23,CASH_WITHDRAWAL,ATM,DEBIT,12190.36,INR,,SUCCESS,REF893254175
TXN000003734,A00000192,C000038,2026-07-05 12:32:03,UPI,Internet Banking,DEBIT,2640.28,INR,Croma,SUCCESS,REF276833689
TXN000003735,A00000234,C000394,2026-07-07 14:32:25,UPI,Internet Banking,DEBIT,8067.94,INR,Amazon,FAILED,REF364245381
TXN000003736,A00000643,C000134,2026-08-01 16:40:28,IMPS,Corporate Banking,DEBIT,6050.8,INR,,SUCCESS,REF931653768
TXN000003737,A00000295,C000123,2026-07-10 21:35:44,RTGS,Corporate Banking,DEBIT,372902.4,INR,,SUCCESS,REF590215966
TXN000003738,A00000538,C000359,2026-08-28 18:09:50,CASH_DEPOSIT,Corporate Banking,DEBIT,9489.56,INR,,SUCCESS,REF157759315
TXN000003739,A00000303,C000076,2026-08-10 23:10:21,CASH_WITHDRAWAL,ATM,DEBIT,3024.83,INR,,FAILED,REF616283608
TXN000003740,A00000154,C000339,2026-08-06 00:22:13,RTGS,ATM,CREDIT,183118.6,INR,,SUCCESS,REF950658425
TXN000003741,A00000077,C000193,2026-08-06 16:06:12,UPI,UPI,DEBIT,370.31,INR,Apollo Pharmacy,REVERSED,REF758857349
TXN000003742,A00000521,C000470,2026-07-16 02:24:14,IMPS,ATM,DEBIT,5810.45,INR,,SUCCESS,REF238165562
TXN000003743,A00000515,C000174,2026-08-02 12:41:38,IMPS,UPI,CREDIT,4265.53,INR,,FAILED,REF154022819
TXN000003744,A00000185,C000202,2026-07-22 23:25:12,ATM_WITHDRAWAL,Internet Banking,CREDIT,1893.06,INR,,SUCCESS,REF709752086
TXN000003745,A00000091,C000035,2026-08-23 19:15:09,POS,Corporate Banking,DEBIT,7681.84,INR,Reliance Digital,SUCCESS,REF476608092
TXN000003746,A00000388,C000234,2026-08-11 05:21:58,POS,Mobile App,DEBIT,9614.52,INR,BigBasket,FAILED,REF395529092
TXN000003747,A00000058,C000332,2026-07-02 15:05:16,CASH_WITHDRAWAL,Corporate Banking,DEBIT,10525.19,INR,,SUCCESS,REF887856235
TXN000003748,A00000246,C000019,2026-07-19 08:41:20,POS,Internet Banking,CREDIT,6122.99,INR,Decathlon,SUCCESS,REF804183672
TXN000003749,A00000276,C000277,2026-08-17 17:12:22,POS,Mobile App,DEBIT,6212.81,INR,IRCTC,SUCCESS,REF178731324
TXN000003750,A00000104,C000277,2026-07-20 23:12:23,NEFT,Mobile App,DEBIT,1865.76,INR,,FAILED,REF648537747
TXN000003751,A00000081,C000045,2026-08-19 18:03:03,POS,UPI,DEBIT,2597.47,INR,BookMyShow,SUCCESS,REF589335992
TXN000003752,A00000054,C000328,2026-07-29 00:54:54,CASH_WITHDRAWAL,UPI,DEBIT,17186.81,INR,,FAILED,REF874740265
TXN000003753,A00000021,C000463,2026-07-25 07:54:43,CASH_DEPOSIT,Mobile App,CREDIT,9329.8,INR,,SUCCESS,REF374202170
TXN000003754,A00000208,C000377,2026-07-29 05:34:03,IMPS,Branch,CREDIT,4302.75,INR,,SUCCESS,REF156453848
TXN000003755,A00000262,C000244,2026-08-20 23:19:49,CASH_WITHDRAWAL,Mobile App,CREDIT,10511.77,INR,,SUCCESS,REF655245920
TXN000003756,A00000511,C000385,2026-08-11 06:56:50,CASH_WITHDRAWAL,UPI,CREDIT,3680.1,INR,,SUCCESS,REF309556145
TXN000003757,A00000399,C000414,2026-07-20 13:10:41,NEFT,Internet Banking,DEBIT,8117.07,INR,,SUCCESS,REF828923448
TXN000003758,A00000601,C000136,2026-07-29 20:42:20,RTGS,Mobile App,DEBIT,461516.21,INR,,SUCCESS,REF257633263
TXN000003759,A00000620,C000154,2026-08-21 12:48:44,UPI,Branch,DEBIT,1051.06,INR,Airtel,SUCCESS,REF405007298
TXN000003760,A00000458,C000157,2026-07-22 08:09:04,CASH_WITHDRAWAL,Mobile App,DEBIT,7541.79,INR,,SUCCESS,REF795354389
TXN000003761,A00000457,C000476,2026-08-11 10:52:38,RTGS,ATM,DEBIT,349313.93,INR,,SUCCESS,REF168260473
TXN000003762,A00000632,C000054,2026-08-24 16:55:21,CASH_DEPOSIT,ATM,DEBIT,7506.93,INR,,SUCCESS,REF253005984
TXN000003763,A00000116,C000284,2026-08-20 01:34:40,UPI,Mobile App,CREDIT,8027.62,INR,Croma,SUCCESS,REF811796110
TXN000003764,A00000626,C000142,2026-08-22 18:59:53,POS,Corporate Banking,CREDIT,8883.66,INR,Flipkart,SUCCESS,REF476920829
TXN000003765,A00000124,C000410,2026-07-15 18:40:05,IMPS,Corporate Banking,DEBIT,9425.86,INR,,SUCCESS,REF943504555
TXN000003766,A00000432,C000302,2026-07-22 07:51:20,RTGS,ATM,CREDIT,365079.52,INR,,REVERSED,REF323546492
TXN000003767,A00000175,C000127,2026-08-13 06:06:29,CASH_WITHDRAWAL,Corporate Banking,CREDIT,18183.84,INR,,SUCCESS,REF951956481
TXN000003768,A00000395,C000109,2026-08-28 18:46:22,IMPS,Corporate Banking,CREDIT,1830.91,INR,,SUCCESS,REF195399841
TXN000003769,A00000079,C000172,2026-07-17 07:30:54,POS,UPI,CREDIT,1677.01,INR,IRCTC,SUCCESS,REF128226044
TXN000003770,A00000456,C000097,2026-07-13 03:31:57,POS,Internet Banking,DEBIT,4488.36,INR,DMart,SUCCESS,REF387392922
TXN000003771,A00000118,C000214,2026-07-21 20:55:25,CASH_DEPOSIT,Corporate Banking,CREDIT,6614.61,INR,,SUCCESS,REF382072816
TXN000003772,A00000208,C000377,2026-08-29 05:08:15,ATM_WITHDRAWAL,ATM,CREDIT,11706.64,INR,,FAILED,REF179953574
TXN000003773,A00000364,C000094,2026-08-10 15:04:27,CASH_WITHDRAWAL,UPI,DEBIT,4956.11,INR,,SUCCESS,REF577491401
TXN000003774,A00000061,C000495,2026-08-27 19:43:13,POS,Mobile App,DEBIT,6755.37,INR,Swiggy,SUCCESS,REF227331697
TXN000003775,A00000032,C000160,2026-07-29 04:45:15,RTGS,Branch,CREDIT,289063.94,INR,,SUCCESS,REF213187566
TXN000003776,A00000281,C000169,2026-07-28 02:48:35,ATM_WITHDRAWAL,UPI,CREDIT,7779.06,INR,,SUCCESS,REF881896711
TXN000003777,A00000471,C000133,2026-08-31 03:21:30,CASH_DEPOSIT,Corporate Banking,DEBIT,7972.2,INR,,SUCCESS,REF390251003
TXN000003778,A00000241,C000488,2026-07-01 06:44:56,ATM_WITHDRAWAL,ATM,DEBIT,15489.66,INR,,SUCCESS,REF506400651
TXN000003779,A00000312,C000126,2026-08-24 14:22:28,CASH_WITHDRAWAL,Internet Banking,CREDIT,16961.07,INR,,SUCCESS,REF878588980
TXN000003780,A00000143,C000143,2026-08-18 02:08:08,CASH_WITHDRAWAL,Internet Banking,DEBIT,6366.78,INR,,SUCCESS,REF448349654
TXN000003781,A00000630,C000179,2026-08-21 05:31:48,UPI,Mobile App,DEBIT,7933.12,INR,Flipkart,SUCCESS,REF418862964
TXN000003782,A00000437,C000157,2026-08-14 17:40:00,IMPS,Corporate Banking,DEBIT,1216.93,INR,,SUCCESS,REF999642363
TXN000003783,A00000101,C000076,2026-07-22 08:01:15,CASH_DEPOSIT,ATM,DEBIT,9510.19,INR,,SUCCESS,REF948814550
TXN000003784,A00000013,C000233,2026-08-26 10:47:21,POS,Mobile App,DEBIT,2078.21,INR,MakeMyTrip,SUCCESS,REF175486037
TXN000003785,A00000428,C000366,2026-07-04 20:57:12,IMPS,Corporate Banking,CREDIT,5808.87,INR,,SUCCESS,REF160309196
TXN000003786,A00000491,C000418,2026-07-04 15:43:20,NEFT,ATM,DEBIT,8593.24,INR,,SUCCESS,REF158607018
TXN000003787,A00000226,C000217,2026-07-30 02:06:00,CASH_DEPOSIT,Internet Banking,DEBIT,8481.27,INR,,SUCCESS,REF228446246
TXN000003788,A00000472,C000274,2026-07-13 03:46:59,CASH_WITHDRAWAL,UPI,DEBIT,8899.46,INR,,SUCCESS,REF134659826
TXN000003789,A00000582,C000440,2026-08-05 16:47:28,CASH_DEPOSIT,Internet Banking,CREDIT,6747.34,INR,,SUCCESS,REF259686026
TXN000003790,A00000154,C000339,2026-08-01 19:41:57,RTGS,UPI,DEBIT,351289.17,INR,,SUCCESS,REF585673381
TXN000003791,A00000577,C000299,2026-07-14 16:34:33,IMPS,Internet Banking,CREDIT,2596.85,INR,,REVERSED,REF895440904
TXN000003792,A00000402,C000395,2026-07-29 09:14:04,CASH_DEPOSIT,UPI,DEBIT,9962.51,INR,,FAILED,REF351612193
TXN000003793,A00000013,C000233,2026-07-29 02:21:33,UPI,Internet Banking,DEBIT,5720.31,INR,MakeMyTrip,SUCCESS,REF733947425
TXN000003794,A00000364,C000094,2026-07-13 07:52:02,UPI,ATM,CREDIT,1200.82,INR,IRCTC,SUCCESS,REF194326881
TXN000003795,A00000068,C000314,2026-08-18 19:00:04,POS,Branch,DEBIT,3849.49,INR,Amazon,SUCCESS,REF674140409
TXN000003796,A00000187,C000061,2026-08-30 22:10:39,ATM_WITHDRAWAL,Corporate Banking,DEBIT,8411.44,INR,,SUCCESS,REF582518456
TXN000003797,A00000082,C000008,2026-07-04 20:40:35,CASH_DEPOSIT,Internet Banking,DEBIT,7931.66,INR,,SUCCESS,REF940331322
TXN000003798,A00000222,C000086,2026-08-06 14:51:58,NEFT,Corporate Banking,DEBIT,3768.32,INR,,SUCCESS,REF678407944
TXN000003799,A00000088,C000238,2026-08-09 02:17:02,RTGS,Internet Banking,DEBIT,344147.72,INR,,SUCCESS,REF180059135
TXN000003800,A00000248,C000304,2026-08-21 00:51:11,CASH_DEPOSIT,Branch,DEBIT,8081.13,INR,,FAILED,REF737954453
TXN000003801,A00000050,C000395,2026-08-08 09:31:44,ATM_WITHDRAWAL,Branch,DEBIT,6452.88,INR,,SUCCESS,REF686618451
TXN000003802,A00000067,C000357,2026-08-18 08:06:34,POS,UPI,DEBIT,1027.5,INR,IRCTC,SUCCESS,REF706270386
TXN000003803,A00000096,C000085,2026-08-13 05:50:41,NEFT,ATM,DEBIT,6241.39,INR,,SUCCESS,REF637443035
TXN000003804,A00000437,C000157,2026-08-22 19:01:42,UPI,Branch,DEBIT,6422.9,INR,Apollo Pharmacy,SUCCESS,REF560527148
TXN000003805,A00000437,C000157,2026-07-31 16:59:17,CASH_DEPOSIT,Corporate Banking,DEBIT,1005.37,INR,,SUCCESS,REF398828810
TXN000003806,A00000168,C000464,2026-08-25 17:04:05,UPI,Branch,DEBIT,4121.82,INR,Airtel,SUCCESS,REF898903943
TXN000003807,A00000353,C000086,2026-08-13 00:25:26,IMPS,Internet Banking,CREDIT,2837.3,INR,,SUCCESS,REF834616677
TXN000003808,A00000604,C000320,2026-07-12 10:22:18,POS,Branch,DEBIT,7031.57,INR,Reliance Digital,SUCCESS,REF189671238
TXN000003809,A00000375,C000347,2026-08-03 15:03:34,NEFT,Branch,CREDIT,7476.82,INR,,SUCCESS,REF699562399
TXN000003810,A00000624,C000238,2026-07-10 11:17:27,CASH_DEPOSIT,UPI,DEBIT,1821.83,INR,,SUCCESS,REF602775609
TXN000003811,A00000430,C000169,2026-07-18 21:28:25,ATM_WITHDRAWAL,Internet Banking,DEBIT,2460.54,INR,,SUCCESS,REF489657469
TXN000003812,A00000078,C000233,2026-07-09 14:41:29,UPI,Mobile App,DEBIT,873.36,INR,DMart,FAILED,REF996639534
TXN000003813,A00000138,C000060,2026-08-18 17:42:23,IMPS,Corporate Banking,CREDIT,4458.51,INR,,SUCCESS,REF451514993
TXN000003814,A00000592,C000319,2026-08-02 06:16:24,ATM_WITHDRAWAL,Mobile App,DEBIT,3725.78,INR,,SUCCESS,REF383381242
TXN000003815,A00000204,C000003,2026-07-06 08:46:33,ATM_WITHDRAWAL,UPI,DEBIT,15862.88,INR,,SUCCESS,REF436456484
TXN000003816,A00000348,C000274,2026-07-07 13:29:42,CASH_WITHDRAWAL,Branch,DEBIT,5891.05,INR,,SUCCESS,REF919060006
TXN000003817,A00000372,C000007,2026-07-16 05:43:10,POS,Mobile App,CREDIT,8069.55,INR,Jio,SUCCESS,REF913997667
TXN000003818,A00000221,C000124,2026-08-27 06:04:27,CASH_WITHDRAWAL,Internet Banking,DEBIT,9525.49,INR,,SUCCESS,REF870268473
TXN000003819,A00000226,C000217,2026-07-17 05:16:12,IMPS,Branch,DEBIT,2823.66,INR,,SUCCESS,REF956503098
TXN000003820,A00000495,C000296,2026-07-28 06:02:09,CASH_DEPOSIT,UPI,DEBIT,3292.67,INR,,SUCCESS,REF339112523
TXN000003821,A00000383,C000226,2026-08-15 09:25:51,UPI,Corporate Banking,DEBIT,172.54,INR,Airtel,SUCCESS,REF147565809
TXN000003822,A00000313,C000071,2026-07-19 01:31:01,IMPS,ATM,DEBIT,6150.35,INR,,SUCCESS,REF300985072
TXN000003823,A00000375,C000347,2026-08-17 06:32:33,POS,UPI,DEBIT,5239.59,INR,BookMyShow,SUCCESS,REF559318155
TXN000003824,A00000162,C000277,2026-08-30 16:51:30,POS,Corporate Banking,DEBIT,8695.89,INR,Uber,SUCCESS,REF164947870
TXN000003825,A00000377,C000266,2026-08-22 04:56:50,POS,ATM,DEBIT,5408.0,INR,BigBasket,FAILED,REF813386484
TXN000003826,A00000085,C000386,2026-07-24 00:43:52,CASH_DEPOSIT,Branch,DEBIT,9936.49,INR,,SUCCESS,REF245684055
TXN000003827,A00000461,C000187,2026-07-14 10:56:58,UPI,Branch,DEBIT,9882.64,INR,BookMyShow,SUCCESS,REF462353472
TXN000003828,A00000389,C000189,2026-08-01 03:16:03,CASH_DEPOSIT,Mobile App,CREDIT,2154.86,INR,,REVERSED,REF731199947
TXN000003829,A00000551,C000293,2026-08-21 12:06:56,CASH_WITHDRAWAL,Mobile App,DEBIT,1104.98,INR,,SUCCESS,REF726339731
TXN000003830,A00000564,C000424,2026-08-15 05:27:45,NEFT,Corporate Banking,DEBIT,7991.04,INR,,REVERSED,REF756853918
TXN000003831,A00000400,C000480,2026-08-17 13:14:39,POS,Mobile App,CREDIT,4556.36,INR,Uber,SUCCESS,REF409396627
TXN000003832,A00000341,C000376,2026-07-21 13:57:39,NEFT,Mobile App,DEBIT,1627.4,INR,,SUCCESS,REF681594661
TXN000003833,A00000211,C000347,2026-08-13 09:47:15,ATM_WITHDRAWAL,Mobile App,CREDIT,16706.87,INR,,SUCCESS,REF655990801
TXN000003834,A00000059,C000250,2026-08-30 13:41:33,CASH_WITHDRAWAL,Branch,CREDIT,13716.64,INR,,SUCCESS,REF956250891
TXN000003835,A00000208,C000377,2026-07-25 23:57:28,ATM_WITHDRAWAL,UPI,DEBIT,1220.3,INR,,SUCCESS,REF263168690
TXN000003836,A00000632,C000054,2026-07-10 21:11:52,IMPS,UPI,CREDIT,752.5,INR,,SUCCESS,REF845194598
TXN000003837,A00000190,C000121,2026-08-20 03:51:08,CASH_WITHDRAWAL,Branch,DEBIT,14171.42,INR,,SUCCESS,REF304709813
TXN000003838,A00000650,C000122,2026-08-08 12:07:34,UPI,Corporate Banking,CREDIT,3634.93,INR,Myntra,SUCCESS,REF137110648
TXN000003839,A00000596,C000156,2026-07-05 05:06:12,CASH_DEPOSIT,Mobile App,DEBIT,6154.33,INR,,SUCCESS,REF667685194
TXN000003840,A00000560,C000334,2026-08-30 19:58:03,UPI,UPI,CREDIT,6789.74,INR,Amazon,SUCCESS,REF198528834
TXN000003841,A00000004,C000012,2026-07-12 07:26:22,CASH_WITHDRAWAL,Corporate Banking,CREDIT,12118.87,INR,,SUCCESS,REF937472286
TXN000003842,A00000424,C000311,2026-07-22 20:19:44,UPI,Corporate Banking,DEBIT,5100.55,INR,DMart,SUCCESS,REF392052542
TXN000003843,A00000215,C000182,2026-07-13 06:19:38,CASH_WITHDRAWAL,ATM,CREDIT,2702.12,INR,,REVERSED,REF547404483
TXN000003844,A00000218,C000133,2026-08-07 02:45:51,RTGS,Corporate Banking,DEBIT,82695.49,INR,,SUCCESS,REF350112090
TXN000003845,A00000525,C000394,2026-08-07 17:04:29,ATM_WITHDRAWAL,UPI,CREDIT,1409.81,INR,,SUCCESS,REF928240505
TXN000003846,A00000385,C000341,2026-08-05 01:11:58,ATM_WITHDRAWAL,Branch,CREDIT,11328.82,INR,,SUCCESS,REF278382512
TXN000003847,A00000613,C000046,2026-08-14 08:18:56,NEFT,Branch,DEBIT,7148.34,INR,,SUCCESS,REF514943749
TXN000003848,A00000366,C000260,2026-07-04 04:46:29,CASH_WITHDRAWAL,Corporate Banking,DEBIT,643.72,INR,,SUCCESS,REF177488075
TXN000003849,A00000502,C000057,2026-08-18 00:37:03,NEFT,Internet Banking,DEBIT,4505.31,INR,,SUCCESS,REF250921078
TXN000003850,A00000506,C000240,2026-08-05 03:20:44,POS,Branch,DEBIT,5282.53,INR,Myntra,SUCCESS,REF334768389
TXN000003851,A00000025,C000280,2026-08-25 16:30:44,ATM_WITHDRAWAL,Mobile App,CREDIT,7209.36,INR,,SUCCESS,REF708198014
TXN000003852,A00000106,C000459,2026-07-15 03:31:36,UPI,Branch,DEBIT,5769.21,INR,Swiggy,SUCCESS,REF807393330
TXN000003853,A00000186,C000026,2026-07-26 23:12:03,POS,Mobile App,DEBIT,691.13,INR,BigBasket,SUCCESS,REF119332544
TXN000003854,A00000077,C000193,2026-07-12 01:05:18,RTGS,UPI,DEBIT,479745.44,INR,,SUCCESS,REF434724085
TXN000003855,A00000006,C000491,2026-08-18 10:05:39,NEFT,ATM,CREDIT,8662.51,INR,,SUCCESS,REF856469341
TXN000003856,A00000242,C000413,2026-07-30 18:02:04,CASH_DEPOSIT,Mobile App,CREDIT,406.75,INR,,SUCCESS,REF779430124
TXN000003857,A00000290,C000315,2026-08-15 20:48:15,POS,UPI,DEBIT,533.23,INR,Ola,SUCCESS,REF319792025
TXN000003858,A00000360,C000318,2026-07-02 04:04:44,RTGS,ATM,DEBIT,143064.17,INR,,SUCCESS,REF449458510
TXN000003859,A00000070,C000139,2026-08-23 20:58:42,UPI,Internet Banking,CREDIT,3157.48,INR,Zomato,SUCCESS,REF138113027
TXN000003860,A00000372,C000007,2026-08-30 12:18:12,NEFT,Branch,DEBIT,8110.85,INR,,SUCCESS,REF234835507
TXN000003861,A00000031,C000239,2026-07-04 21:21:12,CASH_DEPOSIT,Mobile App,DEBIT,4459.14,INR,,FAILED,REF612989659
TXN000003862,A00000317,C000261,2026-07-13 12:18:18,NEFT,UPI,CREDIT,6395.37,INR,,SUCCESS,REF356473595
TXN000003863,A00000243,C000366,2026-07-25 08:12:08,UPI,Corporate Banking,DEBIT,2261.85,INR,MakeMyTrip,SUCCESS,REF337602996
TXN000003864,A00000620,C000154,2026-08-25 18:21:48,NEFT,Branch,DEBIT,5901.04,INR,,SUCCESS,REF693371892
TXN000003865,A00000306,C000355,2026-08-13 13:43:59,NEFT,ATM,DEBIT,3948.89,INR,,SUCCESS,REF865973289
TXN000003866,A00000318,C000165,2026-08-11 04:24:56,CASH_DEPOSIT,Internet Banking,CREDIT,5219.18,INR,,SUCCESS,REF991599054
TXN000003867,A00000019,C000285,2026-08-27 13:28:38,RTGS,Internet Banking,DEBIT,395842.14,INR,,SUCCESS,REF897671667
TXN000003868,A00000295,C000123,2026-08-02 03:50:34,IMPS,Corporate Banking,DEBIT,633.61,INR,,SUCCESS,REF281658150
TXN000003869,A00000003,C000435,2026-07-23 03:49:43,NEFT,UPI,DEBIT,3784.26,INR,,SUCCESS,REF116989976
TXN000003870,A00000609,C000348,2026-08-19 12:42:31,NEFT,Branch,CREDIT,8523.85,INR,,FAILED,REF228832180
TXN000003871,A00000593,C000073,2026-08-27 16:48:06,IMPS,ATM,DEBIT,3929.33,INR,,SUCCESS,REF401253001
TXN000003872,A00000411,C000005,2026-08-11 05:48:24,NEFT,Corporate Banking,DEBIT,8859.7,INR,,SUCCESS,REF653194452
TXN000003873,A00000643,C000134,2026-08-13 15:42:09,ATM_WITHDRAWAL,Internet Banking,CREDIT,14800.69,INR,,SUCCESS,REF898297434
TXN000003874,A00000572,C000141,2026-07-10 00:07:38,CASH_WITHDRAWAL,Internet Banking,CREDIT,3711.02,INR,,SUCCESS,REF132079468
TXN000003875,A00000233,C000059,2026-07-22 08:16:56,CASH_DEPOSIT,Internet Banking,CREDIT,7840.8,INR,,SUCCESS,REF417134189
TXN000003876,A00000091,C000035,2026-08-31 17:04:34,ATM_WITHDRAWAL,Branch,CREDIT,3281.8,INR,,FAILED,REF461975300
TXN000003877,A00000224,C000434,2026-07-24 21:08:03,NEFT,Internet Banking,DEBIT,8643.1,INR,,SUCCESS,REF701223240
TXN000003878,A00000053,C000330,2026-08-09 00:40:20,UPI,ATM,DEBIT,1494.22,INR,Apollo Pharmacy,SUCCESS,REF438373878
TXN000003879,A00000435,C000028,2026-07-09 21:36:31,ATM_WITHDRAWAL,Internet Banking,DEBIT,9257.03,INR,,SUCCESS,REF199681924
TXN000003880,A00000039,C000429,2026-08-30 05:48:24,UPI,Internet Banking,DEBIT,5676.65,INR,Flipkart,SUCCESS,REF225013323
TXN000003881,A00000271,C000315,2026-07-29 01:30:00,CASH_DEPOSIT,Mobile App,DEBIT,6666.89,INR,,SUCCESS,REF572113829
TXN000003882,A00000303,C000076,2026-08-20 15:34:44,NEFT,Branch,DEBIT,4945.24,INR,,SUCCESS,REF282321048
TXN000003883,A00000344,C000259,2026-07-13 23:58:20,POS,Branch,DEBIT,9085.26,INR,DMart,SUCCESS,REF583298450
TXN000003884,A00000432,C000302,2026-08-04 01:01:31,IMPS,UPI,DEBIT,9939.85,INR,,SUCCESS,REF174371491
TXN000003885,A00000504,C000477,2026-07-03 03:30:11,POS,ATM,DEBIT,2695.74,INR,BookMyShow,SUCCESS,REF476878367
TXN000003886,A00000563,C000181,2026-07-29 06:50:32,ATM_WITHDRAWAL,UPI,DEBIT,11297.34,INR,,SUCCESS,REF756035343
TXN000003887,A00000416,C000246,2026-08-28 19:46:35,NEFT,Mobile App,CREDIT,311.69,INR,,SUCCESS,REF480050645
TXN000003888,A00000445,C000264,2026-07-04 13:56:10,NEFT,Internet Banking,CREDIT,1409.35,INR,,SUCCESS,REF538938369
TXN000003889,A00000492,C000094,2026-08-05 12:56:49,CASH_DEPOSIT,ATM,DEBIT,2634.15,INR,,SUCCESS,REF151257838
TXN000003890,A00000569,C000141,2026-08-13 02:49:51,ATM_WITHDRAWAL,Corporate Banking,DEBIT,1630.39,INR,,SUCCESS,REF989245243
TXN000003891,A00000588,C000305,2026-08-26 00:34:06,IMPS,UPI,DEBIT,3594.01,INR,,SUCCESS,REF228640738
TXN000003892,A00000009,C000457,2026-08-10 12:11:42,IMPS,Branch,DEBIT,5233.62,INR,,SUCCESS,REF826047270
TXN000003893,A00000157,C000166,2026-07-10 00:24:28,POS,Mobile App,DEBIT,6850.61,INR,Decathlon,SUCCESS,REF462224163
TXN000003894,A00000578,C000327,2026-08-31 04:26:55,NEFT,UPI,DEBIT,5390.39,INR,,SUCCESS,REF299368473
TXN000003895,A00000543,C000059,2026-08-26 01:33:17,RTGS,Internet Banking,DEBIT,397116.77,INR,,SUCCESS,REF564998739
TXN000003896,A00000501,C000486,2026-08-04 08:11:28,RTGS,Branch,DEBIT,380278.49,INR,,SUCCESS,REF666177755
TXN000003897,A00000297,C000034,2026-07-28 23:12:18,UPI,ATM,CREDIT,1090.8,INR,Uber,SUCCESS,REF847380918
TXN000003898,A00000067,C000357,2026-07-22 00:27:44,NEFT,ATM,DEBIT,7357.82,INR,,SUCCESS,REF137585053
TXN000003899,A00000617,C000028,2026-07-19 11:09:38,POS,Internet Banking,DEBIT,9783.78,INR,Amazon,SUCCESS,REF734686273
TXN000003900,A00000120,C000352,2026-07-28 17:08:31,ATM_WITHDRAWAL,Mobile App,DEBIT,9364.66,INR,,SUCCESS,REF928614228
TXN000003901,A00000649,C000060,2026-07-24 15:02:32,POS,ATM,CREDIT,7463.85,INR,Airtel,SUCCESS,REF595898861
TXN000003902,A00000640,C000115,2026-07-12 14:53:20,IMPS,Mobile App,DEBIT,5653.8,INR,,SUCCESS,REF334548252
TXN000003903,A00000172,C000487,2026-07-03 06:56:29,ATM_WITHDRAWAL,Corporate Banking,DEBIT,10036.03,INR,,SUCCESS,REF143261149
TXN000003904,A00000335,C000088,2026-07-21 03:58:34,CASH_DEPOSIT,Internet Banking,DEBIT,4084.72,INR,,SUCCESS,REF430917739
TXN000003905,A00000196,C000383,2026-07-26 18:52:22,UPI,Corporate Banking,DEBIT,8933.19,INR,IRCTC,FAILED,REF937703592
TXN000003906,A00000520,C000482,2026-07-06 23:20:09,CASH_WITHDRAWAL,Corporate Banking,CREDIT,14055.81,INR,,SUCCESS,REF480343471
TXN000003907,A00000643,C000134,2026-07-31 00:16:14,NEFT,Mobile App,DEBIT,5850.98,INR,,SUCCESS,REF355275006
TXN000003908,A00000439,C000478,2026-07-14 16:50:20,RTGS,Mobile App,DEBIT,377998.84,INR,,SUCCESS,REF180793942
TXN000003909,A00000539,C000268,2026-07-23 17:31:57,ATM_WITHDRAWAL,Corporate Banking,DEBIT,1963.88,INR,,SUCCESS,REF904889258
TXN000003910,A00000576,C000136,2026-07-05 03:57:21,IMPS,Corporate Banking,DEBIT,4169.84,INR,,SUCCESS,REF283153918
TXN000003911,A00000026,C000431,2026-07-31 08:20:09,CASH_WITHDRAWAL,Corporate Banking,DEBIT,9494.63,INR,,SUCCESS,REF401260278
TXN000003912,A00000332,C000486,2026-07-27 11:06:58,POS,ATM,DEBIT,7945.34,INR,Swiggy,SUCCESS,REF935843440
TXN000003913,A00000406,C000424,2026-07-26 14:39:06,POS,Mobile App,CREDIT,5944.91,INR,Amazon,SUCCESS,REF794842897
TXN000003914,A00000536,C000357,2026-07-08 10:51:27,ATM_WITHDRAWAL,UPI,DEBIT,4289.71,INR,,SUCCESS,REF890059418
TXN000003915,A00000107,C000461,2026-07-28 00:21:21,CASH_DEPOSIT,UPI,DEBIT,3766.55,INR,,SUCCESS,REF950621662
TXN000003916,A00000271,C000315,2026-08-09 01:22:27,NEFT,Corporate Banking,DEBIT,5107.14,INR,,SUCCESS,REF531801760
TXN000003917,A00000190,C000121,2026-07-30 07:28:19,IMPS,Internet Banking,CREDIT,4350.69,INR,,SUCCESS,REF971369466
TXN000003918,A00000559,C000071,2026-08-23 07:20:26,CASH_WITHDRAWAL,Branch,DEBIT,16263.01,INR,,SUCCESS,REF840395912
TXN000003919,A00000096,C000085,2026-08-28 04:52:03,NEFT,Mobile App,DEBIT,1940.35,INR,,SUCCESS,REF107423540
TXN000003920,A00000313,C000071,2026-07-15 00:07:10,POS,Corporate Banking,DEBIT,117.21,INR,DMart,SUCCESS,REF802798456
TXN000003921,A00000083,C000485,2026-07-27 09:17:12,CASH_DEPOSIT,UPI,DEBIT,2897.97,INR,,SUCCESS,REF312158977
TXN000003922,A00000575,C000418,2026-07-07 07:24:28,CASH_DEPOSIT,Mobile App,CREDIT,5572.08,INR,,SUCCESS,REF850172347
TXN000003923,A00000166,C000422,2026-07-07 20:19:33,CASH_WITHDRAWAL,Branch,DEBIT,15728.51,INR,,SUCCESS,REF322847361
TXN000003924,A00000594,C000088,2026-08-02 19:28:34,IMPS,Mobile App,DEBIT,3682.18,INR,,FAILED,REF194889418
TXN000003925,A00000205,C000145,2026-07-27 01:52:10,CASH_DEPOSIT,Corporate Banking,DEBIT,4892.49,INR,,SUCCESS,REF433835477
TXN000003926,A00000075,C000023,2026-07-01 05:37:35,CASH_WITHDRAWAL,UPI,CREDIT,9373.99,INR,,SUCCESS,REF115430987
TXN000003927,A00000484,C000137,2026-08-14 09:08:02,IMPS,UPI,DEBIT,4165.69,INR,,SUCCESS,REF846072768
TXN000003928,A00000032,C000160,2026-08-04 02:42:49,RTGS,Mobile App,DEBIT,237851.97,INR,,SUCCESS,REF780433811
TXN000003929,A00000227,C000481,2026-08-06 08:07:47,POS,Branch,DEBIT,9061.79,INR,Myntra,SUCCESS,REF793903485
TXN000003930,A00000530,C000095,2026-08-06 12:41:01,NEFT,Mobile App,DEBIT,2775.25,INR,,SUCCESS,REF931068260
TXN000003931,A00000432,C000302,2026-08-31 06:20:50,IMPS,Branch,CREDIT,2467.57,INR,,SUCCESS,REF422672385
TXN000003932,A00000524,C000329,2026-08-13 03:06:46,CASH_DEPOSIT,Internet Banking,CREDIT,1036.37,INR,,SUCCESS,REF821584999
TXN000003933,A00000164,C000138,2026-07-25 18:08:32,RTGS,UPI,DEBIT,417919.23,INR,,SUCCESS,REF718479176
TXN000003934,A00000287,C000203,2026-07-06 10:05:00,CASH_DEPOSIT,Corporate Banking,DEBIT,4937.57,INR,,SUCCESS,REF702755421
TXN000003935,A00000001,C000098,2026-08-26 05:46:09,ATM_WITHDRAWAL,Branch,DEBIT,2551.27,INR,,SUCCESS,REF237611179
TXN000003936,A00000292,C000453,2026-07-12 07:47:38,CASH_WITHDRAWAL,ATM,CREDIT,6929.67,INR,,SUCCESS,REF615017335
TXN000003937,A00000227,C000481,2026-07-30 14:49:36,IMPS,Branch,CREDIT,7987.74,INR,,FAILED,REF302115903
TXN000003938,A00000626,C000142,2026-08-15 08:44:40,POS,ATM,DEBIT,6424.19,INR,Ola,SUCCESS,REF609509481
TXN000003939,A00000299,C000451,2026-08-07 19:58:49,NEFT,Internet Banking,DEBIT,6995.48,INR,,FAILED,REF545826722
TXN000003940,A00000415,C000063,2026-08-23 13:31:37,RTGS,ATM,DEBIT,264032.31,INR,,FAILED,REF644603363
TXN000003941,A00000279,C000358,2026-07-31 16:29:20,POS,ATM,CREDIT,2253.21,INR,Croma,SUCCESS,REF248279575
TXN000003942,A00000625,C000298,2026-07-27 02:41:01,ATM_WITHDRAWAL,UPI,DEBIT,10349.48,INR,,SUCCESS,REF435066151
TXN000003943,A00000555,C000040,2026-08-09 13:44:17,IMPS,Branch,DEBIT,1941.59,INR,,SUCCESS,REF386666490
TXN000003944,A00000333,C000328,2026-08-23 14:11:49,UPI,ATM,DEBIT,1865.03,INR,IRCTC,SUCCESS,REF614739832
TXN000003945,A00000530,C000095,2026-08-20 21:23:52,IMPS,UPI,DEBIT,6197.6,INR,,FAILED,REF914995759
TXN000003946,A00000112,C000045,2026-07-29 14:57:55,UPI,Mobile App,DEBIT,9627.22,INR,Apollo Pharmacy,SUCCESS,REF995538446
TXN000003947,A00000521,C000470,2026-08-01 09:18:03,UPI,Branch,DEBIT,3075.0,INR,Ola,SUCCESS,REF982601180
TXN000003948,A00000563,C000181,2026-07-25 11:36:28,UPI,Internet Banking,DEBIT,5149.45,INR,Amazon,SUCCESS,REF933974053
TXN000003949,A00000105,C000486,2026-08-01 18:17:35,CASH_WITHDRAWAL,Mobile App,DEBIT,560.08,INR,,SUCCESS,REF352233735
TXN000003950,A00000131,C000218,2026-08-20 13:22:02,ATM_WITHDRAWAL,UPI,DEBIT,13686.82,INR,,SUCCESS,REF145962912
TXN000003951,A00000068,C000314,2026-07-24 13:17:06,CASH_DEPOSIT,Internet Banking,CREDIT,3766.13,INR,,SUCCESS,REF505903022
TXN000003952,A00000218,C000133,2026-07-01 18:02:14,IMPS,Corporate Banking,DEBIT,5574.68,INR,,SUCCESS,REF523370291
TXN000003953,A00000061,C000495,2026-07-31 07:39:08,POS,UPI,DEBIT,9907.79,INR,Zomato,SUCCESS,REF534571935
TXN000003954,A00000007,C000483,2026-08-29 13:49:05,UPI,Branch,CREDIT,7476.36,INR,Swiggy,SUCCESS,REF307960889
TXN000003955,A00000082,C000008,2026-08-14 05:59:24,CASH_WITHDRAWAL,Internet Banking,DEBIT,906.51,INR,,SUCCESS,REF504375700
TXN000003956,A00000616,C000290,2026-07-06 10:40:50,CASH_WITHDRAWAL,Mobile App,DEBIT,2282.36,INR,,SUCCESS,REF977118538
TXN000003957,A00000397,C000070,2026-08-20 13:10:40,CASH_WITHDRAWAL,Internet Banking,CREDIT,6981.8,INR,,SUCCESS,REF512859663
TXN000003958,A00000570,C000146,2026-07-27 00:46:44,RTGS,Internet Banking,DEBIT,499784.12,INR,,SUCCESS,REF663597283
TXN000003959,A00000560,C000334,2026-07-20 22:08:11,IMPS,Corporate Banking,CREDIT,8138.07,INR,,SUCCESS,REF504979614
TXN000003960,A00000052,C000313,2026-08-18 11:39:32,NEFT,UPI,DEBIT,5163.24,INR,,SUCCESS,REF410446798
TXN000003961,A00000021,C000463,2026-07-20 19:10:01,RTGS,ATM,DEBIT,150375.66,INR,,SUCCESS,REF248298332
TXN000003962,A00000400,C000480,2026-08-26 08:46:45,NEFT,ATM,DEBIT,9082.85,INR,,SUCCESS,REF269828997
TXN000003963,A00000622,C000420,2026-08-14 10:36:10,RTGS,Internet Banking,DEBIT,320297.24,INR,,FAILED,REF175328662
TXN000003964,A00000168,C000464,2026-07-18 11:46:47,NEFT,Internet Banking,CREDIT,7921.25,INR,,SUCCESS,REF740559049
TXN000003965,A00000032,C000160,2026-07-22 14:36:09,UPI,ATM,CREDIT,4780.85,INR,IRCTC,FAILED,REF161634032
TXN000003966,A00000391,C000228,2026-08-25 19:10:59,RTGS,Mobile App,CREDIT,206806.12,INR,,SUCCESS,REF795087745
TXN000003967,A00000380,C000418,2026-07-04 10:22:11,NEFT,Branch,DEBIT,9650.89,INR,,SUCCESS,REF589016109
TXN000003968,A00000495,C000296,2026-08-08 13:09:12,CASH_DEPOSIT,UPI,DEBIT,9967.86,INR,,SUCCESS,REF872571481
TXN000003969,A00000136,C000428,2026-07-14 17:02:10,ATM_WITHDRAWAL,Branch,CREDIT,7969.09,INR,,SUCCESS,REF452655331
TXN000003970,A00000463,C000108,2026-07-02 22:01:11,NEFT,Internet Banking,DEBIT,8100.12,INR,,SUCCESS,REF125675562
TXN000003971,A00000168,C000464,2026-08-29 19:14:08,ATM_WITHDRAWAL,Mobile App,CREDIT,4465.86,INR,,SUCCESS,REF579825015
TXN000003972,A00000414,C000408,2026-07-25 14:05:09,ATM_WITHDRAWAL,ATM,DEBIT,5093.17,INR,,SUCCESS,REF659318995
TXN000003973,A00000437,C000157,2026-07-01 18:54:33,CASH_DEPOSIT,ATM,CREDIT,6045.11,INR,,SUCCESS,REF184524852
TXN000003974,A00000305,C000500,2026-07-16 11:46:48,NEFT,UPI,DEBIT,5415.35,INR,,SUCCESS,REF769181211
TXN000003975,A00000293,C000414,2026-08-20 10:35:45,UPI,Internet Banking,CREDIT,6885.64,INR,DMart,SUCCESS,REF157226314
TXN000003976,A00000464,C000301,2026-07-18 12:30:34,IMPS,Corporate Banking,DEBIT,3654.9,INR,,SUCCESS,REF542343837
TXN000003977,A00000066,C000392,2026-07-17 16:45:01,UPI,Corporate Banking,DEBIT,6035.62,INR,Decathlon,SUCCESS,REF158855082
TXN000003978,A00000468,C000490,2026-08-25 22:20:31,POS,Mobile App,DEBIT,9802.42,INR,DMart,SUCCESS,REF107828790
TXN000003979,A00000245,C000320,2026-08-30 01:07:41,CASH_WITHDRAWAL,Mobile App,DEBIT,19640.85,INR,,SUCCESS,REF742452008
TXN000003980,A00000624,C000238,2026-07-02 20:22:57,NEFT,Corporate Banking,DEBIT,6775.85,INR,,SUCCESS,REF615727601
TXN000003981,A00000471,C000133,2026-07-31 13:02:33,UPI,Branch,DEBIT,8911.93,INR,BigBasket,SUCCESS,REF821927059
TXN000003982,A00000640,C000115,2026-07-12 11:44:05,RTGS,ATM,CREDIT,320283.66,INR,,SUCCESS,REF613402850
TXN000003983,A00000312,C000126,2026-07-06 17:26:49,CASH_DEPOSIT,ATM,DEBIT,8154.0,INR,,SUCCESS,REF294665231
TXN000003984,A00000417,C000223,2026-08-17 19:12:23,CASH_DEPOSIT,ATM,DEBIT,7324.63,INR,,SUCCESS,REF349572390
TXN000003985,A00000232,C000156,2026-08-04 04:20:47,CASH_DEPOSIT,Mobile App,DEBIT,2115.92,INR,,FAILED,REF252915407
TXN000003986,A00000420,C000003,2026-08-22 22:23:25,IMPS,UPI,CREDIT,3065.31,INR,,SUCCESS,REF755027351
TXN000003987,A00000259,C000079,2026-08-21 10:04:41,CASH_DEPOSIT,UPI,CREDIT,3995.24,INR,,SUCCESS,REF935083478
TXN000003988,A00000321,C000152,2026-08-31 09:02:44,RTGS,Internet Banking,DEBIT,171060.89,INR,,SUCCESS,REF241686715
TXN000003989,A00000112,C000045,2026-08-04 23:44:38,CASH_WITHDRAWAL,Branch,DEBIT,1443.74,INR,,SUCCESS,REF670196892
TXN000003990,A00000631,C000050,2026-07-11 19:23:33,RTGS,Branch,DEBIT,463049.56,INR,,SUCCESS,REF732671431
TXN000003991,A00000167,C000015,2026-08-24 14:01:44,UPI,Internet Banking,DEBIT,3585.74,INR,Apollo Pharmacy,SUCCESS,REF528838358
TXN000003992,A00000538,C000359,2026-08-08 01:26:08,CASH_DEPOSIT,Branch,DEBIT,6208.96,INR,,SUCCESS,REF334589396
TXN000003993,A00000193,C000481,2026-07-21 04:50:36,NEFT,Internet Banking,DEBIT,7867.06,INR,,FAILED,REF231888791
TXN000003994,A00000321,C000152,2026-08-14 05:17:36,CASH_WITHDRAWAL,ATM,CREDIT,13945.46,INR,,SUCCESS,REF200068216
TXN000003995,A00000179,C000209,2026-08-31 20:46:32,CASH_WITHDRAWAL,Corporate Banking,DEBIT,18385.09,INR,,SUCCESS,REF342880604
TXN000003996,A00000245,C000320,2026-08-23 22:24:41,POS,Internet Banking,DEBIT,4387.1,INR,Amazon,SUCCESS,REF387495386
TXN000003997,A00000263,C000444,2026-08-31 13:46:12,POS,Branch,CREDIT,4505.09,INR,Myntra,SUCCESS,REF992672276
TXN000003998,A00000373,C000197,2026-07-19 02:22:42,UPI,Branch,DEBIT,7327.01,INR,Swiggy,SUCCESS,REF167641427
TXN000003999,A00000499,C000298,2026-07-24 05:07:02,RTGS,Mobile App,DEBIT,337298.27,INR,,SUCCESS,REF559590073
TXN000004000,A00000379,C000417,2026-08-17 02:18:49,POS,Mobile App,DEBIT,2850.36,INR,Reliance Digital,SUCCESS,REF681584808
TXN000004001,A00000288,C000345,2026-07-12 15:51:34,CASH_DEPOSIT,Internet Banking,DEBIT,4576.86,INR,,SUCCESS,REF181739785
TXN000004002,A00000617,C000028,2026-08-02 21:54:14,IMPS,Branch,DEBIT,7068.34,INR,,SUCCESS,REF988365337
TXN000004003,A00000342,C000485,2026-07-17 06:33:34,RTGS,Internet Banking,CREDIT,416887.17,INR,,SUCCESS,REF672249928
TXN000004004,A00000433,C000051,2026-08-02 03:04:56,UPI,Mobile App,DEBIT,4990.24,INR,BookMyShow,SUCCESS,REF178365911
TXN000004005,A00000251,C000290,2026-07-18 22:30:59,ATM_WITHDRAWAL,Branch,DEBIT,9532.37,INR,,SUCCESS,REF850333722
TXN000004006,A00000549,C000259,2026-07-04 12:35:20,IMPS,Corporate Banking,DEBIT,6715.27,INR,,SUCCESS,REF548467522
TXN000004007,A00000360,C000318,2026-07-26 22:27:28,NEFT,Branch,CREDIT,1354.84,INR,,SUCCESS,REF770268343
TXN000004008,A00000358,C000163,2026-07-22 08:40:47,CASH_WITHDRAWAL,Branch,DEBIT,9072.77,INR,,SUCCESS,REF674607469
TXN000004009,A00000280,C000491,2026-08-31 21:41:50,CASH_DEPOSIT,Internet Banking,DEBIT,3128.29,INR,,SUCCESS,REF914379120
TXN000004010,A00000131,C000218,2026-07-17 00:36:50,UPI,Branch,DEBIT,6895.16,INR,BigBasket,SUCCESS,REF481093159
TXN000004011,A00000049,C000339,2026-08-26 12:27:41,CASH_WITHDRAWAL,Corporate Banking,DEBIT,5237.26,INR,,SUCCESS,REF140743864
TXN000004012,A00000246,C000019,2026-07-14 06:46:43,ATM_WITHDRAWAL,Corporate Banking,DEBIT,15389.62,INR,,SUCCESS,REF252673338
TXN000004013,A00000026,C000431,2026-08-19 13:23:13,POS,Corporate Banking,DEBIT,6829.5,INR,Uber,SUCCESS,REF642228549
TXN000004014,A00000309,C000414,2026-08-16 16:06:48,CASH_WITHDRAWAL,UPI,DEBIT,16034.83,INR,,SUCCESS,REF970015374
TXN000004015,A00000235,C000343,2026-07-14 02:36:30,RTGS,Branch,DEBIT,397795.96,INR,,SUCCESS,REF679279904
TXN000004016,A00000517,C000050,2026-08-05 16:00:57,POS,UPI,DEBIT,7630.5,INR,Croma,FAILED,REF116241185
TXN000004017,A00000580,C000338,2026-08-16 18:33:32,POS,Mobile App,CREDIT,4848.85,INR,Croma,SUCCESS,REF832419256
TXN000004018,A00000073,C000338,2026-08-10 23:25:36,CASH_DEPOSIT,UPI,DEBIT,8145.55,INR,,SUCCESS,REF951981464
TXN000004019,A00000019,C000285,2026-07-27 05:43:46,CASH_WITHDRAWAL,Corporate Banking,DEBIT,7158.71,INR,,SUCCESS,REF505003577
TXN000004020,A00000479,C000332,2026-08-28 05:41:58,UPI,ATM,DEBIT,8964.78,INR,Decathlon,SUCCESS,REF645003870
TXN000004021,A00000458,C000157,2026-08-22 11:56:59,POS,Branch,DEBIT,5228.05,INR,IRCTC,SUCCESS,REF466576928
TXN000004022,A00000130,C000114,2026-08-20 21:18:52,UPI,Branch,CREDIT,2558.23,INR,Apollo Pharmacy,SUCCESS,REF122408655
TXN000004023,A00000648,C000247,2026-08-28 19:24:17,CASH_DEPOSIT,Internet Banking,CREDIT,8267.53,INR,,REVERSED,REF304164862
TXN000004024,A00000629,C000475,2026-07-20 22:54:20,IMPS,Internet Banking,DEBIT,462.26,INR,,SUCCESS,REF612888908
TXN000004025,A00000242,C000413,2026-07-06 19:42:44,NEFT,Corporate Banking,DEBIT,5762.86,INR,,SUCCESS,REF294212328
TXN000004026,A00000060,C000123,2026-07-12 22:13:29,RTGS,Corporate Banking,DEBIT,269733.76,INR,,SUCCESS,REF763985852
TXN000004027,A00000646,C000054,2026-07-06 23:15:05,ATM_WITHDRAWAL,ATM,CREDIT,17917.54,INR,,SUCCESS,REF394835275
TXN000004028,A00000496,C000286,2026-08-01 20:52:02,NEFT,Mobile App,DEBIT,9910.56,INR,,SUCCESS,REF466845445
TXN000004029,A00000431,C000006,2026-08-14 00:54:28,POS,UPI,DEBIT,1395.02,INR,Zomato,FAILED,REF918059140
TXN000004030,A00000198,C000326,2026-07-05 14:03:47,UPI,Branch,DEBIT,6531.62,INR,Myntra,SUCCESS,REF270014131
TXN000004031,A00000583,C000469,2026-08-31 17:55:25,UPI,Internet Banking,DEBIT,641.18,INR,Uber,SUCCESS,REF863797634
TXN000004032,A00000275,C000156,2026-07-02 10:48:17,RTGS,Mobile App,DEBIT,297427.95,INR,,SUCCESS,REF626922985
TXN000004033,A00000144,C000249,2026-07-25 09:10:47,RTGS,Internet Banking,CREDIT,496067.81,INR,,SUCCESS,REF508859157
TXN000004034,A00000050,C000395,2026-07-30 23:26:36,CASH_DEPOSIT,Mobile App,CREDIT,660.0,INR,,FAILED,REF667325955
TXN000004035,A00000545,C000136,2026-07-08 19:47:02,IMPS,Branch,DEBIT,770.38,INR,,SUCCESS,REF272809174
TXN000004036,A00000623,C000342,2026-07-17 17:08:44,UPI,UPI,DEBIT,5062.64,INR,Zomato,SUCCESS,REF589733841
TXN000004037,A00000063,C000089,2026-07-18 16:55:42,POS,Corporate Banking,CREDIT,7685.59,INR,Airtel,SUCCESS,REF497675796
TXN000004038,A00000466,C000500,2026-07-02 08:12:07,POS,Corporate Banking,DEBIT,4526.12,INR,Uber,SUCCESS,REF881931213
TXN000004039,A00000328,C000214,2026-07-06 00:45:17,ATM_WITHDRAWAL,UPI,DEBIT,18667.49,INR,,SUCCESS,REF618706105
TXN000004040,A00000542,C000413,2026-07-21 05:54:24,ATM_WITHDRAWAL,Mobile App,DEBIT,17135.55,INR,,SUCCESS,REF410324741
TXN000004041,A00000324,C000330,2026-07-02 09:36:08,RTGS,UPI,DEBIT,444639.66,INR,,SUCCESS,REF597151770
TXN000004042,A00000034,C000384,2026-07-26 17:03:41,UPI,Internet Banking,DEBIT,283.38,INR,DMart,SUCCESS,REF317240061
TXN000004043,A00000631,C000050,2026-08-20 03:15:12,CASH_DEPOSIT,ATM,DEBIT,8059.19,INR,,SUCCESS,REF466681532
TXN000004044,A00000083,C000485,2026-08-22 05:08:09,NEFT,Corporate Banking,DEBIT,4737.5,INR,,SUCCESS,REF968870418
TXN000004045,A00000358,C000163,2026-08-21 06:22:54,IMPS,ATM,DEBIT,942.83,INR,,SUCCESS,REF131338549
TXN000004046,A00000558,C000266,2026-08-17 09:24:07,UPI,UPI,DEBIT,7838.56,INR,Decathlon,SUCCESS,REF653538518
TXN000004047,A00000440,C000098,2026-08-19 13:22:27,NEFT,UPI,DEBIT,1117.78,INR,,SUCCESS,REF853860892
TXN000004048,A00000238,C000063,2026-07-21 16:54:33,UPI,ATM,DEBIT,4008.19,INR,Swiggy,SUCCESS,REF578053635
TXN000004049,A00000110,C000163,2026-07-01 20:33:32,CASH_DEPOSIT,UPI,DEBIT,5189.5,INR,,FAILED,REF808140795
TXN000004050,A00000465,C000155,2026-07-15 13:22:42,CASH_DEPOSIT,Mobile App,DEBIT,9007.99,INR,,SUCCESS,REF549060762
TXN000004051,A00000496,C000286,2026-07-05 00:27:17,RTGS,ATM,DEBIT,253219.8,INR,,FAILED,REF673519423
TXN000004052,A00000421,C000045,2026-08-17 11:10:57,CASH_DEPOSIT,Branch,DEBIT,2777.22,INR,,SUCCESS,REF352575571
TXN000004053,A00000359,C000361,2026-07-13 23:08:55,ATM_WITHDRAWAL,ATM,DEBIT,11600.8,INR,,FAILED,REF468070275
TXN000004054,A00000177,C000491,2026-08-29 13:49:45,POS,UPI,CREDIT,4620.69,INR,MakeMyTrip,SUCCESS,REF337404755
TXN000004055,A00000587,C000051,2026-08-10 14:02:40,POS,Branch,DEBIT,929.95,INR,Myntra,FAILED,REF798805578
TXN000004056,A00000256,C000375,2026-07-17 00:37:04,CASH_WITHDRAWAL,UPI,DEBIT,1087.58,INR,,SUCCESS,REF166330327
TXN000004057,A00000451,C000216,2026-08-19 03:33:12,NEFT,UPI,CREDIT,3543.91,INR,,SUCCESS,REF777713862
TXN000004058,A00000228,C000225,2026-08-11 11:10:33,IMPS,ATM,CREDIT,2274.79,INR,,SUCCESS,REF870658994
TXN000004059,A00000606,C000339,2026-07-06 13:09:29,CASH_DEPOSIT,Corporate Banking,DEBIT,799.25,INR,,SUCCESS,REF775322212
TXN000004060,A00000236,C000401,2026-07-19 03:20:09,RTGS,ATM,DEBIT,277306.1,INR,,FAILED,REF833772390
TXN000004061,A00000594,C000088,2026-08-05 18:31:36,UPI,Branch,DEBIT,4372.37,INR,Ola,SUCCESS,REF810429926
TXN000004062,A00000198,C000326,2026-08-06 19:29:02,UPI,Branch,DEBIT,9705.29,INR,Swiggy,SUCCESS,REF331354303
TXN000004063,A00000270,C000074,2026-07-27 09:05:25,RTGS,Internet Banking,CREDIT,305341.87,INR,,SUCCESS,REF843441213
TXN000004064,A00000535,C000325,2026-08-18 09:03:34,CASH_WITHDRAWAL,Internet Banking,CREDIT,12765.42,INR,,SUCCESS,REF852995786
TXN000004065,A00000267,C000480,2026-07-30 14:06:48,NEFT,Mobile App,DEBIT,7053.13,INR,,SUCCESS,REF626963366
TXN000004066,A00000298,C000206,2026-08-01 10:58:27,RTGS,Mobile App,DEBIT,233184.22,INR,,SUCCESS,REF667222964
TXN000004067,A00000242,C000413,2026-08-16 23:14:35,ATM_WITHDRAWAL,Mobile App,DEBIT,971.53,INR,,SUCCESS,REF821573420
TXN000004068,A00000173,C000413,2026-07-23 09:38:29,UPI,UPI,DEBIT,5587.05,INR,Uber,SUCCESS,REF611934969
TXN000004069,A00000211,C000347,2026-07-22 18:58:36,RTGS,Branch,DEBIT,466097.69,INR,,SUCCESS,REF701724963
TXN000004070,A00000477,C000138,2026-07-15 09:40:58,CASH_DEPOSIT,Branch,DEBIT,9828.89,INR,,SUCCESS,REF768808615
TXN000004071,A00000453,C000027,2026-07-28 12:25:05,ATM_WITHDRAWAL,Corporate Banking,DEBIT,19752.59,INR,,SUCCESS,REF238574244
TXN000004072,A00000311,C000102,2026-07-26 18:47:18,CASH_DEPOSIT,Internet Banking,DEBIT,8455.8,INR,,SUCCESS,REF291103452
TXN000004073,A00000069,C000455,2026-07-16 13:31:41,CASH_WITHDRAWAL,Corporate Banking,DEBIT,9496.81,INR,,SUCCESS,REF418978666
TXN000004074,A00000336,C000245,2026-08-10 11:54:32,ATM_WITHDRAWAL,Branch,DEBIT,1068.72,INR,,SUCCESS,REF572039520
TXN000004075,A00000267,C000480,2026-08-31 01:35:07,POS,ATM,CREDIT,7106.8,INR,Ola,SUCCESS,REF593522341
TXN000004076,A00000531,C000244,2026-07-16 04:19:50,ATM_WITHDRAWAL,Mobile App,CREDIT,11139.67,INR,,SUCCESS,REF631933606
TXN000004077,A00000549,C000259,2026-08-04 06:25:29,RTGS,Corporate Banking,DEBIT,322991.44,INR,,FAILED,REF489025114
TXN000004078,A00000130,C000114,2026-08-04 19:32:33,ATM_WITHDRAWAL,Branch,CREDIT,16167.74,INR,,SUCCESS,REF812276826
TXN000004079,A00000194,C000203,2026-07-20 03:55:40,POS,ATM,CREDIT,8078.91,INR,Jio,SUCCESS,REF214495637
TXN000004080,A00000269,C000441,2026-08-19 21:04:11,NEFT,Corporate Banking,DEBIT,1076.86,INR,,SUCCESS,REF207177694
TXN000004081,A00000300,C000056,2026-08-12 02:53:40,CASH_WITHDRAWAL,Corporate Banking,DEBIT,11579.36,INR,,SUCCESS,REF643790919
TXN000004082,A00000241,C000488,2026-07-19 20:23:27,POS,Corporate Banking,DEBIT,5221.79,INR,Zomato,SUCCESS,REF609840402
TXN000004083,A00000076,C000215,2026-08-01 03:49:37,IMPS,Internet Banking,CREDIT,8872.1,INR,,SUCCESS,REF463031374
TXN000004084,A00000200,C000064,2026-07-07 16:24:59,UPI,Internet Banking,DEBIT,8338.99,INR,MakeMyTrip,SUCCESS,REF371020926
TXN000004085,A00000015,C000167,2026-07-02 19:34:58,UPI,UPI,DEBIT,6587.33,INR,Myntra,SUCCESS,REF148022258
TXN000004086,A00000413,C000061,2026-08-18 14:09:55,ATM_WITHDRAWAL,Internet Banking,DEBIT,12297.93,INR,,SUCCESS,REF845751326
TXN000004087,A00000579,C000165,2026-07-09 15:08:41,RTGS,Corporate Banking,DEBIT,163323.55,INR,,SUCCESS,REF239044746
TXN000004088,A00000538,C000359,2026-07-16 20:01:47,UPI,ATM,DEBIT,9291.54,INR,Ola,SUCCESS,REF544587674
TXN000004089,A00000045,C000131,2026-07-24 21:06:11,UPI,UPI,DEBIT,5566.51,INR,Zomato,SUCCESS,REF925068813
TXN000004090,A00000565,C000184,2026-07-16 00:00:06,UPI,Branch,DEBIT,118.92,INR,BigBasket,SUCCESS,REF265116081
TXN000004091,A00000560,C000334,2026-08-17 17:26:31,CASH_DEPOSIT,Corporate Banking,DEBIT,8659.4,INR,,SUCCESS,REF803995554
TXN000004092,A00000643,C000134,2026-08-18 06:56:26,IMPS,Branch,CREDIT,558.61,INR,,SUCCESS,REF682390373
TXN000004093,A00000065,C000206,2026-07-11 06:03:17,CASH_DEPOSIT,Mobile App,CREDIT,5732.48,INR,,SUCCESS,REF795288812
TXN000004094,A00000401,C000296,2026-07-18 02:30:56,IMPS,Internet Banking,DEBIT,1172.84,INR,,FAILED,REF702698196
TXN000004095,A00000061,C000495,2026-08-27 04:37:11,CASH_WITHDRAWAL,ATM,DEBIT,15682.66,INR,,SUCCESS,REF278953293
TXN000004096,A00000609,C000348,2026-08-12 20:20:17,ATM_WITHDRAWAL,ATM,DEBIT,18677.23,INR,,SUCCESS,REF925611751
TXN000004097,A00000244,C000466,2026-07-25 07:17:24,ATM_WITHDRAWAL,UPI,CREDIT,14218.03,INR,,SUCCESS,REF389191462
TXN000004098,A00000631,C000050,2026-07-06 01:55:48,POS,UPI,DEBIT,3543.92,INR,Reliance Digital,FAILED,REF485963544
TXN000004099,A00000372,C000007,2026-08-31 05:24:25,POS,UPI,DEBIT,4582.62,INR,DMart,SUCCESS,REF331442134
TXN000004100,A00000529,C000042,2026-07-06 21:50:26,NEFT,Branch,DEBIT,8880.48,INR,,SUCCESS,REF696020873
TXN000004101,A00000500,C000126,2026-08-14 23:09:53,POS,Mobile App,CREDIT,2119.17,INR,Swiggy,SUCCESS,REF728339277
TXN000004102,A00000616,C000290,2026-08-26 22:11:57,UPI,Internet Banking,DEBIT,9808.04,INR,Ola,SUCCESS,REF451914727
TXN000004103,A00000643,C000134,2026-07-12 16:54:03,IMPS,UPI,DEBIT,6538.22,INR,,SUCCESS,REF382672378
TXN000004104,A00000555,C000040,2026-08-05 22:25:37,NEFT,Branch,CREDIT,8105.46,INR,,SUCCESS,REF651176467
TXN000004105,A00000287,C000203,2026-07-20 19:30:59,POS,Corporate Banking,CREDIT,7842.86,INR,DMart,SUCCESS,REF146092141
TXN000004106,A00000046,C000267,2026-08-05 18:48:52,IMPS,ATM,DEBIT,4237.84,INR,,SUCCESS,REF123749782
TXN000004107,A00000506,C000240,2026-08-23 02:01:54,IMPS,UPI,DEBIT,9873.54,INR,,SUCCESS,REF961319091
TXN000004108,A00000022,C000229,2026-08-01 10:23:04,NEFT,Mobile App,DEBIT,5719.96,INR,,SUCCESS,REF836171025
TXN000004109,A00000151,C000241,2026-08-22 13:36:09,IMPS,Corporate Banking,CREDIT,3335.25,INR,,SUCCESS,REF853984257
TXN000004110,A00000561,C000129,2026-07-01 00:03:08,ATM_WITHDRAWAL,Branch,DEBIT,12195.95,INR,,SUCCESS,REF703578140
TXN000004111,A00000114,C000172,2026-07-25 05:32:48,IMPS,Internet Banking,DEBIT,7814.95,INR,,SUCCESS,REF793123556
TXN000004112,A00000293,C000414,2026-08-28 12:33:33,CASH_WITHDRAWAL,Branch,DEBIT,591.04,INR,,SUCCESS,REF798873377
TXN000004113,A00000460,C000382,2026-07-18 15:28:21,IMPS,Branch,DEBIT,3117.24,INR,,SUCCESS,REF607920736
TXN000004114,A00000497,C000498,2026-08-04 17:26:50,IMPS,ATM,DEBIT,8384.49,INR,,SUCCESS,REF360721731
TXN000004115,A00000056,C000419,2026-08-04 21:57:45,RTGS,Branch,DEBIT,109414.03,INR,,SUCCESS,REF824047244
TXN000004116,A00000059,C000250,2026-08-23 15:12:11,UPI,Mobile App,DEBIT,7175.36,INR,BookMyShow,SUCCESS,REF927126321
TXN000004117,A00000083,C000485,2026-08-26 04:54:04,UPI,Branch,DEBIT,8208.72,INR,Myntra,SUCCESS,REF439336284
TXN000004118,A00000578,C000327,2026-07-14 15:45:17,CASH_WITHDRAWAL,UPI,DEBIT,9405.41,INR,,FAILED,REF615583619
TXN000004119,A00000388,C000234,2026-07-24 13:00:22,POS,Internet Banking,DEBIT,9577.62,INR,Airtel,SUCCESS,REF698556059
TXN000004120,A00000332,C000486,2026-07-24 00:53:27,CASH_DEPOSIT,Corporate Banking,CREDIT,8774.17,INR,,SUCCESS,REF387089912
TXN000004121,A00000513,C000041,2026-07-20 18:34:26,CASH_WITHDRAWAL,ATM,DEBIT,13327.93,INR,,SUCCESS,REF155052755
TXN000004122,A00000056,C000419,2026-07-17 14:45:11,IMPS,Corporate Banking,DEBIT,3466.87,INR,,SUCCESS,REF367711913
TXN000004123,A00000245,C000320,2026-07-09 21:17:52,ATM_WITHDRAWAL,Internet Banking,DEBIT,10439.45,INR,,SUCCESS,REF106499353
TXN000004124,A00000294,C000015,2026-07-20 13:32:22,NEFT,Branch,DEBIT,6909.87,INR,,SUCCESS,REF514074448
TXN000004125,A00000218,C000133,2026-08-28 12:11:31,RTGS,Corporate Banking,DEBIT,242329.65,INR,,SUCCESS,REF661110955
TXN000004126,A00000107,C000461,2026-07-13 19:28:19,CASH_DEPOSIT,Corporate Banking,CREDIT,6500.91,INR,,SUCCESS,REF490811903
TXN000004127,A00000632,C000054,2026-07-18 05:57:14,POS,Mobile App,DEBIT,3290.64,INR,BigBasket,SUCCESS,REF795448475
TXN000004128,A00000156,C000264,2026-07-30 16:49:17,ATM_WITHDRAWAL,Corporate Banking,DEBIT,13520.8,INR,,SUCCESS,REF106237030
TXN000004129,A00000111,C000190,2026-08-20 16:46:35,CASH_DEPOSIT,Internet Banking,DEBIT,4442.79,INR,,SUCCESS,REF991014305
TXN000004130,A00000271,C000315,2026-08-03 12:04:55,UPI,UPI,DEBIT,8667.38,INR,BookMyShow,SUCCESS,REF377340792
TXN000004131,A00000229,C000337,2026-07-18 17:07:26,CASH_DEPOSIT,Internet Banking,DEBIT,5755.75,INR,,FAILED,REF428314316
TXN000004132,A00000492,C000094,2026-08-03 19:24:49,CASH_DEPOSIT,UPI,DEBIT,6987.56,INR,,SUCCESS,REF548729508
TXN000004133,A00000084,C000272,2026-07-06 19:10:02,CASH_DEPOSIT,Corporate Banking,CREDIT,6336.94,INR,,SUCCESS,REF511349762
TXN000004134,A00000315,C000126,2026-07-04 19:38:55,POS,Internet Banking,DEBIT,5258.88,INR,Swiggy,SUCCESS,REF544807859
TXN000004135,A00000650,C000122,2026-07-05 16:16:32,POS,UPI,DEBIT,1667.51,INR,Amazon,SUCCESS,REF308000593
TXN000004136,A00000067,C000357,2026-07-02 13:29:23,IMPS,Internet Banking,CREDIT,9928.64,INR,,SUCCESS,REF250261217
TXN000004137,A00000644,C000474,2026-08-04 16:05:10,ATM_WITHDRAWAL,ATM,DEBIT,12612.84,INR,,SUCCESS,REF201008953
TXN000004138,A00000175,C000127,2026-07-15 01:15:53,CASH_DEPOSIT,ATM,DEBIT,5182.71,INR,,SUCCESS,REF325168554
TXN000004139,A00000112,C000045,2026-07-07 06:13:39,RTGS,Corporate Banking,DEBIT,463437.05,INR,,SUCCESS,REF380956774
TXN000004140,A00000336,C000245,2026-08-21 13:27:47,IMPS,Corporate Banking,DEBIT,2058.12,INR,,FAILED,REF294481194
TXN000004141,A00000296,C000321,2026-08-01 02:49:26,POS,Branch,CREDIT,3226.58,INR,Myntra,SUCCESS,REF599536390
TXN000004142,A00000277,C000001,2026-07-19 21:44:00,RTGS,Mobile App,CREDIT,459680.39,INR,,SUCCESS,REF632377714
TXN000004143,A00000057,C000324,2026-07-30 09:20:11,IMPS,Corporate Banking,DEBIT,2095.07,INR,,SUCCESS,REF898445427
TXN000004144,A00000077,C000193,2026-07-01 22:59:08,UPI,ATM,CREDIT,9624.8,INR,Reliance Digital,SUCCESS,REF393984243
TXN000004145,A00000213,C000463,2026-07-12 23:38:58,RTGS,Corporate Banking,CREDIT,236803.43,INR,,FAILED,REF323402679
TXN000004146,A00000252,C000294,2026-07-05 14:41:22,POS,Corporate Banking,DEBIT,4010.89,INR,Decathlon,SUCCESS,REF631845497
TXN000004147,A00000039,C000429,2026-07-07 13:06:24,IMPS,Corporate Banking,DEBIT,3341.2,INR,,SUCCESS,REF787010985
TXN000004148,A00000234,C000394,2026-07-07 17:17:19,POS,Mobile App,DEBIT,8551.91,INR,Uber,FAILED,REF492834745
TXN000004149,A00000045,C000131,2026-07-20 19:30:52,ATM_WITHDRAWAL,Internet Banking,DEBIT,15988.54,INR,,SUCCESS,REF780216045
TXN000004150,A00000146,C000168,2026-07-10 06:08:00,RTGS,Internet Banking,DEBIT,344812.09,INR,,SUCCESS,REF877685228
TXN000004151,A00000369,C000390,2026-07-05 04:13:14,RTGS,Mobile App,DEBIT,232522.84,INR,,SUCCESS,REF492528762
TXN000004152,A00000544,C000402,2026-08-24 23:06:12,IMPS,Mobile App,DEBIT,4759.04,INR,,SUCCESS,REF643937305
TXN000004153,A00000504,C000477,2026-07-27 20:28:36,UPI,Corporate Banking,DEBIT,7532.49,INR,Reliance Digital,SUCCESS,REF484088188
TXN000004154,A00000412,C000431,2026-07-05 19:08:39,RTGS,Mobile App,DEBIT,315529.76,INR,,SUCCESS,REF757692922
TXN000004155,A00000578,C000327,2026-08-07 20:24:31,CASH_WITHDRAWAL,Branch,DEBIT,15909.05,INR,,SUCCESS,REF869412010
TXN000004156,A00000369,C000390,2026-08-25 07:22:14,CASH_WITHDRAWAL,UPI,DEBIT,4565.76,INR,,SUCCESS,REF888543222
TXN000004157,A00000129,C000456,2026-07-01 21:02:40,CASH_DEPOSIT,Corporate Banking,DEBIT,6315.15,INR,,SUCCESS,REF370441839
TXN000004158,A00000467,C000269,2026-07-30 11:27:19,POS,Branch,DEBIT,310.95,INR,Ola,SUCCESS,REF520561469
TXN000004159,A00000356,C000454,2026-08-18 22:16:48,POS,Corporate Banking,DEBIT,5182.44,INR,Uber,SUCCESS,REF526173180
TXN000004160,A00000605,C000021,2026-08-15 04:50:41,CASH_WITHDRAWAL,Mobile App,DEBIT,15100.16,INR,,SUCCESS,REF295079065
TXN000004161,A00000044,C000327,2026-07-16 02:19:58,ATM_WITHDRAWAL,UPI,DEBIT,1694.54,INR,,SUCCESS,REF987572165
TXN000004162,A00000440,C000098,2026-08-24 08:57:56,CASH_WITHDRAWAL,ATM,DEBIT,2464.24,INR,,SUCCESS,REF184325257
TXN000004163,A00000094,C000241,2026-07-04 05:36:23,ATM_WITHDRAWAL,UPI,CREDIT,3366.21,INR,,SUCCESS,REF975881126
TXN000004164,A00000148,C000280,2026-08-24 04:23:29,RTGS,Internet Banking,DEBIT,235020.92,INR,,SUCCESS,REF241306054
TXN000004165,A00000295,C000123,2026-07-10 09:30:42,POS,Corporate Banking,DEBIT,3014.57,INR,Myntra,SUCCESS,REF124008143
TXN000004166,A00000153,C000179,2026-07-04 00:32:56,RTGS,Branch,DEBIT,398298.95,INR,,SUCCESS,REF580596348
TXN000004167,A00000540,C000278,2026-08-13 05:51:57,IMPS,Internet Banking,DEBIT,5468.5,INR,,SUCCESS,REF787939613
TXN000004168,A00000601,C000136,2026-07-15 12:13:14,CASH_WITHDRAWAL,Mobile App,DEBIT,14425.85,INR,,SUCCESS,REF508700939
TXN000004169,A00000120,C000352,2026-07-18 18:54:44,CASH_WITHDRAWAL,Internet Banking,CREDIT,4083.97,INR,,SUCCESS,REF958827771
TXN000004170,A00000385,C000341,2026-08-18 21:42:09,ATM_WITHDRAWAL,ATM,CREDIT,15468.66,INR,,SUCCESS,REF489662082
TXN000004171,A00000221,C000124,2026-07-18 00:07:35,CASH_DEPOSIT,UPI,DEBIT,737.69,INR,,SUCCESS,REF599221278
TXN000004172,A00000041,C000027,2026-08-27 08:38:47,UPI,ATM,DEBIT,3951.51,INR,IRCTC,SUCCESS,REF301528943
TXN000004173,A00000125,C000007,2026-08-23 05:57:58,POS,ATM,DEBIT,4259.57,INR,MakeMyTrip,SUCCESS,REF938290646
TXN000004174,A00000203,C000429,2026-07-10 10:36:44,CASH_DEPOSIT,Internet Banking,CREDIT,1910.84,INR,,SUCCESS,REF588426972
TXN000004175,A00000201,C000300,2026-07-13 18:17:37,IMPS,Mobile App,DEBIT,6927.53,INR,,SUCCESS,REF278430730
TXN000004176,A00000609,C000348,2026-07-11 19:17:58,IMPS,Mobile App,DEBIT,1699.25,INR,,SUCCESS,REF944356328
TXN000004177,A00000085,C000386,2026-07-12 05:56:49,RTGS,Mobile App,DEBIT,467510.67,INR,,SUCCESS,REF130008884
TXN000004178,A00000395,C000109,2026-07-02 21:09:00,IMPS,Corporate Banking,DEBIT,4879.19,INR,,FAILED,REF978533562
TXN000004179,A00000044,C000327,2026-07-20 02:42:33,NEFT,Mobile App,DEBIT,9986.78,INR,,SUCCESS,REF272230836
TXN000004180,A00000190,C000121,2026-07-24 14:07:18,IMPS,ATM,DEBIT,2553.82,INR,,SUCCESS,REF984918194
TXN000004181,A00000581,C000240,2026-08-25 23:27:05,RTGS,Internet Banking,DEBIT,152012.47,INR,,SUCCESS,REF267791616
TXN000004182,A00000629,C000475,2026-07-18 04:06:42,RTGS,Internet Banking,DEBIT,479504.92,INR,,SUCCESS,REF693582451
TXN000004183,A00000240,C000386,2026-08-11 21:12:30,RTGS,Internet Banking,DEBIT,251050.91,INR,,SUCCESS,REF966111614
TXN000004184,A00000625,C000298,2026-08-18 01:10:29,UPI,UPI,DEBIT,3436.44,INR,Airtel,SUCCESS,REF488059405
TXN000004185,A00000585,C000076,2026-08-14 06:44:30,POS,Internet Banking,CREDIT,639.0,INR,IRCTC,SUCCESS,REF895704633
TXN000004186,A00000196,C000383,2026-07-01 20:22:22,UPI,ATM,DEBIT,106.49,INR,Decathlon,SUCCESS,REF973368236
TXN000004187,A00000311,C000102,2026-07-30 22:56:29,ATM_WITHDRAWAL,Internet Banking,DEBIT,9399.43,INR,,SUCCESS,REF205198878
TXN000004188,A00000276,C000277,2026-07-25 13:13:06,RTGS,Branch,CREDIT,479362.81,INR,,SUCCESS,REF813578545
TXN000004189,A00000143,C000143,2026-08-12 00:01:28,CASH_WITHDRAWAL,Corporate Banking,DEBIT,17358.15,INR,,SUCCESS,REF239787855
TXN000004190,A00000378,C000338,2026-07-08 02:15:39,ATM_WITHDRAWAL,Internet Banking,DEBIT,2514.42,INR,,SUCCESS,REF291060902
TXN000004191,A00000311,C000102,2026-08-12 14:51:37,NEFT,ATM,CREDIT,1471.21,INR,,SUCCESS,REF644816945
TXN000004192,A00000027,C000337,2026-08-06 14:38:49,ATM_WITHDRAWAL,Internet Banking,CREDIT,14909.89,INR,,SUCCESS,REF315155272
TXN000004193,A00000435,C000028,2026-08-19 11:49:46,ATM_WITHDRAWAL,Mobile App,DEBIT,6136.69,INR,,SUCCESS,REF443777282
TXN000004194,A00000278,C000129,2026-07-05 10:44:17,RTGS,Mobile App,DEBIT,233589.13,INR,,SUCCESS,REF846775179
TXN000004195,A00000213,C000463,2026-08-23 09:42:09,CASH_WITHDRAWAL,Mobile App,DEBIT,3412.46,INR,,SUCCESS,REF169748724
TXN000004196,A00000344,C000259,2026-08-11 01:05:53,CASH_DEPOSIT,UPI,DEBIT,5358.29,INR,,SUCCESS,REF183783859
TXN000004197,A00000191,C000241,2026-07-11 14:37:51,IMPS,Internet Banking,CREDIT,9914.4,INR,,SUCCESS,REF689509602
TXN000004198,A00000475,C000422,2026-08-11 22:47:40,UPI,Corporate Banking,CREDIT,4376.91,INR,Apollo Pharmacy,SUCCESS,REF643595665
TXN000004199,A00000424,C000311,2026-08-17 01:05:20,RTGS,ATM,DEBIT,492199.05,INR,,SUCCESS,REF885696443
TXN000004200,A00000071,C000368,2026-07-19 10:33:30,UPI,UPI,DEBIT,1135.91,INR,Jio,SUCCESS,REF787377008
TXN000004201,A00000305,C000500,2026-08-17 18:32:30,IMPS,ATM,DEBIT,1092.61,INR,,SUCCESS,REF801058571
TXN000004202,A00000021,C000463,2026-08-07 02:31:59,UPI,Branch,DEBIT,2830.68,INR,BookMyShow,SUCCESS,REF306526198
TXN000004203,A00000074,C000255,2026-07-02 10:18:43,ATM_WITHDRAWAL,UPI,DEBIT,3873.27,INR,,SUCCESS,REF544795816
TXN000004204,A00000297,C000034,2026-07-06 04:44:11,UPI,Branch,DEBIT,8887.35,INR,BookMyShow,SUCCESS,REF394739096
TXN000004205,A00000212,C000149,2026-07-23 13:29:18,NEFT,Branch,DEBIT,340.75,INR,,SUCCESS,REF881619647
TXN000004206,A00000535,C000325,2026-07-27 00:33:41,CASH_WITHDRAWAL,ATM,CREDIT,1258.49,INR,,FAILED,REF484102671
TXN000004207,A00000119,C000497,2026-07-23 02:37:13,ATM_WITHDRAWAL,Internet Banking,CREDIT,10686.54,INR,,SUCCESS,REF477077184
TXN000004208,A00000124,C000410,2026-07-31 01:53:03,ATM_WITHDRAWAL,Corporate Banking,DEBIT,18660.97,INR,,SUCCESS,REF935840444
TXN000004209,A00000236,C000401,2026-08-31 12:11:43,CASH_DEPOSIT,Branch,DEBIT,1192.84,INR,,SUCCESS,REF861661812
TXN000004210,A00000445,C000264,2026-07-31 03:30:11,IMPS,Internet Banking,DEBIT,8656.95,INR,,SUCCESS,REF761786627
TXN000004211,A00000198,C000326,2026-08-11 15:21:34,ATM_WITHDRAWAL,Internet Banking,DEBIT,8161.29,INR,,SUCCESS,REF848947803
TXN000004212,A00000511,C000385,2026-07-23 07:50:39,IMPS,Branch,DEBIT,9473.13,INR,,SUCCESS,REF636079349
TXN000004213,A00000077,C000193,2026-07-29 05:16:49,IMPS,Internet Banking,DEBIT,1498.98,INR,,SUCCESS,REF428760736
TXN000004214,A00000329,C000157,2026-07-02 19:58:51,IMPS,UPI,CREDIT,3041.38,INR,,SUCCESS,REF137025169
TXN000004215,A00000625,C000298,2026-07-09 11:33:48,CASH_DEPOSIT,Mobile App,DEBIT,6758.82,INR,,SUCCESS,REF206444806
TXN000004216,A00000016,C000318,2026-08-07 03:34:55,RTGS,Corporate Banking,DEBIT,424917.81,INR,,SUCCESS,REF127638423
TXN000004217,A00000610,C000155,2026-08-16 22:43:52,NEFT,ATM,DEBIT,1689.17,INR,,REVERSED,REF730534855
TXN000004218,A00000139,C000284,2026-07-29 11:08:15,IMPS,Corporate Banking,DEBIT,5187.66,INR,,SUCCESS,REF734749980
TXN000004219,A00000264,C000277,2026-07-17 23:09:11,IMPS,Mobile App,DEBIT,8015.19,INR,,SUCCESS,REF981357687
TXN000004220,A00000046,C000267,2026-07-17 23:28:31,IMPS,Mobile App,CREDIT,4081.49,INR,,SUCCESS,REF862176454
TXN000004221,A00000444,C000154,2026-08-27 10:08:18,CASH_DEPOSIT,UPI,DEBIT,8406.48,INR,,SUCCESS,REF140292817
TXN000004222,A00000343,C000466,2026-07-11 20:35:24,NEFT,Corporate Banking,DEBIT,9524.34,INR,,SUCCESS,REF602862552
TXN000004223,A00000152,C000316,2026-08-01 17:08:21,ATM_WITHDRAWAL,ATM,DEBIT,14850.59,INR,,SUCCESS,REF589107409
TXN000004224,A00000470,C000112,2026-07-01 18:35:35,NEFT,Corporate Banking,DEBIT,165.15,INR,,SUCCESS,REF157776122
TXN000004225,A00000516,C000199,2026-08-14 07:58:22,RTGS,Mobile App,DEBIT,87460.01,INR,,REVERSED,REF587913879
TXN000004226,A00000591,C000178,2026-07-12 09:03:50,IMPS,ATM,CREDIT,594.89,INR,,SUCCESS,REF862869218
TXN000004227,A00000397,C000070,2026-07-29 05:29:55,IMPS,UPI,DEBIT,210.71,INR,,SUCCESS,REF829295144
TXN000004228,A00000144,C000249,2026-08-25 14:36:22,CASH_DEPOSIT,Branch,CREDIT,6461.9,INR,,FAILED,REF554482668
TXN000004229,A00000114,C000172,2026-07-02 20:11:42,NEFT,Internet Banking,DEBIT,8516.02,INR,,SUCCESS,REF770857612
TXN000004230,A00000028,C000116,2026-08-12 17:23:11,IMPS,ATM,CREDIT,6599.98,INR,,SUCCESS,REF542369753
TXN000004231,A00000022,C000229,2026-08-21 07:31:43,CASH_DEPOSIT,Mobile App,DEBIT,2323.84,INR,,SUCCESS,REF519879802
TXN000004232,A00000415,C000063,2026-07-22 12:53:48,CASH_WITHDRAWAL,Branch,DEBIT,15944.87,INR,,SUCCESS,REF464813446
TXN000004233,A00000050,C000395,2026-07-03 15:08:57,UPI,Corporate Banking,DEBIT,5506.57,INR,Jio,SUCCESS,REF862035931
TXN000004234,A00000605,C000021,2026-08-31 13:29:57,UPI,ATM,DEBIT,3547.27,INR,Apollo Pharmacy,SUCCESS,REF728180496
TXN000004235,A00000588,C000305,2026-07-17 07:41:20,ATM_WITHDRAWAL,ATM,DEBIT,16962.35,INR,,SUCCESS,REF499219310
TXN000004236,A00000014,C000394,2026-08-18 21:16:34,IMPS,UPI,DEBIT,5982.45,INR,,SUCCESS,REF199012129
TXN000004237,A00000596,C000156,2026-08-02 03:59:20,NEFT,Corporate Banking,DEBIT,7635.11,INR,,SUCCESS,REF676169966
TXN000004238,A00000216,C000403,2026-07-17 22:12:22,CASH_DEPOSIT,Branch,DEBIT,4958.49,INR,,SUCCESS,REF200581857
TXN000004239,A00000461,C000187,2026-08-14 03:24:25,CASH_WITHDRAWAL,Branch,CREDIT,16753.71,INR,,SUCCESS,REF457384664
TXN000004240,A00000381,C000096,2026-08-12 01:28:47,UPI,Internet Banking,DEBIT,9691.99,INR,MakeMyTrip,SUCCESS,REF313756178
TXN000004241,A00000108,C000229,2026-07-23 23:28:12,POS,Corporate Banking,DEBIT,8194.32,INR,Myntra,SUCCESS,REF156304017
TXN000004242,A00000552,C000372,2026-08-28 07:12:10,RTGS,UPI,DEBIT,227148.11,INR,,SUCCESS,REF632256143
TXN000004243,A00000299,C000451,2026-07-24 14:24:16,CASH_DEPOSIT,ATM,DEBIT,4448.93,INR,,SUCCESS,REF928951959
TXN000004244,A00000333,C000328,2026-07-16 09:25:09,NEFT,Corporate Banking,CREDIT,8891.63,INR,,SUCCESS,REF742588052
TXN000004245,A00000140,C000481,2026-07-04 16:40:56,CASH_WITHDRAWAL,UPI,DEBIT,2540.75,INR,,SUCCESS,REF867947476
TXN000004246,A00000027,C000337,2026-07-01 04:12:41,RTGS,Branch,DEBIT,90048.88,INR,,SUCCESS,REF961359185
TXN000004247,A00000006,C000491,2026-07-17 03:31:32,IMPS,ATM,DEBIT,8478.4,INR,,SUCCESS,REF759833576
TXN000004248,A00000026,C000431,2026-08-04 12:52:20,CASH_WITHDRAWAL,Branch,CREDIT,14233.73,INR,,SUCCESS,REF703987128
TXN000004249,A00000019,C000285,2026-07-18 21:49:01,CASH_WITHDRAWAL,Branch,DEBIT,5584.25,INR,,SUCCESS,REF733486870
TXN000004250,A00000296,C000321,2026-07-28 23:33:04,CASH_DEPOSIT,Mobile App,DEBIT,7189.34,INR,,SUCCESS,REF600619404
TXN000004251,A00000455,C000443,2026-07-02 12:23:47,IMPS,Internet Banking,DEBIT,4343.7,INR,,SUCCESS,REF509702268
TXN000004252,A00000020,C000395,2026-07-20 15:00:36,IMPS,Internet Banking,DEBIT,5256.07,INR,,SUCCESS,REF197731327
TXN000004253,A00000544,C000402,2026-08-02 14:35:21,POS,Internet Banking,DEBIT,3861.45,INR,BigBasket,SUCCESS,REF582957040
TXN000004254,A00000282,C000285,2026-08-08 02:18:28,POS,UPI,DEBIT,1942.42,INR,Myntra,SUCCESS,REF415718796
TXN000004255,A00000570,C000146,2026-07-20 11:03:21,CASH_WITHDRAWAL,Internet Banking,DEBIT,15805.46,INR,,SUCCESS,REF341155709
TXN000004256,A00000452,C000257,2026-07-03 22:35:27,RTGS,Branch,DEBIT,339847.39,INR,,SUCCESS,REF339148470
TXN000004257,A00000480,C000233,2026-07-07 19:14:48,ATM_WITHDRAWAL,Corporate Banking,DEBIT,15198.2,INR,,SUCCESS,REF292974573
TXN000004258,A00000587,C000051,2026-07-19 21:36:49,UPI,Mobile App,CREDIT,179.63,INR,Decathlon,FAILED,REF467104059
TXN000004259,A00000161,C000244,2026-08-12 02:51:18,RTGS,Internet Banking,DEBIT,376000.39,INR,,SUCCESS,REF271421886
TXN000004260,A00000115,C000213,2026-08-17 00:09:53,CASH_DEPOSIT,UPI,CREDIT,4944.8,INR,,SUCCESS,REF121186742
TXN000004261,A00000388,C000234,2026-08-02 22:38:05,CASH_DEPOSIT,ATM,DEBIT,8743.36,INR,,SUCCESS,REF238979395
TXN000004262,A00000379,C000417,2026-07-09 20:59:40,CASH_DEPOSIT,Mobile App,DEBIT,3637.3,INR,,SUCCESS,REF785710701
TXN000004263,A00000043,C000148,2026-07-02 08:28:02,ATM_WITHDRAWAL,UPI,CREDIT,12707.13,INR,,SUCCESS,REF313125037
TXN000004264,A00000260,C000480,2026-07-25 21:56:33,CASH_DEPOSIT,Branch,DEBIT,9801.89,INR,,REVERSED,REF415909271
TXN000004265,A00000622,C000420,2026-07-09 22:01:41,CASH_DEPOSIT,Corporate Banking,CREDIT,9964.5,INR,,SUCCESS,REF341730233
TXN000004266,A00000188,C000366,2026-08-29 07:19:58,RTGS,Branch,CREDIT,205049.0,INR,,SUCCESS,REF745236949
TXN000004267,A00000107,C000461,2026-08-15 19:10:56,UPI,Corporate Banking,CREDIT,7969.49,INR,Croma,SUCCESS,REF124561510
TXN000004268,A00000078,C000233,2026-08-15 23:12:09,POS,Mobile App,DEBIT,668.04,INR,DMart,SUCCESS,REF175633670
TXN000004269,A00000184,C000134,2026-08-11 09:09:20,IMPS,Internet Banking,DEBIT,6048.83,INR,,SUCCESS,REF645409553
TXN000004270,A00000214,C000263,2026-07-07 11:04:47,RTGS,Corporate Banking,CREDIT,302030.55,INR,,SUCCESS,REF860726681
TXN000004271,A00000315,C000126,2026-07-02 16:40:12,IMPS,Internet Banking,DEBIT,8841.29,INR,,SUCCESS,REF242676770
TXN000004272,A00000047,C000099,2026-07-04 23:40:44,RTGS,Corporate Banking,DEBIT,421731.9,INR,,SUCCESS,REF559350061
TXN000004273,A00000458,C000157,2026-07-03 11:40:54,CASH_WITHDRAWAL,Mobile App,DEBIT,7013.95,INR,,SUCCESS,REF784007826
TXN000004274,A00000648,C000247,2026-08-11 08:00:28,CASH_DEPOSIT,ATM,CREDIT,7144.15,INR,,SUCCESS,REF517740470
TXN000004275,A00000070,C000139,2026-07-18 03:04:40,ATM_WITHDRAWAL,Internet Banking,DEBIT,5437.48,INR,,SUCCESS,REF888753837
TXN000004276,A00000230,C000335,2026-07-28 15:08:12,IMPS,Corporate Banking,DEBIT,6177.4,INR,,SUCCESS,REF645787884
TXN000004277,A00000161,C000244,2026-08-04 12:27:09,ATM_WITHDRAWAL,Branch,CREDIT,8623.22,INR,,SUCCESS,REF846666218
TXN000004278,A00000461,C000187,2026-07-31 07:23:23,POS,Branch,CREDIT,7458.57,INR,Swiggy,SUCCESS,REF519849261
TXN000004279,A00000031,C000239,2026-07-17 03:07:48,NEFT,UPI,CREDIT,4951.38,INR,,SUCCESS,REF879212425
TXN000004280,A00000062,C000019,2026-08-07 05:38:47,UPI,Internet Banking,CREDIT,8260.81,INR,Croma,SUCCESS,REF826771490
TXN000004281,A00000338,C000235,2026-07-29 18:56:34,CASH_DEPOSIT,Mobile App,CREDIT,8298.4,INR,,SUCCESS,REF510626238
TXN000004282,A00000337,C000419,2026-08-30 17:09:07,ATM_WITHDRAWAL,Branch,DEBIT,4876.02,INR,,SUCCESS,REF307515912
TXN000004283,A00000463,C000108,2026-07-09 19:21:31,ATM_WITHDRAWAL,Corporate Banking,DEBIT,626.93,INR,,SUCCESS,REF482335413
TXN000004284,A00000442,C000463,2026-07-15 13:42:18,POS,ATM,DEBIT,1849.35,INR,Uber,SUCCESS,REF497107053
TXN000004285,A00000258,C000190,2026-07-17 00:30:18,POS,Mobile App,DEBIT,6758.39,INR,Croma,SUCCESS,REF714627329
TXN000004286,A00000253,C000422,2026-07-16 14:32:18,CASH_WITHDRAWAL,Corporate Banking,DEBIT,7481.6,INR,,SUCCESS,REF282010447
TXN000004287,A00000186,C000026,2026-07-17 15:56:54,UPI,Branch,DEBIT,8567.58,INR,DMart,SUCCESS,REF631368810
TXN000004288,A00000408,C000373,2026-08-15 07:18:50,POS,UPI,DEBIT,5068.06,INR,Swiggy,FAILED,REF882280216
TXN000004289,A00000480,C000233,2026-08-25 22:05:18,CASH_DEPOSIT,Mobile App,CREDIT,7736.5,INR,,SUCCESS,REF357694501
TXN000004290,A00000524,C000329,2026-07-10 18:54:47,POS,ATM,DEBIT,9051.77,INR,Jio,SUCCESS,REF655882430
TXN000004291,A00000239,C000147,2026-07-18 08:10:53,ATM_WITHDRAWAL,Branch,DEBIT,13147.79,INR,,SUCCESS,REF765585738
TXN000004292,A00000478,C000189,2026-08-25 06:26:05,RTGS,Internet Banking,DEBIT,189829.36,INR,,SUCCESS,REF926130293
TXN000004293,A00000266,C000388,2026-07-28 18:46:15,UPI,UPI,CREDIT,3050.36,INR,Decathlon,SUCCESS,REF150210061
TXN000004294,A00000553,C000327,2026-08-23 09:16:55,CASH_WITHDRAWAL,Corporate Banking,DEBIT,17823.38,INR,,SUCCESS,REF430006147
TXN000004295,A00000450,C000462,2026-08-05 16:36:22,CASH_WITHDRAWAL,Mobile App,CREDIT,7343.58,INR,,SUCCESS,REF676617403
TXN000004296,A00000088,C000238,2026-07-08 14:41:48,POS,Mobile App,DEBIT,8897.99,INR,MakeMyTrip,SUCCESS,REF608647117
TXN000004297,A00000088,C000238,2026-07-13 02:17:44,RTGS,Internet Banking,DEBIT,375123.1,INR,,SUCCESS,REF331391973
TXN000004298,A00000078,C000233,2026-07-27 04:22:46,NEFT,ATM,DEBIT,4008.13,INR,,SUCCESS,REF824056214
TXN000004299,A00000407,C000418,2026-08-29 14:19:08,CASH_DEPOSIT,Mobile App,DEBIT,4821.21,INR,,SUCCESS,REF293441982
TXN000004300,A00000320,C000157,2026-07-12 04:35:09,CASH_WITHDRAWAL,Internet Banking,CREDIT,12768.82,INR,,SUCCESS,REF692756595
TXN000004301,A00000434,C000245,2026-07-07 14:17:15,CASH_WITHDRAWAL,ATM,DEBIT,13895.46,INR,,SUCCESS,REF657071045
TXN000004302,A00000585,C000076,2026-07-10 12:09:35,POS,ATM,DEBIT,4629.53,INR,Myntra,SUCCESS,REF438709847
TXN000004303,A00000155,C000059,2026-07-02 22:34:54,UPI,Mobile App,DEBIT,9811.81,INR,Swiggy,SUCCESS,REF574031922
TXN000004304,A00000245,C000320,2026-07-19 17:24:55,ATM_WITHDRAWAL,Branch,DEBIT,3007.24,INR,,SUCCESS,REF437894604
TXN000004305,A00000531,C000244,2026-08-30 02:24:38,IMPS,UPI,DEBIT,8582.07,INR,,SUCCESS,REF457821498
TXN000004306,A00000087,C000500,2026-07-01 16:25:06,CASH_WITHDRAWAL,Branch,CREDIT,12271.39,INR,,SUCCESS,REF801324251
TXN000004307,A00000438,C000374,2026-07-07 14:14:34,RTGS,Internet Banking,DEBIT,102636.09,INR,,SUCCESS,REF310928773
TXN000004308,A00000198,C000326,2026-07-11 12:41:55,CASH_DEPOSIT,Internet Banking,DEBIT,8902.61,INR,,SUCCESS,REF487346338
TXN000004309,A00000251,C000290,2026-08-16 06:21:55,RTGS,Corporate Banking,DEBIT,381978.38,INR,,SUCCESS,REF272331558
TXN000004310,A00000346,C000364,2026-08-19 21:41:27,ATM_WITHDRAWAL,Branch,DEBIT,9297.49,INR,,SUCCESS,REF817823900
TXN000004311,A00000620,C000154,2026-08-18 16:20:51,POS,ATM,DEBIT,8498.3,INR,Reliance Digital,SUCCESS,REF964038418
TXN000004312,A00000492,C000094,2026-08-04 23:57:18,UPI,Corporate Banking,DEBIT,3635.74,INR,Jio,SUCCESS,REF300371438
TXN000004313,A00000043,C000148,2026-08-21 07:52:44,NEFT,Internet Banking,DEBIT,8994.76,INR,,SUCCESS,REF963941433
TXN000004314,A00000198,C000326,2026-08-09 18:34:45,CASH_DEPOSIT,UPI,DEBIT,8754.17,INR,,SUCCESS,REF565554056
TXN000004315,A00000241,C000488,2026-08-23 10:56:00,CASH_DEPOSIT,Corporate Banking,DEBIT,6345.43,INR,,SUCCESS,REF722285128
TXN000004316,A00000520,C000482,2026-07-26 07:03:46,NEFT,Mobile App,CREDIT,352.06,INR,,SUCCESS,REF917501651
TXN000004317,A00000198,C000326,2026-07-25 00:50:17,IMPS,Internet Banking,DEBIT,6355.9,INR,,SUCCESS,REF723376319
TXN000004318,A00000302,C000160,2026-08-25 05:06:08,IMPS,Branch,DEBIT,6179.1,INR,,SUCCESS,REF287818731
TXN000004319,A00000273,C000487,2026-08-18 22:57:46,CASH_WITHDRAWAL,Internet Banking,DEBIT,4643.33,INR,,SUCCESS,REF812644077
TXN000004320,A00000495,C000296,2026-08-07 07:32:18,IMPS,UPI,CREDIT,644.55,INR,,SUCCESS,REF227417466
TXN000004321,A00000097,C000012,2026-07-14 18:37:36,IMPS,Mobile App,DEBIT,9313.97,INR,,SUCCESS,REF981160806
TXN000004322,A00000611,C000050,2026-08-26 00:05:38,UPI,Corporate Banking,DEBIT,1093.3,INR,Jio,FAILED,REF626209929
TXN000004323,A00000437,C000157,2026-08-18 02:13:03,NEFT,Corporate Banking,CREDIT,4374.04,INR,,SUCCESS,REF354996562
TXN000004324,A00000040,C000086,2026-07-01 11:53:45,ATM_WITHDRAWAL,Corporate Banking,DEBIT,17171.05,INR,,SUCCESS,REF659215875
TXN000004325,A00000018,C000343,2026-08-19 07:18:08,NEFT,Branch,DEBIT,8048.35,INR,,SUCCESS,REF357965531
TXN000004326,A00000427,C000218,2026-08-01 09:32:19,UPI,Mobile App,DEBIT,9161.39,INR,Zomato,SUCCESS,REF215666918
TXN000004327,A00000123,C000392,2026-07-22 22:33:12,POS,Corporate Banking,DEBIT,2697.34,INR,Swiggy,SUCCESS,REF608928062
TXN000004328,A00000610,C000155,2026-08-23 22:37:48,NEFT,Corporate Banking,DEBIT,5983.33,INR,,SUCCESS,REF171361081
TXN000004329,A00000241,C000488,2026-08-01 23:25:37,CASH_DEPOSIT,ATM,DEBIT,2963.28,INR,,FAILED,REF710940698
TXN000004330,A00000132,C000342,2026-08-22 13:25:15,UPI,UPI,DEBIT,9092.24,INR,Decathlon,SUCCESS,REF944150292
TXN000004331,A00000408,C000373,2026-07-02 02:42:48,UPI,ATM,DEBIT,9015.37,INR,Zomato,SUCCESS,REF465424054
TXN000004332,A00000222,C000086,2026-07-25 10:37:51,CASH_DEPOSIT,Mobile App,DEBIT,229.54,INR,,SUCCESS,REF310035014
TXN000004333,A00000274,C000325,2026-08-24 21:14:26,CASH_WITHDRAWAL,ATM,DEBIT,1647.02,INR,,FAILED,REF499017272
TXN000004334,A00000202,C000347,2026-08-10 01:03:17,POS,Internet Banking,DEBIT,2054.54,INR,Myntra,SUCCESS,REF469246963
TXN000004335,A00000443,C000254,2026-08-13 20:24:37,IMPS,UPI,DEBIT,9274.31,INR,,SUCCESS,REF422585832
TXN000004336,A00000611,C000050,2026-08-05 12:01:54,CASH_WITHDRAWAL,Internet Banking,DEBIT,8530.12,INR,,REVERSED,REF204440915
TXN000004337,A00000415,C000063,2026-08-23 12:07:27,RTGS,Corporate Banking,CREDIT,177266.57,INR,,SUCCESS,REF821787524
TXN000004338,A00000297,C000034,2026-08-10 20:35:53,NEFT,Mobile App,DEBIT,851.49,INR,,SUCCESS,REF205382191
TXN000004339,A00000642,C000358,2026-08-11 21:05:11,UPI,Branch,CREDIT,2382.74,INR,Uber,SUCCESS,REF837898620
TXN000004340,A00000028,C000116,2026-08-02 12:05:51,POS,Corporate Banking,CREDIT,1593.98,INR,Croma,SUCCESS,REF146001704
TXN000004341,A00000268,C000165,2026-07-01 01:11:27,RTGS,UPI,DEBIT,114981.75,INR,,SUCCESS,REF945814293
TXN000004342,A00000553,C000327,2026-08-20 07:16:40,POS,UPI,DEBIT,4866.48,INR,BigBasket,SUCCESS,REF330160480
TXN000004343,A00000464,C000301,2026-07-04 13:24:23,CASH_WITHDRAWAL,UPI,CREDIT,2109.69,INR,,SUCCESS,REF838495306
TXN000004344,A00000314,C000190,2026-07-04 16:38:08,POS,Internet Banking,CREDIT,2092.26,INR,Decathlon,SUCCESS,REF302794171
TXN000004345,A00000263,C000444,2026-07-23 23:48:18,UPI,Branch,DEBIT,7241.92,INR,Amazon,SUCCESS,REF898460117
TXN000004346,A00000074,C000255,2026-08-24 14:03:51,NEFT,Branch,CREDIT,2465.4,INR,,SUCCESS,REF102528850
TXN000004347,A00000039,C000429,2026-08-16 23:55:36,ATM_WITHDRAWAL,Branch,DEBIT,7477.39,INR,,SUCCESS,REF814512191
TXN000004348,A00000257,C000263,2026-08-16 21:12:51,NEFT,Internet Banking,DEBIT,133.51,INR,,SUCCESS,REF450929359
TXN000004349,A00000255,C000266,2026-08-23 13:08:55,CASH_DEPOSIT,ATM,DEBIT,1503.77,INR,,SUCCESS,REF208585689
TXN000004350,A00000160,C000320,2026-07-04 22:17:16,CASH_WITHDRAWAL,Mobile App,DEBIT,18272.61,INR,,SUCCESS,REF256389397
TXN000004351,A00000603,C000148,2026-07-08 04:01:47,ATM_WITHDRAWAL,Branch,DEBIT,16223.03,INR,,SUCCESS,REF351450331
TXN000004352,A00000162,C000277,2026-07-26 12:28:49,ATM_WITHDRAWAL,Mobile App,CREDIT,1236.79,INR,,SUCCESS,REF241427584
TXN000004353,A00000127,C000426,2026-07-27 20:31:09,CASH_DEPOSIT,Internet Banking,DEBIT,8187.16,INR,,FAILED,REF784094172
TXN000004354,A00000062,C000019,2026-07-11 07:32:16,UPI,Mobile App,DEBIT,816.31,INR,Zomato,SUCCESS,REF722452138
TXN000004355,A00000391,C000228,2026-08-10 14:12:23,POS,Corporate Banking,CREDIT,9818.32,INR,Reliance Digital,SUCCESS,REF688788769
TXN000004356,A00000197,C000265,2026-07-07 10:41:00,CASH_DEPOSIT,Mobile App,DEBIT,5074.16,INR,,SUCCESS,REF282392430
TXN000004357,A00000180,C000368,2026-07-17 21:56:43,UPI,Corporate Banking,DEBIT,7512.17,INR,Airtel,REVERSED,REF650226905
TXN000004358,A00000586,C000221,2026-08-09 13:22:11,UPI,Branch,DEBIT,3460.25,INR,Myntra,SUCCESS,REF173752692
TXN000004359,A00000447,C000211,2026-07-29 17:54:25,RTGS,Mobile App,DEBIT,199111.45,INR,,SUCCESS,REF638937630
TXN000004360,A00000503,C000486,2026-08-31 04:27:11,IMPS,Branch,DEBIT,4695.3,INR,,SUCCESS,REF475623387
TXN000004361,A00000472,C000274,2026-07-22 03:18:57,NEFT,UPI,DEBIT,3762.6,INR,,SUCCESS,REF871143088
TXN000004362,A00000377,C000266,2026-07-17 08:59:10,IMPS,Corporate Banking,DEBIT,6245.91,INR,,SUCCESS,REF203109401
TXN000004363,A00000496,C000286,2026-07-17 19:05:46,RTGS,ATM,DEBIT,187468.46,INR,,SUCCESS,REF164124358
TXN000004364,A00000166,C000422,2026-08-09 02:46:10,UPI,Corporate Banking,CREDIT,8916.65,INR,Myntra,SUCCESS,REF932077864
TXN000004365,A00000109,C000012,2026-07-20 22:45:35,RTGS,Internet Banking,CREDIT,115524.23,INR,,SUCCESS,REF219415254
TXN000004366,A00000251,C000290,2026-08-31 13:49:34,NEFT,Mobile App,DEBIT,2945.55,INR,,SUCCESS,REF334805712
TXN000004367,A00000062,C000019,2026-07-05 07:59:44,IMPS,Branch,DEBIT,2842.24,INR,,SUCCESS,REF326488454
TXN000004368,A00000068,C000314,2026-07-12 03:02:44,ATM_WITHDRAWAL,Internet Banking,DEBIT,16740.34,INR,,SUCCESS,REF613387167
TXN000004369,A00000515,C000174,2026-07-24 12:13:36,UPI,Corporate Banking,DEBIT,9647.01,INR,IRCTC,SUCCESS,REF609229524
TXN000004370,A00000025,C000280,2026-08-17 11:07:58,IMPS,UPI,CREDIT,4302.85,INR,,SUCCESS,REF798471185
TXN000004371,A00000485,C000468,2026-08-12 21:32:28,CASH_WITHDRAWAL,ATM,DEBIT,7354.97,INR,,SUCCESS,REF327301427
TXN000004372,A00000357,C000406,2026-08-14 15:49:05,UPI,Internet Banking,CREDIT,8547.78,INR,BookMyShow,SUCCESS,REF580206652
TXN000004373,A00000413,C000061,2026-07-02 01:27:30,RTGS,ATM,DEBIT,234894.91,INR,,FAILED,REF761377832
TXN000004374,A00000290,C000315,2026-08-19 12:58:05,CASH_WITHDRAWAL,Corporate Banking,DEBIT,13334.17,INR,,SUCCESS,REF202166909
TXN000004375,A00000068,C000314,2026-08-20 17:36:24,IMPS,Branch,DEBIT,8849.37,INR,,SUCCESS,REF851288424
TXN000004376,A00000379,C000417,2026-07-09 07:39:15,RTGS,UPI,DEBIT,372981.05,INR,,SUCCESS,REF349429411
TXN000004377,A00000218,C000133,2026-08-30 02:42:29,NEFT,ATM,CREDIT,4092.5,INR,,SUCCESS,REF767281806
TXN000004378,A00000483,C000457,2026-07-27 21:11:52,ATM_WITHDRAWAL,ATM,DEBIT,18268.71,INR,,SUCCESS,REF220264870
TXN000004379,A00000619,C000059,2026-08-20 04:00:10,POS,Branch,DEBIT,8980.31,INR,MakeMyTrip,SUCCESS,REF587106172
TXN000004380,A00000132,C000342,2026-08-01 04:16:32,RTGS,Internet Banking,DEBIT,461076.94,INR,,FAILED,REF653815000
TXN000004381,A00000411,C000005,2026-07-20 04:44:29,UPI,Mobile App,CREDIT,1858.59,INR,Myntra,SUCCESS,REF424632315
TXN000004382,A00000348,C000274,2026-08-24 07:31:05,ATM_WITHDRAWAL,ATM,DEBIT,14944.97,INR,,SUCCESS,REF595732003
TXN000004383,A00000565,C000184,2026-08-12 00:50:22,CASH_WITHDRAWAL,Internet Banking,CREDIT,1003.23,INR,,SUCCESS,REF172476398
TXN000004384,A00000510,C000024,2026-07-04 05:41:06,ATM_WITHDRAWAL,Corporate Banking,CREDIT,5942.32,INR,,SUCCESS,REF930932643
TXN000004385,A00000522,C000231,2026-07-15 16:04:36,ATM_WITHDRAWAL,UPI,DEBIT,6483.38,INR,,SUCCESS,REF559309399
TXN000004386,A00000054,C000328,2026-08-20 16:41:41,ATM_WITHDRAWAL,Branch,DEBIT,15237.77,INR,,SUCCESS,REF181627209
TXN000004387,A00000417,C000223,2026-08-17 17:49:56,NEFT,Corporate Banking,CREDIT,5284.52,INR,,SUCCESS,REF417663825
TXN000004388,A00000457,C000476,2026-08-03 10:37:11,CASH_WITHDRAWAL,Internet Banking,DEBIT,8643.61,INR,,SUCCESS,REF352390376
TXN000004389,A00000249,C000431,2026-08-23 18:55:53,NEFT,Branch,DEBIT,6423.85,INR,,SUCCESS,REF451212421
TXN000004390,A00000292,C000453,2026-08-20 12:12:05,NEFT,Internet Banking,DEBIT,8203.71,INR,,SUCCESS,REF570498448
TXN000004391,A00000612,C000182,2026-07-30 21:53:11,CASH_WITHDRAWAL,Corporate Banking,DEBIT,1083.0,INR,,SUCCESS,REF574556744
TXN000004392,A00000057,C000324,2026-08-31 07:39:47,ATM_WITHDRAWAL,Branch,DEBIT,7778.97,INR,,SUCCESS,REF310281288
TXN000004393,A00000107,C000461,2026-08-31 12:47:44,ATM_WITHDRAWAL,UPI,DEBIT,9679.75,INR,,SUCCESS,REF296965261
TXN000004394,A00000589,C000491,2026-08-14 04:37:49,POS,Internet Banking,DEBIT,3849.88,INR,Jio,SUCCESS,REF946235895
TXN000004395,A00000642,C000358,2026-08-23 03:48:30,IMPS,ATM,CREDIT,3298.83,INR,,SUCCESS,REF671004393
TXN000004396,A00000364,C000094,2026-08-29 23:40:07,CASH_DEPOSIT,ATM,DEBIT,3241.13,INR,,FAILED,REF915291563
TXN000004397,A00000277,C000001,2026-08-17 04:55:27,RTGS,Mobile App,DEBIT,119504.29,INR,,SUCCESS,REF155070211
TXN000004398,A00000282,C000285,2026-07-19 20:47:00,NEFT,ATM,DEBIT,85.11,INR,,SUCCESS,REF503717544
TXN000004399,A00000349,C000092,2026-08-31 03:53:25,IMPS,Corporate Banking,DEBIT,7155.0,INR,,SUCCESS,REF550298595
TXN000004400,A00000049,C000339,2026-07-15 15:59:16,CASH_DEPOSIT,Mobile App,DEBIT,4541.59,INR,,SUCCESS,REF715874377
TXN000004401,A00000245,C000320,2026-08-17 20:51:37,IMPS,Internet Banking,CREDIT,9743.71,INR,,SUCCESS,REF768007112
TXN000004402,A00000200,C000064,2026-08-16 00:02:20,IMPS,ATM,DEBIT,639.13,INR,,SUCCESS,REF710236006
TXN000004403,A00000398,C000034,2026-08-19 12:13:34,NEFT,UPI,DEBIT,6746.62,INR,,SUCCESS,REF477138455
TXN000004404,A00000130,C000114,2026-07-17 02:37:42,RTGS,Branch,DEBIT,311168.12,INR,,SUCCESS,REF953368854
TXN000004405,A00000175,C000127,2026-07-25 17:54:04,UPI,ATM,DEBIT,5400.8,INR,Apollo Pharmacy,SUCCESS,REF947693532
TXN000004406,A00000422,C000495,2026-07-12 03:31:00,IMPS,Internet Banking,DEBIT,2487.28,INR,,SUCCESS,REF991523961
TXN000004407,A00000478,C000189,2026-07-25 17:12:47,POS,UPI,DEBIT,1289.86,INR,Ola,SUCCESS,REF661578566
TXN000004408,A00000441,C000351,2026-08-30 09:51:09,POS,Corporate Banking,DEBIT,2381.84,INR,DMart,SUCCESS,REF292731520
TXN000004409,A00000034,C000384,2026-07-14 02:51:51,CASH_WITHDRAWAL,Corporate Banking,DEBIT,18090.61,INR,,FAILED,REF591143533
TXN000004410,A00000173,C000413,2026-07-30 09:14:25,IMPS,UPI,DEBIT,1476.91,INR,,FAILED,REF708179443
TXN000004411,A00000198,C000326,2026-07-19 05:59:07,CASH_DEPOSIT,UPI,CREDIT,4892.05,INR,,SUCCESS,REF621995120
TXN000004412,A00000402,C000395,2026-08-31 07:46:14,CASH_WITHDRAWAL,UPI,DEBIT,10830.89,INR,,SUCCESS,REF168440288
TXN000004413,A00000212,C000149,2026-07-12 21:08:11,UPI,Mobile App,DEBIT,6546.51,INR,Croma,SUCCESS,REF276521937
TXN000004414,A00000152,C000316,2026-07-18 10:25:55,RTGS,UPI,DEBIT,200941.47,INR,,SUCCESS,REF360011114
TXN000004415,A00000645,C000178,2026-08-05 22:11:23,IMPS,ATM,DEBIT,2676.26,INR,,SUCCESS,REF399294729
TXN000004416,A00000113,C000374,2026-07-26 13:20:28,IMPS,Internet Banking,DEBIT,4210.3,INR,,SUCCESS,REF728721385
TXN000004417,A00000254,C000218,2026-07-04 04:48:57,RTGS,Branch,DEBIT,306862.38,INR,,SUCCESS,REF183106878
TXN000004418,A00000395,C000109,2026-08-12 13:50:14,UPI,Branch,DEBIT,3153.11,INR,IRCTC,FAILED,REF558774274
TXN000004419,A00000376,C000131,2026-07-03 09:39:18,ATM_WITHDRAWAL,Mobile App,CREDIT,11946.51,INR,,SUCCESS,REF135562953
TXN000004420,A00000171,C000204,2026-08-26 01:11:49,CASH_DEPOSIT,Internet Banking,DEBIT,4611.1,INR,,SUCCESS,REF544049678
TXN000004421,A00000173,C000413,2026-08-18 09:59:03,RTGS,ATM,DEBIT,417884.74,INR,,SUCCESS,REF968114487
TXN000004422,A00000407,C000418,2026-08-18 13:00:29,UPI,Branch,DEBIT,2976.36,INR,Flipkart,FAILED,REF443839941
TXN000004423,A00000403,C000162,2026-07-26 17:39:58,RTGS,UPI,DEBIT,133760.96,INR,,SUCCESS,REF182609769
TXN000004424,A00000504,C000477,2026-07-23 21:56:47,POS,Corporate Banking,DEBIT,1184.83,INR,BookMyShow,SUCCESS,REF724617019
TXN000004425,A00000080,C000113,2026-08-30 05:04:59,CASH_DEPOSIT,Mobile App,DEBIT,5988.7,INR,,SUCCESS,REF751683778
TXN000004426,A00000146,C000168,2026-07-17 02:34:25,POS,UPI,CREDIT,2505.29,INR,Airtel,SUCCESS,REF613685414
TXN000004427,A00000400,C000480,2026-07-24 17:38:32,NEFT,Mobile App,DEBIT,4925.1,INR,,SUCCESS,REF490885256
TXN000004428,A00000534,C000256,2026-08-07 20:22:31,RTGS,Mobile App,DEBIT,56327.37,INR,,REVERSED,REF403476034
TXN000004429,A00000049,C000339,2026-07-31 18:36:49,RTGS,Mobile App,CREDIT,411189.22,INR,,SUCCESS,REF220672690
TXN000004430,A00000361,C000020,2026-07-27 19:01:18,IMPS,ATM,CREDIT,8526.4,INR,,SUCCESS,REF125335728
TXN000004431,A00000556,C000093,2026-07-24 15:11:07,UPI,Internet Banking,DEBIT,4839.23,INR,Flipkart,SUCCESS,REF300162358
TXN000004432,A00000147,C000406,2026-07-13 14:53:50,CASH_WITHDRAWAL,Corporate Banking,DEBIT,763.65,INR,,SUCCESS,REF106149449
TXN000004433,A00000634,C000231,2026-07-16 08:05:13,IMPS,ATM,DEBIT,5625.13,INR,,SUCCESS,REF832522735
TXN000004434,A00000115,C000213,2026-08-22 06:25:40,RTGS,ATM,DEBIT,179907.8,INR,,SUCCESS,REF777380217
TXN000004435,A00000148,C000280,2026-08-15 18:19:28,CASH_DEPOSIT,UPI,DEBIT,9894.14,INR,,SUCCESS,REF451895659
TXN000004436,A00000267,C000480,2026-07-27 04:35:10,IMPS,UPI,DEBIT,5012.52,INR,,SUCCESS,REF916959675
TXN000004437,A00000253,C000422,2026-08-25 18:35:46,CASH_DEPOSIT,Mobile App,DEBIT,7323.08,INR,,SUCCESS,REF131975019
TXN000004438,A00000483,C000457,2026-08-02 03:06:43,IMPS,UPI,DEBIT,7992.14,INR,,SUCCESS,REF212546157
TXN000004439,A00000646,C000054,2026-08-12 18:14:50,CASH_DEPOSIT,Branch,DEBIT,9205.68,INR,,SUCCESS,REF702698985
TXN000004440,A00000064,C000305,2026-07-26 06:26:39,ATM_WITHDRAWAL,ATM,DEBIT,4553.19,INR,,REVERSED,REF935059359
TXN000004441,A00000310,C000285,2026-07-12 17:37:06,POS,Internet Banking,DEBIT,8299.17,INR,IRCTC,SUCCESS,REF349719433
TXN000004442,A00000138,C000060,2026-07-07 11:28:56,CASH_WITHDRAWAL,Internet Banking,DEBIT,17965.19,INR,,SUCCESS,REF153885310
TXN000004443,A00000099,C000249,2026-08-07 06:49:48,CASH_DEPOSIT,Mobile App,CREDIT,6204.07,INR,,SUCCESS,REF203726307
TXN000004444,A00000088,C000238,2026-08-14 02:29:37,CASH_DEPOSIT,ATM,DEBIT,3415.6,INR,,SUCCESS,REF286283752
TXN000004445,A00000304,C000348,2026-07-15 07:15:21,POS,UPI,CREDIT,8793.52,INR,Ola,SUCCESS,REF104996288
TXN000004446,A00000350,C000340,2026-08-06 14:47:08,CASH_WITHDRAWAL,ATM,DEBIT,3404.35,INR,,FAILED,REF614217670
TXN000004447,A00000068,C000314,2026-07-14 04:54:03,NEFT,Corporate Banking,DEBIT,5144.76,INR,,SUCCESS,REF307563449
TXN000004448,A00000588,C000305,2026-07-06 19:33:49,NEFT,Internet Banking,CREDIT,5850.36,INR,,SUCCESS,REF491857277
TXN000004449,A00000056,C000419,2026-07-28 21:07:40,CASH_DEPOSIT,Corporate Banking,DEBIT,9375.75,INR,,REVERSED,REF945859656
TXN000004450,A00000065,C000206,2026-08-17 15:18:38,CASH_DEPOSIT,Corporate Banking,DEBIT,4608.36,INR,,SUCCESS,REF764283781
TXN000004451,A00000595,C000291,2026-08-08 13:48:08,NEFT,ATM,CREDIT,9418.37,INR,,SUCCESS,REF895255984
TXN000004452,A00000189,C000308,2026-07-18 11:09:13,IMPS,UPI,DEBIT,2013.25,INR,,SUCCESS,REF410651390
TXN000004453,A00000241,C000488,2026-07-13 09:10:22,CASH_WITHDRAWAL,Mobile App,DEBIT,14890.07,INR,,SUCCESS,REF548922053
TXN000004454,A00000160,C000320,2026-08-01 17:02:10,CASH_DEPOSIT,ATM,DEBIT,2015.44,INR,,SUCCESS,REF393575867
TXN000004455,A00000152,C000316,2026-08-24 06:46:10,IMPS,Corporate Banking,DEBIT,1494.0,INR,,SUCCESS,REF793324216
TXN000004456,A00000111,C000190,2026-08-12 20:59:01,CASH_WITHDRAWAL,Branch,DEBIT,10507.67,INR,,SUCCESS,REF319045998
TXN000004457,A00000107,C000461,2026-07-12 21:30:53,CASH_WITHDRAWAL,Internet Banking,DEBIT,1109.47,INR,,SUCCESS,REF451036210
TXN000004458,A00000016,C000318,2026-07-02 10:51:54,RTGS,Internet Banking,DEBIT,263279.84,INR,,SUCCESS,REF446416579
TXN000004459,A00000090,C000264,2026-07-13 10:43:54,RTGS,Mobile App,DEBIT,241920.35,INR,,SUCCESS,REF183589426
TXN000004460,A00000620,C000154,2026-07-25 08:22:57,NEFT,Mobile App,DEBIT,8943.56,INR,,SUCCESS,REF774544293
TXN000004461,A00000088,C000238,2026-08-25 07:41:19,POS,Mobile App,DEBIT,8722.74,INR,Airtel,SUCCESS,REF620512065
TXN000004462,A00000421,C000045,2026-07-10 01:11:13,IMPS,ATM,DEBIT,6908.91,INR,,SUCCESS,REF792529368
TXN000004463,A00000607,C000074,2026-07-03 06:19:30,ATM_WITHDRAWAL,UPI,DEBIT,11245.6,INR,,SUCCESS,REF227234588
TXN000004464,A00000571,C000019,2026-08-13 03:38:24,CASH_DEPOSIT,UPI,DEBIT,5750.39,INR,,SUCCESS,REF288973414
TXN000004465,A00000379,C000417,2026-08-28 11:00:41,ATM_WITHDRAWAL,Internet Banking,DEBIT,4311.74,INR,,SUCCESS,REF463689252
TXN000004466,A00000103,C000095,2026-07-28 04:02:26,RTGS,Mobile App,CREDIT,282782.78,INR,,SUCCESS,REF412230171
TXN000004467,A00000396,C000083,2026-07-28 00:23:41,NEFT,Internet Banking,DEBIT,4339.21,INR,,SUCCESS,REF586056317
TXN000004468,A00000021,C000463,2026-08-23 08:37:34,CASH_WITHDRAWAL,ATM,CREDIT,15969.05,INR,,SUCCESS,REF634890643
TXN000004469,A00000266,C000388,2026-08-28 13:38:54,CASH_WITHDRAWAL,Mobile App,DEBIT,12306.76,INR,,SUCCESS,REF586866402
TXN000004470,A00000542,C000413,2026-07-25 22:38:19,ATM_WITHDRAWAL,ATM,DEBIT,13429.39,INR,,REVERSED,REF557611677
TXN000004471,A00000458,C000157,2026-07-18 03:14:34,IMPS,UPI,CREDIT,8547.77,INR,,SUCCESS,REF309784698
TXN000004472,A00000067,C000357,2026-08-26 16:09:28,NEFT,UPI,CREDIT,6466.38,INR,,SUCCESS,REF840366735
TXN000004473,A00000572,C000141,2026-08-01 09:24:40,CASH_DEPOSIT,Branch,DEBIT,6917.98,INR,,SUCCESS,REF254425978
TXN000004474,A00000373,C000197,2026-07-08 16:29:42,POS,Internet Banking,DEBIT,2505.29,INR,Amazon,SUCCESS,REF999717958
TXN000004475,A00000106,C000459,2026-08-15 08:31:07,CASH_DEPOSIT,UPI,DEBIT,1166.34,INR,,SUCCESS,REF747472454
TXN000004476,A00000478,C000189,2026-07-31 12:14:39,IMPS,Internet Banking,DEBIT,8461.7,INR,,SUCCESS,REF978884009
TXN000004477,A00000604,C000320,2026-07-06 09:23:36,UPI,Mobile App,DEBIT,5839.63,INR,Flipkart,SUCCESS,REF521247254
TXN000004478,A00000202,C000347,2026-07-04 07:56:22,CASH_DEPOSIT,UPI,DEBIT,6788.37,INR,,SUCCESS,REF272296624
TXN000004479,A00000520,C000482,2026-08-30 07:39:01,IMPS,Mobile App,CREDIT,1938.8,INR,,SUCCESS,REF332128264
TXN000004480,A00000317,C000261,2026-08-13 13:16:50,RTGS,UPI,DEBIT,291101.68,INR,,SUCCESS,REF597402012
TXN000004481,A00000478,C000189,2026-07-24 18:38:04,CASH_DEPOSIT,ATM,DEBIT,2509.98,INR,,SUCCESS,REF865175915
TXN000004482,A00000277,C000001,2026-07-27 14:45:16,RTGS,Mobile App,CREDIT,233143.48,INR,,SUCCESS,REF595487692
TXN000004483,A00000119,C000497,2026-07-14 23:11:22,CASH_DEPOSIT,Internet Banking,DEBIT,3740.6,INR,,SUCCESS,REF309671755
TXN000004484,A00000621,C000349,2026-07-28 20:41:04,ATM_WITHDRAWAL,UPI,DEBIT,16232.38,INR,,SUCCESS,REF805795843
TXN000004485,A00000132,C000342,2026-08-21 02:13:33,ATM_WITHDRAWAL,UPI,CREDIT,5091.7,INR,,SUCCESS,REF658892708
TXN000004486,A00000342,C000485,2026-07-18 04:25:12,POS,ATM,DEBIT,6960.08,INR,Apollo Pharmacy,FAILED,REF191429627
TXN000004487,A00000320,C000157,2026-08-28 02:35:35,NEFT,Internet Banking,DEBIT,2669.92,INR,,SUCCESS,REF135621320
TXN000004488,A00000594,C000088,2026-07-25 05:21:11,CASH_DEPOSIT,Internet Banking,DEBIT,4652.99,INR,,SUCCESS,REF487329774
TXN000004489,A00000507,C000218,2026-08-19 13:28:23,ATM_WITHDRAWAL,Mobile App,CREDIT,940.51,INR,,SUCCESS,REF599549953
TXN000004490,A00000021,C000463,2026-07-28 13:50:54,RTGS,Mobile App,DEBIT,464406.61,INR,,FAILED,REF947562118
TXN000004491,A00000453,C000027,2026-07-01 21:13:05,CASH_WITHDRAWAL,Branch,CREDIT,13508.48,INR,,SUCCESS,REF479713694
TXN000004492,A00000101,C000076,2026-08-21 08:19:05,ATM_WITHDRAWAL,Internet Banking,CREDIT,3806.84,INR,,SUCCESS,REF879955283
TXN000004493,A00000043,C000148,2026-08-01 01:48:56,ATM_WITHDRAWAL,UPI,DEBIT,14938.38,INR,,SUCCESS,REF249420033
TXN000004494,A00000054,C000328,2026-07-06 07:40:04,IMPS,UPI,DEBIT,8238.11,INR,,SUCCESS,REF728292322
TXN000004495,A00000365,C000073,2026-08-17 03:24:37,UPI,Internet Banking,CREDIT,687.05,INR,DMart,FAILED,REF990098129
TXN000004496,A00000457,C000476,2026-07-04 12:38:59,IMPS,Internet Banking,DEBIT,6188.16,INR,,SUCCESS,REF617096446
TXN000004497,A00000517,C000050,2026-08-09 18:00:19,RTGS,Internet Banking,CREDIT,62561.5,INR,,SUCCESS,REF414561642
TXN000004498,A00000321,C000152,2026-07-19 10:19:25,CASH_DEPOSIT,Mobile App,CREDIT,9286.22,INR,,SUCCESS,REF326277018
TXN000004499,A00000252,C000294,2026-07-22 02:24:38,ATM_WITHDRAWAL,UPI,DEBIT,17396.97,INR,,SUCCESS,REF412411668
TXN000004500,A00000575,C000418,2026-07-19 03:14:51,RTGS,Mobile App,DEBIT,301619.1,INR,,SUCCESS,REF953247073
TXN000004501,A00000051,C000031,2026-08-20 09:16:21,CASH_DEPOSIT,Corporate Banking,DEBIT,6635.16,INR,,SUCCESS,REF144045206
TXN000004502,A00000207,C000199,2026-08-06 08:51:01,POS,Internet Banking,DEBIT,6406.29,INR,MakeMyTrip,SUCCESS,REF893803713
TXN000004503,A00000641,C000039,2026-08-11 08:30:34,RTGS,Corporate Banking,DEBIT,373232.0,INR,,FAILED,REF855422684
TXN000004504,A00000465,C000155,2026-08-22 05:31:44,NEFT,Branch,DEBIT,5493.13,INR,,SUCCESS,REF511142084
TXN000004505,A00000018,C000343,2026-08-06 06:00:21,CASH_DEPOSIT,Mobile App,DEBIT,6668.26,INR,,SUCCESS,REF503951372
TXN000004506,A00000473,C000329,2026-08-12 00:59:34,NEFT,UPI,DEBIT,6767.86,INR,,SUCCESS,REF352906675
TXN000004507,A00000555,C000040,2026-08-13 17:27:49,RTGS,Branch,DEBIT,498751.34,INR,,SUCCESS,REF819544390
TXN000004508,A00000365,C000073,2026-08-20 13:01:25,CASH_WITHDRAWAL,ATM,DEBIT,6671.05,INR,,SUCCESS,REF168543461
TXN000004509,A00000072,C000099,2026-07-29 06:43:44,RTGS,UPI,CREDIT,459458.86,INR,,SUCCESS,REF707269890
TXN000004510,A00000402,C000395,2026-07-02 05:42:33,IMPS,Mobile App,DEBIT,3096.34,INR,,FAILED,REF254501771
TXN000004511,A00000059,C000250,2026-08-09 02:44:30,RTGS,Internet Banking,DEBIT,335153.97,INR,,SUCCESS,REF147665257
TXN000004512,A00000616,C000290,2026-08-09 13:17:49,UPI,ATM,DEBIT,6566.22,INR,Croma,SUCCESS,REF761117553
TXN000004513,A00000248,C000304,2026-08-30 23:16:16,POS,Branch,DEBIT,2393.78,INR,Uber,SUCCESS,REF616287164
TXN000004514,A00000232,C000156,2026-07-29 13:58:51,RTGS,Internet Banking,DEBIT,283864.68,INR,,FAILED,REF417277136
TXN000004515,A00000554,C000468,2026-08-14 10:55:14,UPI,UPI,CREDIT,8598.07,INR,Uber,SUCCESS,REF717218610
TXN000004516,A00000176,C000018,2026-07-23 12:03:31,RTGS,Corporate Banking,DEBIT,212986.97,INR,,SUCCESS,REF101734324
TXN000004517,A00000115,C000213,2026-07-20 11:13:13,POS,UPI,DEBIT,6801.6,INR,MakeMyTrip,SUCCESS,REF104202178
TXN000004518,A00000458,C000157,2026-08-16 20:00:06,ATM_WITHDRAWAL,ATM,DEBIT,2544.54,INR,,FAILED,REF828557973
TXN000004519,A00000138,C000060,2026-08-11 16:27:32,IMPS,ATM,DEBIT,1071.65,INR,,SUCCESS,REF158681408
TXN000004520,A00000138,C000060,2026-08-17 22:49:57,POS,UPI,DEBIT,7784.86,INR,Swiggy,SUCCESS,REF324200963
TXN000004521,A00000181,C000378,2026-07-07 01:54:06,UPI,Mobile App,CREDIT,6926.81,INR,IRCTC,SUCCESS,REF172551785
TXN000004522,A00000057,C000324,2026-08-26 21:45:08,IMPS,ATM,DEBIT,9095.55,INR,,SUCCESS,REF977834626
TXN000004523,A00000459,C000057,2026-08-26 04:09:57,POS,Mobile App,CREDIT,9935.86,INR,BigBasket,SUCCESS,REF791053130
TXN000004524,A00000058,C000332,2026-08-29 23:51:22,CASH_WITHDRAWAL,Corporate Banking,DEBIT,8813.79,INR,,SUCCESS,REF124799211
TXN000004525,A00000186,C000026,2026-07-30 14:05:41,IMPS,ATM,CREDIT,3522.06,INR,,SUCCESS,REF768933569
TXN000004526,A00000626,C000142,2026-07-11 17:48:27,IMPS,Internet Banking,CREDIT,1224.89,INR,,SUCCESS,REF323234365
TXN000004527,A00000220,C000203,2026-07-23 20:27:05,ATM_WITHDRAWAL,Mobile App,DEBIT,17865.83,INR,,FAILED,REF476300867
TXN000004528,A00000408,C000373,2026-08-31 06:13:46,IMPS,UPI,DEBIT,686.12,INR,,SUCCESS,REF135302091
TXN000004529,A00000598,C000248,2026-07-20 18:08:53,ATM_WITHDRAWAL,Internet Banking,DEBIT,1964.16,INR,,SUCCESS,REF559125302
TXN000004530,A00000201,C000300,2026-08-22 06:23:06,CASH_WITHDRAWAL,Internet Banking,CREDIT,18188.62,INR,,FAILED,REF926403155
TXN000004531,A00000521,C000470,2026-08-28 11:20:59,POS,ATM,CREDIT,5456.81,INR,Ola,SUCCESS,REF813000838
TXN000004532,A00000332,C000486,2026-07-08 20:24:56,CASH_WITHDRAWAL,ATM,DEBIT,587.27,INR,,FAILED,REF156110507
TXN000004533,A00000406,C000424,2026-07-27 10:11:46,CASH_WITHDRAWAL,Internet Banking,DEBIT,15594.93,INR,,SUCCESS,REF729102774
TXN000004534,A00000006,C000491,2026-08-25 12:03:54,POS,ATM,CREDIT,6181.64,INR,Amazon,SUCCESS,REF277910028
TXN000004535,A00000435,C000028,2026-08-09 13:00:07,ATM_WITHDRAWAL,Branch,DEBIT,12401.94,INR,,SUCCESS,REF421482758
TXN000004536,A00000407,C000418,2026-08-14 22:52:02,CASH_DEPOSIT,ATM,DEBIT,8400.66,INR,,SUCCESS,REF939888989
TXN000004537,A00000188,C000366,2026-07-19 03:43:16,POS,ATM,DEBIT,365.04,INR,BookMyShow,SUCCESS,REF957518020
TXN000004538,A00000645,C000178,2026-08-09 05:44:56,IMPS,Mobile App,DEBIT,324.65,INR,,SUCCESS,REF298043789
TXN000004539,A00000230,C000335,2026-08-22 10:15:23,UPI,Internet Banking,CREDIT,1786.85,INR,IRCTC,SUCCESS,REF505910044
TXN000004540,A00000250,C000230,2026-07-07 10:41:28,POS,UPI,CREDIT,9565.54,INR,DMart,SUCCESS,REF606045440
TXN000004541,A00000646,C000054,2026-07-07 04:47:23,NEFT,Corporate Banking,DEBIT,3185.39,INR,,SUCCESS,REF909378223
TXN000004542,A00000574,C000015,2026-07-15 23:00:46,RTGS,Mobile App,DEBIT,295784.1,INR,,SUCCESS,REF809482753
TXN000004543,A00000301,C000216,2026-07-23 08:06:48,NEFT,Internet Banking,DEBIT,4360.91,INR,,SUCCESS,REF690691651
TXN000004544,A00000485,C000468,2026-07-01 20:48:06,POS,Corporate Banking,DEBIT,837.72,INR,Swiggy,SUCCESS,REF633155306
TXN000004545,A00000310,C000285,2026-07-06 10:27:14,CASH_WITHDRAWAL,UPI,CREDIT,1733.77,INR,,SUCCESS,REF554869900
TXN000004546,A00000027,C000337,2026-07-04 11:27:03,NEFT,Corporate Banking,DEBIT,9296.73,INR,,SUCCESS,REF906758559
TXN000004547,A00000330,C000386,2026-07-07 22:31:01,CASH_DEPOSIT,Corporate Banking,CREDIT,6369.36,INR,,SUCCESS,REF389041502
TXN000004548,A00000064,C000305,2026-07-24 22:27:52,UPI,ATM,DEBIT,8476.62,INR,Croma,SUCCESS,REF821971405
TXN000004549,A00000298,C000206,2026-07-18 06:07:04,POS,Branch,DEBIT,6024.29,INR,Apollo Pharmacy,SUCCESS,REF825749556
TXN000004550,A00000522,C000231,2026-07-12 19:51:19,ATM_WITHDRAWAL,Corporate Banking,CREDIT,17590.1,INR,,SUCCESS,REF712326946
TXN000004551,A00000037,C000310,2026-07-22 01:16:05,CASH_WITHDRAWAL,Corporate Banking,DEBIT,3894.33,INR,,SUCCESS,REF459268154
TXN000004552,A00000124,C000410,2026-07-30 13:27:33,UPI,ATM,CREDIT,5758.97,INR,Amazon,REVERSED,REF575465541
TXN000004553,A00000594,C000088,2026-07-02 14:38:00,CASH_DEPOSIT,Branch,CREDIT,6590.82,INR,,SUCCESS,REF221059325
TXN000004554,A00000217,C000231,2026-07-11 19:43:57,POS,Internet Banking,DEBIT,8171.93,INR,Uber,SUCCESS,REF436261326
TXN000004555,A00000369,C000390,2026-07-11 17:38:08,POS,ATM,DEBIT,5404.05,INR,Ola,SUCCESS,REF241089498
TXN000004556,A00000140,C000481,2026-08-12 04:01:12,CASH_DEPOSIT,Internet Banking,CREDIT,6010.55,INR,,SUCCESS,REF820897837
TXN000004557,A00000258,C000190,2026-07-02 19:04:04,UPI,Corporate Banking,DEBIT,4377.87,INR,MakeMyTrip,SUCCESS,REF120870415
TXN000004558,A00000012,C000441,2026-07-23 02:48:06,IMPS,Corporate Banking,DEBIT,7130.83,INR,,SUCCESS,REF769918366
TXN000004559,A00000266,C000388,2026-08-15 13:58:17,POS,UPI,DEBIT,9927.3,INR,Airtel,FAILED,REF603946579
TXN000004560,A00000211,C000347,2026-08-05 12:36:02,ATM_WITHDRAWAL,Corporate Banking,CREDIT,17675.81,INR,,SUCCESS,REF611805163
TXN000004561,A00000368,C000487,2026-08-16 19:40:59,ATM_WITHDRAWAL,Corporate Banking,CREDIT,2157.94,INR,,SUCCESS,REF667734627
TXN000004562,A00000510,C000024,2026-08-03 03:13:28,UPI,Corporate Banking,DEBIT,1174.33,INR,Zomato,SUCCESS,REF350879000
TXN000004563,A00000485,C000468,2026-08-29 05:49:10,POS,Mobile App,DEBIT,8780.26,INR,Zomato,SUCCESS,REF278697157
TXN000004564,A00000283,C000228,2026-07-29 00:27:12,NEFT,Corporate Banking,CREDIT,6313.51,INR,,SUCCESS,REF918243029
TXN000004565,A00000101,C000076,2026-08-01 21:54:25,IMPS,ATM,DEBIT,4922.24,INR,,SUCCESS,REF647490800
TXN000004566,A00000497,C000498,2026-08-16 02:29:50,UPI,Mobile App,DEBIT,8424.71,INR,Myntra,SUCCESS,REF991782386
TXN000004567,A00000520,C000482,2026-07-04 11:06:48,IMPS,Internet Banking,DEBIT,1851.44,INR,,SUCCESS,REF869130215
TXN000004568,A00000245,C000320,2026-08-01 18:44:49,POS,UPI,DEBIT,1166.54,INR,Ola,SUCCESS,REF729351227
TXN000004569,A00000362,C000163,2026-08-21 10:35:30,CASH_WITHDRAWAL,Mobile App,DEBIT,15298.25,INR,,REVERSED,REF734800430
TXN000004570,A00000018,C000343,2026-08-25 23:00:37,UPI,Mobile App,DEBIT,7047.86,INR,Myntra,SUCCESS,REF921265394
TXN000004571,A00000100,C000460,2026-08-21 23:47:32,CASH_WITHDRAWAL,Mobile App,DEBIT,2925.85,INR,,SUCCESS,REF628489802
TXN000004572,A00000283,C000228,2026-08-26 02:09:29,RTGS,Internet Banking,CREDIT,150874.29,INR,,SUCCESS,REF456582769
TXN000004573,A00000094,C000241,2026-07-23 18:57:10,CASH_WITHDRAWAL,Branch,DEBIT,5295.62,INR,,SUCCESS,REF275333686
TXN000004574,A00000167,C000015,2026-08-26 12:11:06,UPI,Mobile App,CREDIT,862.89,INR,Ola,SUCCESS,REF408972059
TXN000004575,A00000414,C000408,2026-07-25 16:26:43,IMPS,Branch,DEBIT,859.27,INR,,SUCCESS,REF146768586
TXN000004576,A00000527,C000110,2026-08-22 04:49:55,IMPS,Internet Banking,DEBIT,9452.85,INR,,SUCCESS,REF932193874
TXN000004577,A00000387,C000162,2026-08-10 23:09:39,CASH_DEPOSIT,Internet Banking,DEBIT,2880.56,INR,,SUCCESS,REF989198319
TXN000004578,A00000589,C000491,2026-08-14 08:55:43,IMPS,Corporate Banking,DEBIT,1206.9,INR,,SUCCESS,REF207815413
TXN000004579,A00000108,C000229,2026-07-25 19:43:30,RTGS,Corporate Banking,DEBIT,465807.09,INR,,SUCCESS,REF242361660
TXN000004580,A00000577,C000299,2026-08-03 10:23:15,NEFT,UPI,DEBIT,8426.41,INR,,SUCCESS,REF817905356
TXN000004581,A00000598,C000248,2026-07-23 10:43:52,ATM_WITHDRAWAL,ATM,DEBIT,9063.97,INR,,SUCCESS,REF919854395
TXN000004582,A00000057,C000324,2026-07-20 04:34:16,ATM_WITHDRAWAL,Corporate Banking,DEBIT,15844.23,INR,,SUCCESS,REF487320266
TXN000004583,A00000422,C000495,2026-08-30 09:34:16,RTGS,ATM,DEBIT,314060.2,INR,,SUCCESS,REF404407670
TXN000004584,A00000309,C000414,2026-07-24 17:39:28,ATM_WITHDRAWAL,Internet Banking,DEBIT,14028.43,INR,,SUCCESS,REF893755835
TXN000004585,A00000326,C000401,2026-08-15 18:37:38,IMPS,UPI,CREDIT,3204.88,INR,,SUCCESS,REF441451919
TXN000004586,A00000018,C000343,2026-07-06 17:19:05,RTGS,UPI,DEBIT,162501.01,INR,,SUCCESS,REF355116239
TXN000004587,A00000611,C000050,2026-07-28 22:11:10,NEFT,UPI,CREDIT,2276.91,INR,,SUCCESS,REF665791269
TXN000004588,A00000225,C000249,2026-07-09 16:04:01,RTGS,Corporate Banking,DEBIT,267670.73,INR,,REVERSED,REF369894890
TXN000004589,A00000156,C000264,2026-07-11 11:33:14,IMPS,Branch,DEBIT,2610.99,INR,,SUCCESS,REF827352530
TXN000004590,A00000216,C000403,2026-07-31 05:00:15,ATM_WITHDRAWAL,Mobile App,DEBIT,4127.74,INR,,FAILED,REF588886465
TXN000004591,A00000150,C000200,2026-08-28 02:30:22,UPI,UPI,CREDIT,4473.25,INR,Jio,SUCCESS,REF612719612
TXN000004592,A00000051,C000031,2026-07-16 05:52:08,UPI,Mobile App,CREDIT,8566.19,INR,BookMyShow,SUCCESS,REF500317310
TXN000004593,A00000164,C000138,2026-08-03 12:25:57,NEFT,UPI,DEBIT,9922.71,INR,,FAILED,REF593963856
TXN000004594,A00000375,C000347,2026-08-04 06:31:31,POS,ATM,DEBIT,6839.74,INR,Myntra,FAILED,REF666342831
TXN000004595,A00000619,C000059,2026-07-24 03:38:39,ATM_WITHDRAWAL,Corporate Banking,DEBIT,15533.15,INR,,SUCCESS,REF472229142
TXN000004596,A00000520,C000482,2026-08-28 03:37:49,NEFT,UPI,DEBIT,5301.31,INR,,SUCCESS,REF228961742
TXN000004597,A00000509,C000097,2026-07-01 14:59:27,RTGS,Internet Banking,DEBIT,401012.52,INR,,SUCCESS,REF731608753
TXN000004598,A00000327,C000388,2026-07-20 07:07:00,POS,Mobile App,DEBIT,1921.34,INR,BookMyShow,SUCCESS,REF925335251
TXN000004599,A00000611,C000050,2026-07-04 20:34:29,CASH_WITHDRAWAL,Corporate Banking,DEBIT,745.34,INR,,SUCCESS,REF259253918
TXN000004600,A00000284,C000005,2026-08-23 01:09:45,RTGS,Branch,DEBIT,487015.5,INR,,SUCCESS,REF919148863
TXN000004601,A00000471,C000133,2026-07-09 10:40:55,RTGS,Corporate Banking,DEBIT,136721.92,INR,,SUCCESS,REF653804779
TXN000004602,A00000510,C000024,2026-07-31 18:18:13,IMPS,Mobile App,DEBIT,3092.52,INR,,FAILED,REF227594225
TXN000004603,A00000139,C000284,2026-07-11 13:19:06,NEFT,ATM,CREDIT,9111.6,INR,,FAILED,REF183870718
TXN000004604,A00000052,C000313,2026-07-08 20:42:47,IMPS,UPI,DEBIT,3067.72,INR,,SUCCESS,REF274842097
TXN000004605,A00000288,C000345,2026-07-03 16:02:37,ATM_WITHDRAWAL,ATM,DEBIT,7519.08,INR,,SUCCESS,REF976299476
TXN000004606,A00000554,C000468,2026-08-06 16:52:33,RTGS,ATM,DEBIT,470293.99,INR,,SUCCESS,REF535606276
TXN000004607,A00000367,C000311,2026-08-26 19:28:25,UPI,Branch,DEBIT,9315.67,INR,Jio,SUCCESS,REF122377296
TXN000004608,A00000148,C000280,2026-08-12 04:36:14,CASH_WITHDRAWAL,Mobile App,DEBIT,1652.36,INR,,SUCCESS,REF464540651
TXN000004609,A00000483,C000457,2026-07-03 00:42:15,POS,Mobile App,CREDIT,966.48,INR,Ola,SUCCESS,REF474535129
TXN000004610,A00000483,C000457,2026-07-31 23:24:26,ATM_WITHDRAWAL,Mobile App,DEBIT,15685.19,INR,,SUCCESS,REF584288357
TXN000004611,A00000094,C000241,2026-07-05 14:08:29,ATM_WITHDRAWAL,Mobile App,DEBIT,7638.99,INR,,FAILED,REF215056828
TXN000004612,A00000179,C000209,2026-07-13 14:49:12,NEFT,Mobile App,CREDIT,5382.75,INR,,FAILED,REF454553038
TXN000004613,A00000116,C000284,2026-08-12 18:58:47,NEFT,Branch,DEBIT,1436.5,INR,,FAILED,REF873185901
TXN000004614,A00000089,C000485,2026-07-10 08:27:50,UPI,ATM,DEBIT,1584.6,INR,Jio,SUCCESS,REF940019312
TXN000004615,A00000466,C000500,2026-08-13 12:45:31,ATM_WITHDRAWAL,Mobile App,DEBIT,18687.31,INR,,SUCCESS,REF450048811
TXN000004616,A00000289,C000439,2026-08-22 10:08:32,CASH_DEPOSIT,ATM,CREDIT,3399.83,INR,,SUCCESS,REF182540549
TXN000004617,A00000443,C000254,2026-07-23 21:40:09,NEFT,Branch,DEBIT,3004.1,INR,,SUCCESS,REF341921116
TXN000004618,A00000364,C000094,2026-07-29 05:47:47,ATM_WITHDRAWAL,Internet Banking,CREDIT,18660.4,INR,,SUCCESS,REF512289996
TXN000004619,A00000129,C000456,2026-08-14 17:32:35,IMPS,ATM,DEBIT,4122.97,INR,,SUCCESS,REF791507040
TXN000004620,A00000451,C000216,2026-07-23 12:12:32,UPI,Mobile App,DEBIT,2811.07,INR,Apollo Pharmacy,SUCCESS,REF283287216
TXN000004621,A00000045,C000131,2026-07-28 09:29:33,POS,Mobile App,DEBIT,5993.85,INR,Apollo Pharmacy,SUCCESS,REF671661309
TXN000004622,A00000054,C000328,2026-07-31 03:01:32,CASH_DEPOSIT,UPI,CREDIT,2754.55,INR,,SUCCESS,REF794506096
TXN000004623,A00000194,C000203,2026-08-09 17:41:17,ATM_WITHDRAWAL,Mobile App,DEBIT,16170.25,INR,,SUCCESS,REF149808078
TXN000004624,A00000126,C000053,2026-07-22 08:32:23,POS,UPI,DEBIT,3831.75,INR,Myntra,FAILED,REF202937214
TXN000004625,A00000326,C000401,2026-07-06 12:38:40,ATM_WITHDRAWAL,Branch,DEBIT,5473.82,INR,,SUCCESS,REF786469559
TXN000004626,A00000477,C000138,2026-07-27 19:57:15,UPI,Branch,DEBIT,7052.29,INR,Airtel,SUCCESS,REF903535715
TXN000004627,A00000379,C000417,2026-08-11 08:10:13,POS,ATM,DEBIT,9861.06,INR,Airtel,SUCCESS,REF703267087
TXN000004628,A00000460,C000382,2026-07-29 20:54:55,POS,UPI,CREDIT,7667.0,INR,DMart,SUCCESS,REF887751495
TXN000004629,A00000300,C000056,2026-08-11 02:06:19,IMPS,Corporate Banking,DEBIT,6338.87,INR,,SUCCESS,REF669294720
TXN000004630,A00000172,C000487,2026-08-07 18:00:47,CASH_WITHDRAWAL,Corporate Banking,DEBIT,10545.06,INR,,SUCCESS,REF843869242
TXN000004631,A00000464,C000301,2026-07-31 06:36:04,CASH_DEPOSIT,Internet Banking,DEBIT,9078.65,INR,,SUCCESS,REF649308402
TXN000004632,A00000110,C000163,2026-08-04 14:42:40,POS,ATM,DEBIT,5322.9,INR,Jio,SUCCESS,REF746874918
TXN000004633,A00000228,C000225,2026-07-27 17:33:40,IMPS,Branch,DEBIT,8044.43,INR,,SUCCESS,REF283694133
TXN000004634,A00000222,C000086,2026-07-01 05:20:53,CASH_WITHDRAWAL,Corporate Banking,DEBIT,895.31,INR,,SUCCESS,REF787870948
TXN000004635,A00000395,C000109,2026-08-05 17:41:21,RTGS,Internet Banking,CREDIT,410723.19,INR,,SUCCESS,REF318946550
TXN000004636,A00000186,C000026,2026-07-16 13:41:58,UPI,Branch,DEBIT,5649.01,INR,Amazon,SUCCESS,REF434753860
TXN000004637,A00000418,C000095,2026-08-31 17:33:47,ATM_WITHDRAWAL,Mobile App,DEBIT,2612.82,INR,,SUCCESS,REF161571342
TXN000004638,A00000217,C000231,2026-08-03 00:31:02,CASH_DEPOSIT,ATM,DEBIT,4956.02,INR,,SUCCESS,REF883837318
TXN000004639,A00000537,C000296,2026-07-30 02:49:32,ATM_WITHDRAWAL,Mobile App,DEBIT,19225.5,INR,,SUCCESS,REF859030912
TXN000004640,A00000497,C000498,2026-07-07 19:15:40,UPI,Internet Banking,CREDIT,6210.13,INR,BookMyShow,SUCCESS,REF692586371
TXN000004641,A00000477,C000138,2026-07-14 23:11:29,CASH_WITHDRAWAL,Branch,CREDIT,5065.5,INR,,SUCCESS,REF953253910
TXN000004642,A00000147,C000406,2026-07-20 15:03:54,CASH_WITHDRAWAL,Branch,DEBIT,3803.16,INR,,SUCCESS,REF529190038
TXN000004643,A00000624,C000238,2026-08-08 16:49:08,CASH_WITHDRAWAL,Branch,DEBIT,1504.97,INR,,SUCCESS,REF242018622
TXN000004644,A00000380,C000418,2026-08-25 02:35:51,CASH_DEPOSIT,UPI,DEBIT,3843.71,INR,,SUCCESS,REF103471323
TXN000004645,A00000540,C000278,2026-08-21 16:31:16,POS,Branch,DEBIT,7875.11,INR,MakeMyTrip,SUCCESS,REF122206862
TXN000004646,A00000103,C000095,2026-08-18 05:06:51,UPI,Mobile App,DEBIT,9196.21,INR,Myntra,SUCCESS,REF700869078
TXN000004647,A00000224,C000434,2026-08-24 01:18:06,UPI,Branch,DEBIT,3220.38,INR,Decathlon,FAILED,REF888060453
TXN000004648,A00000388,C000234,2026-07-08 00:11:20,RTGS,ATM,CREDIT,376826.44,INR,,SUCCESS,REF656372081
TXN000004649,A00000489,C000320,2026-07-08 10:15:11,NEFT,UPI,DEBIT,444.68,INR,,SUCCESS,REF949847341
TXN000004650,A00000436,C000409,2026-08-17 05:31:37,RTGS,Internet Banking,DEBIT,301389.24,INR,,SUCCESS,REF376264261
TXN000004651,A00000139,C000284,2026-07-25 04:25:30,POS,ATM,CREDIT,5093.35,INR,IRCTC,SUCCESS,REF620423333
TXN000004652,A00000021,C000463,2026-07-17 10:58:28,IMPS,UPI,CREDIT,8136.79,INR,,SUCCESS,REF138690788
TXN000004653,A00000161,C000244,2026-08-15 03:02:41,ATM_WITHDRAWAL,UPI,DEBIT,3555.29,INR,,FAILED,REF995318982
TXN000004654,A00000270,C000074,2026-07-30 12:34:17,UPI,UPI,DEBIT,3346.78,INR,Amazon,REVERSED,REF283211841
TXN000004655,A00000302,C000160,2026-08-11 05:02:09,IMPS,ATM,DEBIT,9685.49,INR,,SUCCESS,REF502437445
TXN000004656,A00000184,C000134,2026-07-21 10:28:00,RTGS,UPI,CREDIT,258325.64,INR,,SUCCESS,REF234161204
TXN000004657,A00000199,C000021,2026-07-02 14:35:10,IMPS,Branch,DEBIT,73.69,INR,,SUCCESS,REF784591562
TXN000004658,A00000134,C000292,2026-08-19 19:04:43,UPI,ATM,CREDIT,2389.3,INR,Ola,SUCCESS,REF943795535
TXN000004659,A00000474,C000136,2026-07-12 18:34:43,ATM_WITHDRAWAL,Corporate Banking,CREDIT,17746.12,INR,,SUCCESS,REF635794987
TXN000004660,A00000200,C000064,2026-08-23 10:53:47,UPI,UPI,CREDIT,486.78,INR,Reliance Digital,SUCCESS,REF721277683
TXN000004661,A00000396,C000083,2026-07-29 15:54:37,CASH_DEPOSIT,Mobile App,CREDIT,3944.51,INR,,SUCCESS,REF268211093
TXN000004662,A00000624,C000238,2026-07-20 22:12:26,CASH_DEPOSIT,UPI,DEBIT,9457.45,INR,,FAILED,REF784442342
TXN000004663,A00000043,C000148,2026-07-27 10:50:33,ATM_WITHDRAWAL,UPI,DEBIT,10108.73,INR,,SUCCESS,REF991692616
TXN000004664,A00000329,C000157,2026-07-23 17:01:52,ATM_WITHDRAWAL,ATM,DEBIT,18231.09,INR,,SUCCESS,REF975338772
TXN000004665,A00000649,C000060,2026-07-11 16:57:05,CASH_WITHDRAWAL,UPI,DEBIT,4351.65,INR,,SUCCESS,REF287382027
TXN000004666,A00000534,C000256,2026-08-20 06:19:04,CASH_WITHDRAWAL,ATM,CREDIT,3347.42,INR,,SUCCESS,REF444041020
TXN000004667,A00000264,C000277,2026-08-19 21:37:42,ATM_WITHDRAWAL,Internet Banking,CREDIT,17294.25,INR,,SUCCESS,REF468037816
TXN000004668,A00000644,C000474,2026-08-16 01:05:41,ATM_WITHDRAWAL,Corporate Banking,DEBIT,4187.54,INR,,SUCCESS,REF207508592
TXN000004669,A00000308,C000115,2026-08-24 20:30:53,RTGS,Internet Banking,DEBIT,196861.24,INR,,SUCCESS,REF316086012
TXN000004670,A00000568,C000388,2026-07-14 04:58:04,IMPS,Mobile App,DEBIT,9833.25,INR,,SUCCESS,REF457449432
TXN000004671,A00000251,C000290,2026-08-21 05:53:42,RTGS,Mobile App,CREDIT,237755.65,INR,,SUCCESS,REF927173164
TXN000004672,A00000496,C000286,2026-08-27 23:05:51,POS,Mobile App,DEBIT,3067.5,INR,Reliance Digital,SUCCESS,REF760079890
TXN000004673,A00000561,C000129,2026-07-15 23:08:23,UPI,ATM,CREDIT,1174.77,INR,Swiggy,SUCCESS,REF183739578
TXN000004674,A00000375,C000347,2026-08-28 11:18:44,CASH_WITHDRAWAL,Branch,DEBIT,656.57,INR,,FAILED,REF482397582
TXN000004675,A00000542,C000413,2026-08-23 05:35:54,NEFT,Mobile App,DEBIT,6385.25,INR,,SUCCESS,REF754503783
TXN000004676,A00000280,C000491,2026-07-08 13:02:28,IMPS,UPI,CREDIT,5510.7,INR,,SUCCESS,REF534877217
TXN000004677,A00000346,C000364,2026-07-05 13:42:11,UPI,Mobile App,CREDIT,5789.71,INR,Jio,SUCCESS,REF571556801
TXN000004678,A00000621,C000349,2026-08-21 13:29:40,IMPS,Branch,DEBIT,1251.63,INR,,SUCCESS,REF748109626
TXN000004679,A00000571,C000019,2026-08-11 21:03:12,NEFT,Internet Banking,DEBIT,668.1,INR,,SUCCESS,REF138109470
TXN000004680,A00000143,C000143,2026-07-01 13:39:21,CASH_WITHDRAWAL,Internet Banking,CREDIT,3197.36,INR,,SUCCESS,REF256804917
TXN000004681,A00000458,C000157,2026-08-05 00:18:36,CASH_DEPOSIT,Corporate Banking,DEBIT,6303.66,INR,,SUCCESS,REF312247762
TXN000004682,A00000169,C000282,2026-07-27 08:14:25,CASH_DEPOSIT,Corporate Banking,DEBIT,8108.03,INR,,SUCCESS,REF364660203
TXN000004683,A00000082,C000008,2026-07-15 21:43:34,UPI,UPI,CREDIT,4614.99,INR,Swiggy,SUCCESS,REF385760185
TXN000004684,A00000191,C000241,2026-07-19 04:52:47,CASH_DEPOSIT,UPI,DEBIT,7226.01,INR,,SUCCESS,REF504152492
TXN000004685,A00000264,C000277,2026-07-19 07:14:10,CASH_DEPOSIT,UPI,DEBIT,8891.67,INR,,SUCCESS,REF881483166
TXN000004686,A00000519,C000396,2026-07-20 04:53:31,NEFT,Corporate Banking,DEBIT,4159.65,INR,,FAILED,REF154880966
TXN000004687,A00000365,C000073,2026-08-05 21:15:40,ATM_WITHDRAWAL,Internet Banking,CREDIT,5561.51,INR,,SUCCESS,REF243433452
TXN000004688,A00000521,C000470,2026-07-20 12:09:02,CASH_WITHDRAWAL,UPI,CREDIT,3657.73,INR,,FAILED,REF696842344
TXN000004689,A00000604,C000320,2026-08-21 10:28:34,IMPS,Internet Banking,DEBIT,1912.0,INR,,SUCCESS,REF128325818
TXN000004690,A00000287,C000203,2026-07-01 04:06:20,IMPS,Internet Banking,CREDIT,1265.09,INR,,SUCCESS,REF917190225
TXN000004691,A00000485,C000468,2026-07-24 07:36:00,CASH_WITHDRAWAL,UPI,DEBIT,16104.09,INR,,SUCCESS,REF572645561
TXN000004692,A00000635,C000348,2026-07-09 15:41:47,CASH_DEPOSIT,UPI,DEBIT,3874.15,INR,,SUCCESS,REF330804332
TXN000004693,A00000243,C000366,2026-08-29 00:18:20,POS,Branch,DEBIT,8022.0,INR,Jio,SUCCESS,REF309735359
TXN000004694,A00000610,C000155,2026-07-12 23:17:13,POS,Internet Banking,CREDIT,8613.51,INR,BigBasket,SUCCESS,REF982920130
TXN000004695,A00000500,C000126,2026-07-11 11:20:23,RTGS,Internet Banking,CREDIT,417712.79,INR,,SUCCESS,REF232084224
TXN000004696,A00000227,C000481,2026-07-08 02:16:33,NEFT,ATM,DEBIT,7393.99,INR,,SUCCESS,REF355138246
TXN000004697,A00000212,C000149,2026-07-27 05:10:21,POS,Internet Banking,DEBIT,5593.98,INR,Zomato,SUCCESS,REF464850245
TXN000004698,A00000440,C000098,2026-08-26 19:56:20,ATM_WITHDRAWAL,ATM,DEBIT,11287.3,INR,,SUCCESS,REF173485733
TXN000004699,A00000237,C000363,2026-08-26 22:09:26,POS,Mobile App,DEBIT,9511.67,INR,Croma,SUCCESS,REF190006332
TXN000004700,A00000058,C000332,2026-07-18 19:36:24,POS,Mobile App,DEBIT,7845.42,INR,Ola,SUCCESS,REF619593944
TXN000004701,A00000219,C000236,2026-07-13 07:21:29,CASH_DEPOSIT,Branch,CREDIT,7871.21,INR,,SUCCESS,REF265578975
TXN000004702,A00000001,C000098,2026-07-27 19:25:31,IMPS,Corporate Banking,CREDIT,9336.7,INR,,SUCCESS,REF264465053
TXN000004703,A00000484,C000137,2026-07-26 23:55:54,CASH_WITHDRAWAL,ATM,DEBIT,6632.58,INR,,SUCCESS,REF733424825
TXN000004704,A00000451,C000216,2026-07-25 13:40:17,POS,UPI,DEBIT,409.49,INR,IRCTC,REVERSED,REF686824304
TXN000004705,A00000322,C000231,2026-08-06 10:01:22,CASH_DEPOSIT,Internet Banking,DEBIT,5203.97,INR,,SUCCESS,REF982196884
TXN000004706,A00000586,C000221,2026-07-06 03:10:23,RTGS,Internet Banking,CREDIT,394635.26,INR,,SUCCESS,REF859685232
TXN000004707,A00000555,C000040,2026-07-02 06:11:41,POS,ATM,DEBIT,3156.15,INR,Zomato,SUCCESS,REF522174136
TXN000004708,A00000011,C000050,2026-07-11 08:24:23,RTGS,Corporate Banking,DEBIT,233970.15,INR,,SUCCESS,REF690412082
TXN000004709,A00000334,C000146,2026-08-12 03:14:21,IMPS,ATM,DEBIT,1488.91,INR,,SUCCESS,REF313964630
TXN000004710,A00000064,C000305,2026-08-09 18:46:15,CASH_WITHDRAWAL,ATM,DEBIT,5188.8,INR,,SUCCESS,REF412435156
TXN000004711,A00000524,C000329,2026-07-20 07:14:20,ATM_WITHDRAWAL,Branch,DEBIT,19088.04,INR,,SUCCESS,REF413802245
TXN000004712,A00000346,C000364,2026-07-19 04:24:33,CASH_WITHDRAWAL,Corporate Banking,DEBIT,9643.11,INR,,SUCCESS,REF982432522
TXN000004713,A00000355,C000008,2026-07-07 14:36:49,NEFT,Mobile App,DEBIT,5039.19,INR,,SUCCESS,REF493942431
TXN000004714,A00000228,C000225,2026-07-22 16:37:48,RTGS,Corporate Banking,DEBIT,138583.83,INR,,SUCCESS,REF642934098
TXN000004715,A00000389,C000189,2026-07-30 02:07:28,CASH_DEPOSIT,Mobile App,DEBIT,8753.87,INR,,SUCCESS,REF872094291
TXN000004716,A00000391,C000228,2026-08-29 14:04:26,CASH_DEPOSIT,UPI,DEBIT,4296.23,INR,,SUCCESS,REF487649426
TXN000004717,A00000152,C000316,2026-07-04 15:19:23,CASH_DEPOSIT,UPI,CREDIT,864.69,INR,,SUCCESS,REF889467255
TXN000004718,A00000215,C000182,2026-07-17 18:04:31,IMPS,Internet Banking,DEBIT,3885.64,INR,,SUCCESS,REF378835059
TXN000004719,A00000066,C000392,2026-07-01 09:27:58,IMPS,Mobile App,CREDIT,6741.26,INR,,SUCCESS,REF652759367
TXN000004720,A00000216,C000403,2026-08-19 14:07:06,POS,Branch,DEBIT,5851.52,INR,Amazon,SUCCESS,REF692891874
TXN000004721,A00000160,C000320,2026-08-01 03:50:51,UPI,ATM,DEBIT,9021.67,INR,Croma,SUCCESS,REF230730787
TXN000004722,A00000607,C000074,2026-08-11 05:16:57,RTGS,ATM,DEBIT,311776.5,INR,,SUCCESS,REF643263260
TXN000004723,A00000607,C000074,2026-08-31 22:13:20,RTGS,UPI,CREDIT,435200.51,INR,,SUCCESS,REF238056797
TXN000004724,A00000099,C000249,2026-07-07 19:06:17,CASH_DEPOSIT,Branch,CREDIT,3358.1,INR,,SUCCESS,REF590270424
TXN000004725,A00000432,C000302,2026-07-03 18:55:47,UPI,ATM,CREDIT,1070.33,INR,Airtel,SUCCESS,REF235442471
TXN000004726,A00000422,C000495,2026-08-20 03:08:58,IMPS,Internet Banking,DEBIT,3096.82,INR,,SUCCESS,REF760000167
TXN000004727,A00000231,C000342,2026-08-28 14:41:54,IMPS,ATM,DEBIT,5128.14,INR,,SUCCESS,REF186355623
TXN000004728,A00000500,C000126,2026-08-24 22:21:56,CASH_WITHDRAWAL,ATM,DEBIT,4521.43,INR,,SUCCESS,REF224254374
TXN000004729,A00000246,C000019,2026-08-20 17:48:02,POS,Corporate Banking,CREDIT,1419.35,INR,Myntra,SUCCESS,REF470044406
TXN000004730,A00000351,C000393,2026-07-24 02:16:46,RTGS,Branch,DEBIT,240383.01,INR,,SUCCESS,REF909015983
TXN000004731,A00000435,C000028,2026-07-14 21:42:17,POS,Branch,CREDIT,1146.99,INR,Myntra,SUCCESS,REF923847231
TXN000004732,A00000338,C000235,2026-07-12 19:28:44,ATM_WITHDRAWAL,Branch,DEBIT,4288.71,INR,,SUCCESS,REF351549215
TXN000004733,A00000342,C000485,2026-07-19 14:38:43,UPI,Branch,CREDIT,1918.9,INR,Apollo Pharmacy,REVERSED,REF546481207
TXN000004734,A00000650,C000122,2026-08-17 10:46:07,CASH_WITHDRAWAL,ATM,DEBIT,6379.69,INR,,SUCCESS,REF371600592
TXN000004735,A00000552,C000372,2026-08-24 17:46:59,IMPS,Mobile App,DEBIT,1193.26,INR,,SUCCESS,REF236467972
TXN000004736,A00000338,C000235,2026-08-30 17:49:33,POS,ATM,DEBIT,5125.53,INR,Flipkart,SUCCESS,REF477271259
TXN000004737,A00000060,C000123,2026-07-14 11:17:57,RTGS,Corporate Banking,CREDIT,203198.72,INR,,SUCCESS,REF685685128
TXN000004738,A00000426,C000131,2026-08-09 20:29:08,POS,ATM,DEBIT,6948.43,INR,Decathlon,SUCCESS,REF386140672
TXN000004739,A00000301,C000216,2026-07-20 03:09:34,CASH_WITHDRAWAL,Mobile App,DEBIT,2025.15,INR,,SUCCESS,REF788492023
TXN000004740,A00000532,C000422,2026-07-02 15:26:05,RTGS,Internet Banking,CREDIT,424052.71,INR,,SUCCESS,REF245321203
TXN000004741,A00000626,C000142,2026-07-27 05:42:58,CASH_WITHDRAWAL,Corporate Banking,DEBIT,7957.64,INR,,SUCCESS,REF978313939
TXN000004742,A00000511,C000385,2026-08-27 22:05:45,UPI,Mobile App,DEBIT,8676.75,INR,Uber,SUCCESS,REF830252212
TXN000004743,A00000499,C000298,2026-07-03 20:20:27,CASH_WITHDRAWAL,Internet Banking,DEBIT,17014.47,INR,,SUCCESS,REF231000413
TXN000004744,A00000115,C000213,2026-07-04 00:26:44,IMPS,Mobile App,DEBIT,9863.2,INR,,SUCCESS,REF889992984
TXN000004745,A00000252,C000294,2026-08-02 06:40:09,POS,ATM,DEBIT,7383.76,INR,MakeMyTrip,SUCCESS,REF883715334
TXN000004746,A00000139,C000284,2026-08-12 00:23:30,UPI,ATM,CREDIT,2151.09,INR,Uber,SUCCESS,REF567707681
TXN000004747,A00000369,C000390,2026-08-02 09:42:47,NEFT,ATM,CREDIT,8433.34,INR,,SUCCESS,REF789873426
TXN000004748,A00000638,C000437,2026-07-20 12:43:50,CASH_WITHDRAWAL,UPI,CREDIT,10483.84,INR,,SUCCESS,REF481735764
TXN000004749,A00000477,C000138,2026-08-08 03:09:11,CASH_WITHDRAWAL,ATM,DEBIT,6199.32,INR,,SUCCESS,REF795039752
TXN000004750,A00000627,C000200,2026-08-07 06:26:29,UPI,Mobile App,DEBIT,9313.66,INR,Zomato,SUCCESS,REF797176117
TXN000004751,A00000210,C000416,2026-08-12 18:48:50,IMPS,ATM,CREDIT,7631.15,INR,,SUCCESS,REF557047361
TXN000004752,A00000556,C000093,2026-07-12 14:01:37,ATM_WITHDRAWAL,Internet Banking,DEBIT,907.07,INR,,SUCCESS,REF153363733
TXN000004753,A00000325,C000098,2026-07-07 09:55:27,IMPS,Mobile App,DEBIT,2652.19,INR,,SUCCESS,REF537017401
TXN000004754,A00000383,C000226,2026-07-15 07:51:51,NEFT,Internet Banking,DEBIT,9984.61,INR,,SUCCESS,REF403045085
TXN000004755,A00000615,C000236,2026-07-04 09:03:18,POS,Corporate Banking,CREDIT,4790.05,INR,Swiggy,REVERSED,REF679758598
TXN000004756,A00000277,C000001,2026-08-07 17:23:53,IMPS,Branch,DEBIT,7563.91,INR,,SUCCESS,REF321199268
TXN000004757,A00000535,C000325,2026-07-26 02:32:36,CASH_DEPOSIT,Mobile App,CREDIT,5450.32,INR,,SUCCESS,REF504532188
TXN000004758,A00000156,C000264,2026-08-30 07:08:31,NEFT,Internet Banking,DEBIT,9500.87,INR,,SUCCESS,REF533820250
TXN000004759,A00000070,C000139,2026-07-08 12:32:27,ATM_WITHDRAWAL,Corporate Banking,DEBIT,19749.29,INR,,FAILED,REF649873737
TXN000004760,A00000642,C000358,2026-08-22 23:19:45,RTGS,UPI,DEBIT,186876.36,INR,,SUCCESS,REF171282250
TXN000004761,A00000183,C000391,2026-08-19 12:04:45,UPI,UPI,DEBIT,367.27,INR,Apollo Pharmacy,SUCCESS,REF936132897
TXN000004762,A00000031,C000239,2026-08-13 16:25:34,IMPS,Branch,DEBIT,2832.69,INR,,SUCCESS,REF370076592
TXN000004763,A00000188,C000366,2026-07-14 02:49:34,RTGS,Mobile App,DEBIT,375275.84,INR,,SUCCESS,REF260098734
TXN000004764,A00000319,C000472,2026-08-10 16:00:49,NEFT,Branch,CREDIT,2958.93,INR,,SUCCESS,REF522547938
TXN000004765,A00000167,C000015,2026-08-20 17:04:39,NEFT,UPI,DEBIT,7608.45,INR,,SUCCESS,REF789117713
TXN000004766,A00000625,C000298,2026-08-22 03:46:21,IMPS,ATM,DEBIT,1030.53,INR,,SUCCESS,REF387297224
TXN000004767,A00000555,C000040,2026-07-22 03:09:49,IMPS,ATM,DEBIT,855.03,INR,,REVERSED,REF886022344
TXN000004768,A00000503,C000486,2026-07-15 05:14:04,CASH_DEPOSIT,Internet Banking,DEBIT,2397.64,INR,,SUCCESS,REF880145718
TXN000004769,A00000282,C000285,2026-08-09 15:16:56,CASH_DEPOSIT,Corporate Banking,DEBIT,8173.87,INR,,SUCCESS,REF525625680
TXN000004770,A00000402,C000395,2026-07-18 12:46:33,IMPS,ATM,DEBIT,4840.16,INR,,REVERSED,REF439746904
TXN000004771,A00000545,C000136,2026-07-28 05:55:52,CASH_DEPOSIT,Mobile App,CREDIT,7799.74,INR,,SUCCESS,REF847643293
TXN000004772,A00000460,C000382,2026-07-30 04:28:38,CASH_WITHDRAWAL,Mobile App,DEBIT,17743.04,INR,,SUCCESS,REF712822752
TXN000004773,A00000200,C000064,2026-08-16 17:24:48,NEFT,Branch,CREDIT,4951.91,INR,,SUCCESS,REF101550733
TXN000004774,A00000131,C000218,2026-08-06 15:26:00,IMPS,Mobile App,DEBIT,6484.5,INR,,SUCCESS,REF296536135
TXN000004775,A00000454,C000043,2026-07-01 07:59:19,ATM_WITHDRAWAL,UPI,CREDIT,501.52,INR,,SUCCESS,REF910368475
TXN000004776,A00000041,C000027,2026-08-31 10:26:36,CASH_DEPOSIT,ATM,DEBIT,9876.69,INR,,SUCCESS,REF430193599
TXN000004777,A00000612,C000182,2026-08-24 19:40:46,NEFT,ATM,DEBIT,6603.94,INR,,SUCCESS,REF648899599
TXN000004778,A00000499,C000298,2026-07-12 00:16:50,ATM_WITHDRAWAL,Mobile App,DEBIT,4271.5,INR,,SUCCESS,REF693680484
TXN000004779,A00000413,C000061,2026-07-31 13:21:49,CASH_WITHDRAWAL,Internet Banking,CREDIT,13858.47,INR,,SUCCESS,REF944100936
TXN000004780,A00000294,C000015,2026-08-14 14:04:22,POS,Internet Banking,DEBIT,4866.91,INR,Amazon,SUCCESS,REF379882496
TXN000004781,A00000429,C000162,2026-07-08 08:06:03,ATM_WITHDRAWAL,Mobile App,DEBIT,18264.85,INR,,SUCCESS,REF594452606
TXN000004782,A00000380,C000418,2026-07-09 05:57:26,UPI,ATM,CREDIT,2623.91,INR,Apollo Pharmacy,SUCCESS,REF843259526
TXN000004783,A00000383,C000226,2026-08-23 11:28:33,UPI,Internet Banking,CREDIT,5741.35,INR,Reliance Digital,SUCCESS,REF926883343
TXN000004784,A00000584,C000097,2026-07-28 15:21:37,IMPS,Mobile App,DEBIT,6611.99,INR,,SUCCESS,REF371910899
TXN000004785,A00000504,C000477,2026-08-05 05:32:31,CASH_WITHDRAWAL,Corporate Banking,DEBIT,4427.98,INR,,SUCCESS,REF175448993
TXN000004786,A00000063,C000089,2026-07-21 19:08:13,UPI,Corporate Banking,CREDIT,1487.66,INR,DMart,SUCCESS,REF593732576
TXN000004787,A00000602,C000022,2026-08-09 17:24:56,RTGS,UPI,DEBIT,427073.21,INR,,SUCCESS,REF912643686
TXN000004788,A00000230,C000335,2026-07-13 19:11:12,RTGS,ATM,CREDIT,138061.22,INR,,SUCCESS,REF325755378
TXN000004789,A00000565,C000184,2026-08-20 19:16:19,CASH_DEPOSIT,Mobile App,DEBIT,5243.94,INR,,SUCCESS,REF580404844
TXN000004790,A00000216,C000403,2026-07-07 13:47:42,CASH_DEPOSIT,Internet Banking,DEBIT,9669.3,INR,,SUCCESS,REF367871414
TXN000004791,A00000341,C000376,2026-08-22 23:07:08,UPI,UPI,DEBIT,4937.0,INR,MakeMyTrip,SUCCESS,REF626657848
TXN000004792,A00000239,C000147,2026-08-07 21:58:39,POS,UPI,DEBIT,1374.04,INR,Uber,FAILED,REF374503766
TXN000004793,A00000612,C000182,2026-07-13 07:35:43,CASH_DEPOSIT,Internet Banking,DEBIT,353.28,INR,,SUCCESS,REF999499042
TXN000004794,A00000632,C000054,2026-07-26 16:52:57,POS,Mobile App,DEBIT,622.26,INR,Ola,SUCCESS,REF565918299
TXN000004795,A00000190,C000121,2026-07-29 14:42:53,NEFT,ATM,CREDIT,8987.7,INR,,SUCCESS,REF577038029
TXN000004796,A00000552,C000372,2026-08-12 08:20:05,CASH_DEPOSIT,Corporate Banking,CREDIT,9620.18,INR,,SUCCESS,REF172596116
TXN000004797,A00000624,C000238,2026-08-06 15:56:29,UPI,Internet Banking,CREDIT,3620.88,INR,Croma,FAILED,REF716498591
TXN000004798,A00000583,C000469,2026-08-14 17:41:28,RTGS,Internet Banking,DEBIT,212697.89,INR,,SUCCESS,REF269470903
TXN000004799,A00000263,C000444,2026-07-04 08:34:12,IMPS,Mobile App,DEBIT,3909.74,INR,,SUCCESS,REF697112560
TXN000004800,A00000484,C000137,2026-08-03 19:32:06,CASH_WITHDRAWAL,Internet Banking,DEBIT,7328.59,INR,,SUCCESS,REF984576708
TXN000004801,A00000419,C000276,2026-07-10 21:07:43,CASH_DEPOSIT,Internet Banking,DEBIT,856.57,INR,,SUCCESS,REF491195990
TXN000004802,A00000484,C000137,2026-07-26 07:25:24,IMPS,UPI,DEBIT,2680.87,INR,,SUCCESS,REF258294672
TXN000004803,A00000407,C000418,2026-07-30 05:05:33,POS,UPI,DEBIT,393.48,INR,Reliance Digital,SUCCESS,REF864557502
TXN000004804,A00000364,C000094,2026-08-09 21:26:15,UPI,UPI,CREDIT,318.81,INR,Ola,SUCCESS,REF851626264
TXN000004805,A00000583,C000469,2026-07-18 23:28:44,IMPS,Internet Banking,DEBIT,7852.08,INR,,FAILED,REF169574193
TXN000004806,A00000274,C000325,2026-08-18 17:00:32,UPI,Corporate Banking,DEBIT,3139.07,INR,Jio,SUCCESS,REF623743346
TXN000004807,A00000384,C000033,2026-08-20 11:42:31,ATM_WITHDRAWAL,Mobile App,CREDIT,6098.38,INR,,SUCCESS,REF764240510
TXN000004808,A00000579,C000165,2026-07-04 17:44:34,CASH_DEPOSIT,ATM,CREDIT,1048.29,INR,,SUCCESS,REF260523164
TXN000004809,A00000165,C000383,2026-07-20 13:47:38,IMPS,Corporate Banking,DEBIT,6991.46,INR,,SUCCESS,REF447626538
TXN000004810,A00000248,C000304,2026-08-01 00:24:16,RTGS,Mobile App,CREDIT,54715.0,INR,,SUCCESS,REF896878297
TXN000004811,A00000062,C000019,2026-08-09 17:07:32,CASH_WITHDRAWAL,Corporate Banking,CREDIT,16196.19,INR,,SUCCESS,REF361174032
TXN000004812,A00000551,C000293,2026-07-07 09:10:49,UPI,Internet Banking,DEBIT,8976.34,INR,Decathlon,SUCCESS,REF738164312
TXN000004813,A00000011,C000050,2026-08-03 02:33:43,NEFT,Mobile App,DEBIT,9309.92,INR,,SUCCESS,REF106867782
TXN000004814,A00000056,C000419,2026-08-24 22:29:33,UPI,Corporate Banking,DEBIT,4055.3,INR,Jio,SUCCESS,REF471934844
TXN000004815,A00000583,C000469,2026-07-11 05:13:48,RTGS,Internet Banking,DEBIT,452164.8,INR,,SUCCESS,REF568290554
TXN000004816,A00000347,C000125,2026-07-09 03:29:31,IMPS,Internet Banking,DEBIT,2160.67,INR,,SUCCESS,REF190109706
TXN000004817,A00000195,C000364,2026-08-28 16:16:58,POS,ATM,DEBIT,6576.74,INR,BigBasket,FAILED,REF356053311
TXN000004818,A00000565,C000184,2026-08-07 11:54:39,NEFT,UPI,DEBIT,3202.47,INR,,SUCCESS,REF474979304
TXN000004819,A00000446,C000206,2026-07-01 15:42:22,POS,Mobile App,CREDIT,7098.37,INR,Zomato,SUCCESS,REF168399994
TXN000004820,A00000144,C000249,2026-08-02 23:35:51,CASH_WITHDRAWAL,Branch,DEBIT,14246.18,INR,,SUCCESS,REF304814105
TXN000004821,A00000026,C000431,2026-08-08 08:20:41,CASH_DEPOSIT,UPI,DEBIT,5800.17,INR,,SUCCESS,REF437122658
TXN000004822,A00000136,C000428,2026-08-07 21:56:10,CASH_WITHDRAWAL,UPI,CREDIT,16204.33,INR,,SUCCESS,REF718782567
TXN000004823,A00000241,C000488,2026-07-12 20:06:56,UPI,Internet Banking,DEBIT,7819.09,INR,Jio,SUCCESS,REF639510651
TXN000004824,A00000368,C000487,2026-08-25 01:54:00,UPI,UPI,DEBIT,3238.16,INR,Zomato,SUCCESS,REF260813929
TXN000004825,A00000419,C000276,2026-08-16 19:53:24,UPI,Internet Banking,CREDIT,2663.6,INR,Airtel,SUCCESS,REF692299709
TXN000004826,A00000070,C000139,2026-08-25 08:48:14,ATM_WITHDRAWAL,UPI,CREDIT,801.3,INR,,SUCCESS,REF430553316
TXN000004827,A00000471,C000133,2026-07-12 18:11:20,NEFT,Corporate Banking,DEBIT,6240.95,INR,,SUCCESS,REF500246386
TXN000004828,A00000260,C000480,2026-07-22 14:31:52,CASH_WITHDRAWAL,ATM,DEBIT,9702.54,INR,,SUCCESS,REF943820229
TXN000004829,A00000049,C000339,2026-07-01 21:16:40,POS,Corporate Banking,DEBIT,3955.34,INR,DMart,SUCCESS,REF216034706
TXN000004830,A00000370,C000276,2026-07-09 08:03:09,UPI,Internet Banking,DEBIT,8597.67,INR,Ola,SUCCESS,REF502626051
TXN000004831,A00000386,C000478,2026-08-24 13:06:36,CASH_DEPOSIT,Branch,DEBIT,8371.52,INR,,SUCCESS,REF995959052
TXN000004832,A00000524,C000329,2026-08-14 16:40:00,POS,ATM,DEBIT,6457.0,INR,MakeMyTrip,SUCCESS,REF716851538
TXN000004833,A00000218,C000133,2026-08-07 03:30:11,CASH_WITHDRAWAL,UPI,DEBIT,19363.65,INR,,SUCCESS,REF342399061
TXN000004834,A00000473,C000329,2026-08-23 21:36:41,IMPS,Branch,DEBIT,8769.6,INR,,SUCCESS,REF263644889
TXN000004835,A00000085,C000386,2026-07-02 21:34:18,CASH_DEPOSIT,Branch,DEBIT,8089.87,INR,,SUCCESS,REF553749634
TXN000004836,A00000279,C000358,2026-08-25 11:13:53,CASH_WITHDRAWAL,Mobile App,DEBIT,15402.19,INR,,SUCCESS,REF344682059
TXN000004837,A00000173,C000413,2026-08-22 23:01:22,NEFT,UPI,DEBIT,1052.07,INR,,SUCCESS,REF795822155
TXN000004838,A00000427,C000218,2026-07-29 06:59:45,IMPS,Corporate Banking,DEBIT,2383.81,INR,,SUCCESS,REF947040954
TXN000004839,A00000256,C000375,2026-08-04 08:51:38,UPI,Branch,DEBIT,6140.11,INR,Jio,FAILED,REF368317943
TXN000004840,A00000503,C000486,2026-07-25 07:53:45,UPI,Mobile App,DEBIT,2112.49,INR,Croma,SUCCESS,REF779758042
TXN000004841,A00000158,C000174,2026-07-26 20:06:52,POS,ATM,CREDIT,4197.62,INR,Decathlon,SUCCESS,REF806948760
TXN000004842,A00000342,C000485,2026-08-15 13:07:06,UPI,UPI,DEBIT,362.18,INR,BigBasket,SUCCESS,REF451786051
TXN000004843,A00000481,C000057,2026-07-04 03:22:08,POS,Internet Banking,DEBIT,8658.33,INR,Reliance Digital,SUCCESS,REF839031529
TXN000004844,A00000342,C000485,2026-07-04 17:30:30,CASH_WITHDRAWAL,ATM,DEBIT,11416.44,INR,,SUCCESS,REF877377231
TXN000004845,A00000110,C000163,2026-08-25 04:10:02,ATM_WITHDRAWAL,Internet Banking,DEBIT,19607.49,INR,,FAILED,REF391091275
TXN000004846,A00000438,C000374,2026-08-08 23:57:01,CASH_DEPOSIT,UPI,DEBIT,971.93,INR,,SUCCESS,REF587633504
TXN000004847,A00000096,C000085,2026-08-23 14:48:23,UPI,Internet Banking,CREDIT,87.1,INR,IRCTC,FAILED,REF519713440
TXN000004848,A00000439,C000478,2026-08-20 11:25:17,POS,Corporate Banking,DEBIT,2940.42,INR,Reliance Digital,SUCCESS,REF780528378
TXN000004849,A00000409,C000444,2026-07-28 15:47:07,RTGS,Internet Banking,DEBIT,411202.63,INR,,SUCCESS,REF148908917
TXN000004850,A00000173,C000413,2026-08-21 04:50:03,RTGS,Mobile App,DEBIT,465238.8,INR,,SUCCESS,REF294353094
TXN000004851,A00000189,C000308,2026-07-18 18:34:55,CASH_DEPOSIT,Internet Banking,DEBIT,4318.96,INR,,SUCCESS,REF520992442
TXN000004852,A00000100,C000460,2026-08-03 08:30:31,ATM_WITHDRAWAL,ATM,DEBIT,3623.34,INR,,SUCCESS,REF677132430
TXN000004853,A00000062,C000019,2026-07-13 03:09:24,POS,Corporate Banking,DEBIT,7531.07,INR,Swiggy,SUCCESS,REF182927804
TXN000004854,A00000202,C000347,2026-08-22 03:58:42,POS,ATM,DEBIT,4338.19,INR,Myntra,SUCCESS,REF410879961
TXN000004855,A00000487,C000040,2026-08-23 21:01:52,RTGS,Mobile App,CREDIT,255308.23,INR,,SUCCESS,REF288668428
TXN000004856,A00000233,C000059,2026-07-25 02:46:20,NEFT,UPI,CREDIT,4851.73,INR,,SUCCESS,REF282707617
TXN000004857,A00000355,C000008,2026-08-03 09:57:10,POS,Corporate Banking,DEBIT,6679.49,INR,Zomato,SUCCESS,REF857165827
TXN000004858,A00000322,C000231,2026-07-20 16:16:27,CASH_WITHDRAWAL,Internet Banking,DEBIT,10790.61,INR,,SUCCESS,REF309708235
TXN000004859,A00000625,C000298,2026-07-07 17:44:05,CASH_WITHDRAWAL,Internet Banking,CREDIT,12754.99,INR,,SUCCESS,REF620877401
TXN000004860,A00000604,C000320,2026-08-02 08:50:39,UPI,Corporate Banking,DEBIT,3879.41,INR,DMart,SUCCESS,REF233490073
TXN000004861,A00000089,C000485,2026-07-17 12:09:04,UPI,Internet Banking,DEBIT,5993.34,INR,IRCTC,SUCCESS,REF496350014
TXN000004862,A00000133,C000180,2026-08-05 09:08:32,CASH_DEPOSIT,Branch,DEBIT,2407.09,INR,,FAILED,REF930330201
TXN000004863,A00000090,C000264,2026-08-12 13:51:30,CASH_WITHDRAWAL,Internet Banking,DEBIT,16723.91,INR,,SUCCESS,REF449422633
TXN000004864,A00000218,C000133,2026-08-23 06:31:30,RTGS,Branch,DEBIT,482162.56,INR,,SUCCESS,REF509278063
TXN000004865,A00000628,C000143,2026-08-30 03:58:29,NEFT,ATM,DEBIT,2797.09,INR,,REVERSED,REF476564640
TXN000004866,A00000486,C000197,2026-08-03 09:50:06,RTGS,Branch,DEBIT,241456.67,INR,,SUCCESS,REF176989828
TXN000004867,A00000645,C000178,2026-07-01 17:43:47,CASH_WITHDRAWAL,Branch,DEBIT,804.23,INR,,SUCCESS,REF209664019
TXN000004868,A00000307,C000215,2026-08-07 13:03:00,POS,Branch,DEBIT,1061.54,INR,Jio,SUCCESS,REF931937902
TXN000004869,A00000194,C000203,2026-07-03 17:00:10,CASH_WITHDRAWAL,Mobile App,CREDIT,7981.38,INR,,SUCCESS,REF183628302
TXN000004870,A00000530,C000095,2026-07-16 18:56:57,UPI,UPI,DEBIT,5374.23,INR,Uber,SUCCESS,REF433862777
TXN000004871,A00000543,C000059,2026-08-15 06:11:09,IMPS,Mobile App,DEBIT,8583.07,INR,,SUCCESS,REF748692009
TXN000004872,A00000033,C000294,2026-08-16 14:01:24,CASH_WITHDRAWAL,Internet Banking,DEBIT,15859.03,INR,,SUCCESS,REF353513211
TXN000004873,A00000023,C000469,2026-07-01 09:31:43,UPI,Internet Banking,DEBIT,3807.72,INR,Flipkart,SUCCESS,REF651092745
TXN000004874,A00000491,C000418,2026-08-01 23:14:03,RTGS,ATM,DEBIT,62836.81,INR,,SUCCESS,REF248938098
TXN000004875,A00000468,C000490,2026-08-20 18:04:03,IMPS,Mobile App,CREDIT,1704.96,INR,,SUCCESS,REF447867038
TXN000004876,A00000061,C000495,2026-08-11 14:02:52,ATM_WITHDRAWAL,Branch,DEBIT,3349.76,INR,,SUCCESS,REF379565847
TXN000004877,A00000476,C000485,2026-07-10 05:58:55,RTGS,ATM,DEBIT,197317.04,INR,,SUCCESS,REF321224039
TXN000004878,A00000054,C000328,2026-08-31 20:30:37,POS,ATM,DEBIT,8619.09,INR,Apollo Pharmacy,SUCCESS,REF203669525
TXN000004879,A00000200,C000064,2026-08-07 15:48:50,POS,Internet Banking,DEBIT,8103.06,INR,Ola,SUCCESS,REF507855152
TXN000004880,A00000064,C000305,2026-08-09 16:41:22,UPI,Mobile App,CREDIT,6120.13,INR,DMart,SUCCESS,REF852324681
TXN000004881,A00000322,C000231,2026-08-14 08:49:26,NEFT,Branch,CREDIT,2620.73,INR,,SUCCESS,REF949464685
TXN000004882,A00000071,C000368,2026-07-28 13:22:07,NEFT,ATM,DEBIT,7026.98,INR,,SUCCESS,REF788170377
TXN000004883,A00000161,C000244,2026-08-26 06:18:39,POS,ATM,DEBIT,9245.88,INR,Flipkart,SUCCESS,REF679840298
TXN000004884,A00000589,C000491,2026-08-03 09:27:26,IMPS,Mobile App,DEBIT,1714.18,INR,,SUCCESS,REF754141420
TXN000004885,A00000631,C000050,2026-08-29 20:52:00,RTGS,Internet Banking,DEBIT,318607.43,INR,,SUCCESS,REF703756825
TXN000004886,A00000579,C000165,2026-07-05 23:20:12,IMPS,ATM,DEBIT,1598.32,INR,,SUCCESS,REF445832016
TXN000004887,A00000181,C000378,2026-07-26 13:20:00,ATM_WITHDRAWAL,Internet Banking,DEBIT,9439.2,INR,,SUCCESS,REF934241997
TXN000004888,A00000526,C000360,2026-07-13 19:31:03,POS,Mobile App,CREDIT,9952.64,INR,MakeMyTrip,SUCCESS,REF472649066
TXN000004889,A00000465,C000155,2026-08-17 00:07:06,UPI,Branch,DEBIT,2141.25,INR,IRCTC,SUCCESS,REF363483971
TXN000004890,A00000230,C000335,2026-08-19 09:31:44,CASH_WITHDRAWAL,Mobile App,DEBIT,4599.23,INR,,SUCCESS,REF891447973
TXN000004891,A00000524,C000329,2026-08-13 12:04:16,RTGS,ATM,DEBIT,201108.08,INR,,SUCCESS,REF665193646
TXN000004892,A00000644,C000474,2026-07-13 20:27:32,RTGS,Corporate Banking,DEBIT,448506.86,INR,,SUCCESS,REF499054213
TXN000004893,A00000294,C000015,2026-08-30 12:26:13,RTGS,Corporate Banking,DEBIT,435703.16,INR,,FAILED,REF464667451
TXN000004894,A00000178,C000475,2026-08-01 07:07:29,NEFT,Corporate Banking,DEBIT,3552.12,INR,,SUCCESS,REF550946659
TXN000004895,A00000022,C000229,2026-08-16 20:53:56,CASH_DEPOSIT,Corporate Banking,DEBIT,9530.9,INR,,FAILED,REF374615393
TXN000004896,A00000482,C000074,2026-07-31 11:40:59,NEFT,ATM,DEBIT,9626.73,INR,,SUCCESS,REF149847800
TXN000004897,A00000079,C000172,2026-08-22 00:44:15,UPI,Mobile App,DEBIT,8018.18,INR,Zomato,SUCCESS,REF325108452
TXN000004898,A00000597,C000235,2026-07-07 06:30:44,POS,Branch,CREDIT,9613.71,INR,Croma,SUCCESS,REF305116689
TXN000004899,A00000157,C000166,2026-07-07 09:31:49,POS,Mobile App,DEBIT,9116.66,INR,Ola,SUCCESS,REF774212274
TXN000004900,A00000137,C000064,2026-08-17 04:38:46,CASH_DEPOSIT,Branch,DEBIT,7451.01,INR,,SUCCESS,REF317875583
TXN000004901,A00000487,C000040,2026-07-03 09:42:33,NEFT,Internet Banking,DEBIT,3393.95,INR,,SUCCESS,REF521728531
TXN000004902,A00000501,C000486,2026-07-03 02:51:22,CASH_WITHDRAWAL,Corporate Banking,DEBIT,10250.81,INR,,SUCCESS,REF917714224
TXN000004903,A00000621,C000349,2026-07-28 19:32:30,NEFT,Internet Banking,DEBIT,2120.14,INR,,SUCCESS,REF287790149
TXN000004904,A00000403,C000162,2026-07-27 22:14:22,RTGS,Corporate Banking,DEBIT,406893.5,INR,,SUCCESS,REF870157872
TXN000004905,A00000397,C000070,2026-08-24 12:25:25,RTGS,ATM,DEBIT,444374.06,INR,,SUCCESS,REF365581075
TXN000004906,A00000181,C000378,2026-07-19 12:24:20,RTGS,Internet Banking,DEBIT,95088.53,INR,,SUCCESS,REF700422252
TXN000004907,A00000481,C000057,2026-07-11 22:56:15,CASH_DEPOSIT,ATM,DEBIT,6406.47,INR,,SUCCESS,REF331142217
TXN000004908,A00000338,C000235,2026-08-13 21:14:11,CASH_DEPOSIT,Mobile App,DEBIT,2877.62,INR,,SUCCESS,REF915882529
TXN000004909,A00000631,C000050,2026-07-06 21:50:04,CASH_DEPOSIT,Corporate Banking,DEBIT,5112.85,INR,,SUCCESS,REF847177086
TXN000004910,A00000575,C000418,2026-08-06 14:16:17,CASH_DEPOSIT,UPI,DEBIT,4979.66,INR,,SUCCESS,REF216216746
TXN000004911,A00000584,C000097,2026-08-10 20:41:09,NEFT,Internet Banking,CREDIT,8874.82,INR,,SUCCESS,REF226389963
TXN000004912,A00000178,C000475,2026-08-14 00:19:10,RTGS,Branch,DEBIT,87562.15,INR,,SUCCESS,REF489002427
TXN000004913,A00000345,C000328,2026-08-28 11:54:03,NEFT,UPI,CREDIT,4969.68,INR,,FAILED,REF586494058
TXN000004914,A00000216,C000403,2026-07-11 17:14:24,POS,Branch,DEBIT,2083.45,INR,Croma,SUCCESS,REF736878097
TXN000004915,A00000620,C000154,2026-07-28 18:15:48,CASH_DEPOSIT,ATM,DEBIT,4113.59,INR,,SUCCESS,REF994780955
TXN000004916,A00000276,C000277,2026-08-28 02:26:25,RTGS,Branch,CREDIT,223344.11,INR,,SUCCESS,REF910165807
TXN000004917,A00000087,C000500,2026-07-30 07:31:38,ATM_WITHDRAWAL,UPI,CREDIT,5434.64,INR,,SUCCESS,REF834880221
TXN000004918,A00000298,C000206,2026-07-29 18:01:56,RTGS,Branch,DEBIT,202960.94,INR,,FAILED,REF830493438
TXN000004919,A00000057,C000324,2026-08-06 15:05:09,IMPS,Branch,DEBIT,4636.44,INR,,SUCCESS,REF754794296
TXN000004920,A00000463,C000108,2026-07-20 07:25:13,RTGS,Internet Banking,DEBIT,440442.33,INR,,SUCCESS,REF381045724
TXN000004921,A00000581,C000240,2026-07-07 06:08:47,ATM_WITHDRAWAL,Internet Banking,CREDIT,3757.83,INR,,SUCCESS,REF249193394
TXN000004922,A00000006,C000491,2026-08-13 09:55:21,NEFT,Branch,DEBIT,5537.99,INR,,SUCCESS,REF957037824
TXN000004923,A00000310,C000285,2026-07-23 02:10:09,NEFT,UPI,DEBIT,2953.51,INR,,SUCCESS,REF185033115
TXN000004924,A00000248,C000304,2026-07-11 21:53:47,ATM_WITHDRAWAL,Corporate Banking,CREDIT,5818.79,INR,,FAILED,REF941382141
TXN000004925,A00000425,C000439,2026-08-21 14:59:52,ATM_WITHDRAWAL,Internet Banking,CREDIT,4061.21,INR,,SUCCESS,REF843125590
TXN000004926,A00000274,C000325,2026-07-12 10:23:25,RTGS,Internet Banking,DEBIT,382910.59,INR,,SUCCESS,REF877280296
TXN000004927,A00000408,C000373,2026-07-09 09:13:47,UPI,Branch,DEBIT,8480.14,INR,BookMyShow,SUCCESS,REF775494223
TXN000004928,A00000284,C000005,2026-07-16 20:47:48,IMPS,Corporate Banking,CREDIT,3705.75,INR,,SUCCESS,REF462302537
TXN000004929,A00000641,C000039,2026-08-22 15:44:49,IMPS,UPI,DEBIT,4549.43,INR,,SUCCESS,REF205116195
TXN000004930,A00000562,C000217,2026-07-20 13:59:14,NEFT,ATM,DEBIT,1696.36,INR,,FAILED,REF271329782
TXN000004931,A00000550,C000105,2026-08-01 00:03:29,UPI,Mobile App,DEBIT,6074.16,INR,BookMyShow,SUCCESS,REF116435676
TXN000004932,A00000622,C000420,2026-07-23 03:41:45,CASH_DEPOSIT,Corporate Banking,DEBIT,6757.08,INR,,SUCCESS,REF180317156
TXN000004933,A00000481,C000057,2026-07-16 04:16:14,POS,ATM,DEBIT,6511.46,INR,IRCTC,SUCCESS,REF476116871
TXN000004934,A00000209,C000103,2026-08-04 14:10:23,RTGS,Branch,DEBIT,263280.88,INR,,SUCCESS,REF353048281
TXN000004935,A00000479,C000332,2026-07-12 13:23:27,CASH_WITHDRAWAL,Mobile App,CREDIT,11231.64,INR,,SUCCESS,REF248559955
TXN000004936,A00000037,C000310,2026-07-16 08:16:14,NEFT,Branch,DEBIT,3267.14,INR,,SUCCESS,REF300103693
TXN000004937,A00000345,C000328,2026-08-21 15:08:08,CASH_DEPOSIT,Internet Banking,CREDIT,5775.07,INR,,SUCCESS,REF172101468
TXN000004938,A00000196,C000383,2026-07-06 21:39:27,RTGS,ATM,DEBIT,95178.98,INR,,SUCCESS,REF679159974
TXN000004939,A00000309,C000414,2026-08-11 15:44:29,IMPS,Mobile App,DEBIT,1453.11,INR,,SUCCESS,REF327919593
TXN000004940,A00000019,C000285,2026-08-11 23:46:48,UPI,Internet Banking,DEBIT,9968.25,INR,Reliance Digital,SUCCESS,REF981499400
TXN000004941,A00000391,C000228,2026-08-22 13:48:17,POS,ATM,CREDIT,2000.05,INR,Swiggy,SUCCESS,REF428695958
TXN000004942,A00000429,C000162,2026-07-20 11:49:34,RTGS,Mobile App,DEBIT,386099.98,INR,,SUCCESS,REF786026698
TXN000004943,A00000139,C000284,2026-07-14 11:14:34,RTGS,UPI,DEBIT,196310.11,INR,,SUCCESS,REF984622863
TXN000004944,A00000610,C000155,2026-08-15 09:18:29,CASH_WITHDRAWAL,UPI,CREDIT,11578.46,INR,,SUCCESS,REF570434174
TXN000004945,A00000468,C000490,2026-08-11 08:03:13,POS,Internet Banking,DEBIT,5520.32,INR,Zomato,SUCCESS,REF632788826
TXN000004946,A00000001,C000098,2026-08-31 15:46:22,CASH_DEPOSIT,Internet Banking,DEBIT,2977.29,INR,,SUCCESS,REF843110448
TXN000004947,A00000079,C000172,2026-07-10 11:13:12,POS,Internet Banking,CREDIT,2844.85,INR,Croma,SUCCESS,REF585917385
TXN000004948,A00000343,C000466,2026-07-13 05:09:38,UPI,ATM,DEBIT,1115.16,INR,BigBasket,SUCCESS,REF713238865
TXN000004949,A00000118,C000214,2026-07-23 04:33:52,ATM_WITHDRAWAL,ATM,CREDIT,822.06,INR,,SUCCESS,REF543897803
TXN000004950,A00000305,C000500,2026-07-10 02:41:57,IMPS,Mobile App,CREDIT,4671.37,INR,,FAILED,REF380783695
TXN000004951,A00000321,C000152,2026-08-02 23:35:18,ATM_WITHDRAWAL,ATM,CREDIT,9985.74,INR,,SUCCESS,REF428326325
TXN000004952,A00000400,C000480,2026-07-25 21:41:40,CASH_WITHDRAWAL,UPI,CREDIT,18576.44,INR,,SUCCESS,REF105117930
TXN000004953,A00000092,C000378,2026-08-09 20:25:23,RTGS,Corporate Banking,DEBIT,109666.17,INR,,SUCCESS,REF991057026
TXN000004954,A00000464,C000301,2026-08-30 15:11:01,UPI,Corporate Banking,CREDIT,1751.61,INR,Zomato,SUCCESS,REF513183821
TXN000004955,A00000073,C000338,2026-07-07 19:39:47,ATM_WITHDRAWAL,Internet Banking,DEBIT,6020.76,INR,,SUCCESS,REF593556445
TXN000004956,A00000364,C000094,2026-07-27 01:30:54,CASH_DEPOSIT,Mobile App,DEBIT,9511.27,INR,,SUCCESS,REF450340859
TXN000004957,A00000154,C000339,2026-07-27 18:45:59,CASH_DEPOSIT,Mobile App,DEBIT,341.03,INR,,FAILED,REF592224191
TXN000004958,A00000580,C000338,2026-07-05 11:10:19,POS,Branch,DEBIT,7121.4,INR,Uber,SUCCESS,REF821999293
TXN000004959,A00000378,C000338,2026-07-13 05:45:12,IMPS,Corporate Banking,DEBIT,6225.45,INR,,FAILED,REF585111844
TXN000004960,A00000541,C000045,2026-08-02 12:11:47,UPI,Branch,CREDIT,9115.45,INR,Amazon,SUCCESS,REF973978266
TXN000004961,A00000228,C000225,2026-08-17 02:35:31,ATM_WITHDRAWAL,Branch,DEBIT,19136.31,INR,,SUCCESS,REF603318860
TXN000004962,A00000218,C000133,2026-08-11 05:03:35,UPI,Mobile App,DEBIT,8322.61,INR,Airtel,SUCCESS,REF981344300
TXN000004963,A00000100,C000460,2026-07-10 01:16:52,IMPS,ATM,DEBIT,5945.77,INR,,SUCCESS,REF149080440
TXN000004964,A00000210,C000416,2026-07-15 08:10:00,RTGS,UPI,DEBIT,299052.1,INR,,SUCCESS,REF850266298
TXN000004965,A00000123,C000392,2026-08-07 18:05:59,RTGS,Corporate Banking,CREDIT,496346.42,INR,,FAILED,REF361613178
TXN000004966,A00000555,C000040,2026-07-30 14:12:00,CASH_WITHDRAWAL,ATM,DEBIT,9060.59,INR,,SUCCESS,REF108256112
TXN000004967,A00000565,C000184,2026-07-25 14:51:30,ATM_WITHDRAWAL,Internet Banking,DEBIT,12066.55,INR,,SUCCESS,REF836907697
TXN000004968,A00000267,C000480,2026-07-18 07:12:26,CASH_DEPOSIT,Branch,CREDIT,3421.14,INR,,SUCCESS,REF124935394
TXN000004969,A00000392,C000338,2026-08-13 20:16:58,NEFT,Corporate Banking,DEBIT,3128.78,INR,,SUCCESS,REF759712068
TXN000004970,A00000642,C000358,2026-08-14 15:59:06,NEFT,Mobile App,DEBIT,5896.69,INR,,SUCCESS,REF733688204
TXN000004971,A00000527,C000110,2026-07-01 00:10:17,NEFT,UPI,DEBIT,676.37,INR,,SUCCESS,REF794581649
TXN000004972,A00000224,C000434,2026-08-27 03:03:52,NEFT,UPI,DEBIT,9996.8,INR,,SUCCESS,REF181027057
TXN000004973,A00000649,C000060,2026-07-13 00:46:11,CASH_WITHDRAWAL,Corporate Banking,DEBIT,5359.08,INR,,REVERSED,REF588092694
TXN000004974,A00000287,C000203,2026-07-19 10:17:56,POS,Mobile App,DEBIT,575.33,INR,BookMyShow,SUCCESS,REF734148391
TXN000004975,A00000171,C000204,2026-08-03 10:13:47,UPI,Corporate Banking,DEBIT,1463.73,INR,Zomato,SUCCESS,REF539545851
TXN000004976,A00000089,C000485,2026-08-13 14:52:19,CASH_DEPOSIT,Mobile App,DEBIT,5939.43,INR,,SUCCESS,REF657943512
TXN000004977,A00000539,C000268,2026-07-08 23:50:23,POS,Corporate Banking,CREDIT,9818.39,INR,Reliance Digital,SUCCESS,REF643244881
TXN000004978,A00000107,C000461,2026-08-17 11:39:20,RTGS,ATM,DEBIT,490518.88,INR,,SUCCESS,REF360810781
TXN000004979,A00000488,C000220,2026-07-12 15:05:15,CASH_DEPOSIT,Corporate Banking,DEBIT,9275.64,INR,,SUCCESS,REF231183653
TXN000004980,A00000335,C000088,2026-08-26 19:26:40,IMPS,Mobile App,DEBIT,3633.24,INR,,SUCCESS,REF563468410
TXN000004981,A00000240,C000386,2026-07-05 04:19:07,POS,ATM,DEBIT,4956.03,INR,DMart,SUCCESS,REF540816248
TXN000004982,A00000513,C000041,2026-07-13 06:12:41,ATM_WITHDRAWAL,Corporate Banking,DEBIT,2574.6,INR,,SUCCESS,REF207873191
TXN000004983,A00000061,C000495,2026-08-11 03:40:38,IMPS,Internet Banking,DEBIT,8328.89,INR,,SUCCESS,REF205703320
TXN000004984,A00000565,C000184,2026-08-28 04:23:45,POS,Branch,DEBIT,5280.23,INR,Apollo Pharmacy,SUCCESS,REF241351166
TXN000004985,A00000196,C000383,2026-07-22 23:04:39,POS,UPI,CREDIT,2537.33,INR,Croma,SUCCESS,REF735852235
TXN000004986,A00000016,C000318,2026-08-31 01:45:04,NEFT,UPI,DEBIT,7856.68,INR,,SUCCESS,REF844371362
TXN000004987,A00000249,C000431,2026-08-21 02:58:12,POS,ATM,CREDIT,4316.55,INR,Uber,SUCCESS,REF253394384
TXN000004988,A00000464,C000301,2026-08-07 06:33:22,NEFT,ATM,DEBIT,4000.58,INR,,SUCCESS,REF650383071
TXN000004989,A00000471,C000133,2026-08-24 22:24:59,NEFT,Mobile App,DEBIT,5475.55,INR,,SUCCESS,REF818863506
TXN000004990,A00000455,C000443,2026-07-06 00:27:34,UPI,Corporate Banking,DEBIT,3513.45,INR,MakeMyTrip,SUCCESS,REF101798027
TXN000004991,A00000643,C000134,2026-08-03 05:59:35,UPI,Branch,DEBIT,1888.34,INR,Zomato,SUCCESS,REF848661503
TXN000004992,A00000306,C000355,2026-08-26 03:21:45,IMPS,Corporate Banking,DEBIT,3144.9,INR,,SUCCESS,REF122451267
TXN000004993,A00000281,C000169,2026-08-04 22:49:13,ATM_WITHDRAWAL,UPI,DEBIT,11558.16,INR,,SUCCESS,REF451807607
TXN000004994,A00000577,C000299,2026-08-07 00:34:17,CASH_DEPOSIT,Branch,DEBIT,2249.6,INR,,SUCCESS,REF550750190
TXN000004995,A00000539,C000268,2026-07-04 09:24:18,RTGS,Branch,DEBIT,211865.84,INR,,SUCCESS,REF193039071
TXN000004996,A00000203,C000429,2026-07-29 14:09:38,UPI,ATM,DEBIT,2184.04,INR,MakeMyTrip,SUCCESS,REF854670096
TXN000004997,A00000109,C000012,2026-07-26 20:15:23,CASH_DEPOSIT,Corporate Banking,DEBIT,6868.52,INR,,SUCCESS,REF433727036
TXN000004998,A00000552,C000372,2026-07-02 21:49:13,IMPS,UPI,CREDIT,7969.34,INR,,SUCCESS,REF432346568
TXN000004999,A00000536,C000357,2026-08-04 14:10:17,NEFT,UPI,CREDIT,5143.29,INR,,SUCCESS,REF343013862
TXN000005000,A00000288,C000345,2026-07-24 16:01:02,ATM_WITHDRAWAL,Mobile App,DEBIT,1587.17,INR,,SUCCESS,REF595216882
